Customer_ID,Customer_Name,Customer_Segment,Industry,Region_ID,Customer_Since
1,Crestline Solutions Co.,SMB,Retail,18,2019-10-11
2,Everest Manufacturing Inc.,SMB,Manufacturing,11,2024-08-17
3,Vertex Foods Co.,Mid-Market,Retail,27,2023-06-03
4,Insight Financial Corp.,Mid-Market,Finance,26,2024-04-16
5,Redwood Systems Ltd.,Mid-Market,Education,15,2025-05-02
6,Northwind Systems LLC,Mid-Market,Professional Services,22,2020-08-01
7,Beacon Ventures Ltd.,Enterprise,Education,6,2021-07-19
8,Meridian Group Co.,Mid-Market,Professional Services,30,2024-07-18
9,Crestline Enterprises Corp.,Mid-Market,Technology,7,2020-10-25
10,Palisade Industries LLC,SMB,Retail,27,2022-07-17
11,Anchor Industries Inc.,Mid-Market,Professional Services,26,2022-02-07
12,Union Logistics Co.,SMB,Manufacturing,6,2023-03-02
13,Orbit Ventures Co.,SMB,Professional Services,1,2025-11-30
14,Northwind Retail Ltd.,Mid-Market,Finance,23,2019-09-23
15,Meridian Enterprises Inc.,SMB,Professional Services,27,2022-05-23
16,Falcon Consulting Co.,SMB,Professional Services,22,2025-09-17
17,Bluepeak Retail Corp.,Mid-Market,Retail,2,2021-06-08
18,Insight Networks LLC,Mid-Market,Retail,20,2024-03-07
19,Nova Holdings LLC,SMB,Manufacturing,12,2025-07-03
20,Nova Foods Co.,Enterprise,Finance,28,2020-09-06
21,Northwind Systems Ltd.,Mid-Market,Manufacturing,25,2019-07-28
22,Global Group Corp.,Enterprise,Professional Services,24,2019-07-13
23,Falcon Solutions Ltd.,SMB,Technology,13,2019-07-06
24,Bluepeak Consulting Co.,SMB,Healthcare,10,2021-06-14
25,Pioneer Group Ltd.,SMB,Manufacturing,25,2019-11-19
26,Union Partners LLC,SMB,Finance,4,2021-11-01
27,Harbor Ventures Inc.,Mid-Market,Retail,4,2024-04-11
28,Insight Group Inc.,SMB,Finance,2,2021-02-01
29,Pioneer Dynamics LLC,Enterprise,Retail,16,2022-05-10
30,Catalyst Enterprises Ltd.,Enterprise,Technology,3,2019-11-22
31,Bluepeak Solutions Inc.,SMB,Finance,18,2023-11-20
32,Everest Health Inc.,Mid-Market,Retail,6,2021-03-22
33,Union Financial Co.,SMB,Manufacturing,27,2019-12-12
34,Anchor Analytics Corp.,SMB,Retail,13,2025-09-06
35,Everest Solutions Inc.,SMB,Retail,3,2024-05-21
36,Falcon Enterprises Co.,SMB,Finance,21,2023-07-26
37,Nova Dynamics Co.,SMB,Finance,11,2024-01-22
38,Anchor Technologies Corp.,Mid-Market,Professional Services,8,2021-12-23
39,Nova Retail Inc.,Enterprise,Professional Services,20,2021-02-01
40,Harbor Networks Ltd.,Mid-Market,Technology,29,2022-07-01
41,Union Ventures Co.,Mid-Market,Retail,30,2024-10-10
42,Vertex Ventures Co.,Mid-Market,Manufacturing,14,2025-09-29
43,Crestline Partners Corp.,SMB,Technology,26,2023-03-28
44,Falcon Partners Co.,Mid-Market,Retail,7,2021-08-19
45,Sterling Financial Co.,Enterprise,Technology,26,2024-01-10
46,Horizon Foods Inc.,Mid-Market,Finance,29,2023-11-17
47,Delta Logistics Ltd.,Mid-Market,Retail,16,2020-09-24
48,Anchor Logistics Ltd.,SMB,Education,16,2022-01-18
49,Apex Systems Ltd.,SMB,Finance,17,2019-12-09
50,Crestline Holdings Corp.,SMB,Education,3,2021-10-25
51,Everest Systems Ltd.,SMB,Education,26,2024-05-03
52,Bluepeak Foods Corp.,Mid-Market,Manufacturing,23,2021-03-13
53,Summit Health LLC,SMB,Healthcare,27,2023-06-07
54,Union Technologies Corp.,Mid-Market,Retail,4,2021-04-17
55,Falcon Group Co.,Enterprise,Technology,25,2020-01-11
56,Ironclad Dynamics Co.,Enterprise,Professional Services,11,2024-03-09
57,Insight Foods Ltd.,SMB,Finance,25,2023-02-15
58,Pioneer Networks LLC,Mid-Market,Education,30,2024-10-10
59,Palisade Systems LLC,Mid-Market,Education,27,2023-10-02
60,Sterling Manufacturing LLC,SMB,Manufacturing,28,2024-09-19
61,Insight Solutions LLC,Mid-Market,Professional Services,4,2020-02-01
62,Redwood Consulting Co.,SMB,Education,10,2023-04-20
63,Delta Retail Corp.,Mid-Market,Professional Services,9,2021-07-28
64,Nova Industries LLC,Mid-Market,Technology,16,2024-03-23
65,Summit Financial Co.,Mid-Market,Manufacturing,30,2023-01-22
66,Anchor Ventures LLC,SMB,Professional Services,21,2019-05-19
67,Global Industries Ltd.,Mid-Market,Education,17,2022-09-25
68,Falcon Holdings Ltd.,Enterprise,Manufacturing,25,2024-03-17
69,Global Technologies LLC,Enterprise,Technology,6,2020-11-02
70,Palisade Retail Co.,SMB,Healthcare,20,2023-07-31
71,Orbit Analytics Ltd.,SMB,Retail,16,2024-11-19
72,Sterling Dynamics Co.,SMB,Retail,7,2019-06-16
73,Union Logistics Inc.,Mid-Market,Professional Services,20,2023-01-17
74,Orbit Partners LLC,SMB,Technology,26,2025-03-18
75,Silverline Networks LLC,SMB,Finance,25,2019-11-20
76,Redwood Consulting Ltd.,SMB,Healthcare,26,2020-11-19
77,Palisade Technologies Co.,Mid-Market,Professional Services,25,2023-05-19
78,Anchor Materials Inc.,Mid-Market,Healthcare,15,2023-02-04
79,Orbit Health Inc.,Enterprise,Healthcare,2,2024-07-20
80,Bluepeak Financial Ltd.,SMB,Finance,29,2023-05-27
81,Summit Technologies LLC,Mid-Market,Technology,14,2023-01-11
82,Catalyst Networks Ltd.,Mid-Market,Retail,19,2022-02-28
83,Horizon Group Inc.,Mid-Market,Manufacturing,1,2019-07-20
84,Orbit Consulting Corp.,SMB,Manufacturing,27,2023-02-19
85,Insight Partners Inc.,Mid-Market,Professional Services,27,2020-02-05
86,Catalyst Dynamics Co.,SMB,Manufacturing,28,2025-12-20
87,Bluepeak Solutions Inc. 1,SMB,Finance,6,2019-07-20
88,Silverline Manufacturing Inc.,SMB,Finance,26,2019-07-13
89,Northwind Logistics Inc.,Mid-Market,Education,19,2024-07-05
90,Union Manufacturing LLC,SMB,Manufacturing,5,2019-09-16
91,Nova Partners Corp.,SMB,Healthcare,18,2021-11-01
92,Harbor Materials Ltd.,SMB,Retail,15,2025-06-28
93,Insight Consulting Co.,Enterprise,Education,19,2024-07-06
94,Crestline Technologies Co.,Mid-Market,Healthcare,3,2020-08-18
95,Horizon Dynamics Inc.,Enterprise,Manufacturing,17,2020-10-03
96,Ironclad Ventures Corp.,Mid-Market,Manufacturing,21,2023-02-22
97,Sterling Solutions Co.,Mid-Market,Healthcare,22,2022-05-28
98,Sterling Dynamics Inc.,Enterprise,Technology,24,2019-10-26
99,Summit Retail Ltd.,Enterprise,Education,19,2020-02-10
100,Anchor Networks Corp.,SMB,Retail,22,2024-08-14
101,Summit Logistics Inc.,Mid-Market,Retail,3,2021-05-31
102,Bluepeak Ventures Inc.,SMB,Finance,24,2024-08-04
103,Anchor Partners LLC,SMB,Manufacturing,12,2020-04-30
104,Falcon Foods Inc.,Mid-Market,Professional Services,17,2023-03-13
105,Sterling Systems Inc.,SMB,Healthcare,17,2022-07-15
106,Nova Enterprises Corp.,Enterprise,Retail,30,2021-04-14
107,Palisade Manufacturing Ltd.,SMB,Technology,10,2023-04-05
108,Summit Holdings Corp.,Mid-Market,Technology,12,2019-11-15
109,Horizon Materials Ltd.,SMB,Professional Services,23,2024-12-29
110,Pioneer Industries Inc.,Enterprise,Technology,20,2024-03-15
111,Insight Ventures LLC,Mid-Market,Retail,10,2021-01-03
112,Cascade Consulting Ltd.,Mid-Market,Manufacturing,11,2023-01-22
113,Ironclad Materials Inc.,SMB,Education,25,2025-04-24
114,Catalyst Holdings Corp.,SMB,Manufacturing,26,2021-12-15
115,Insight Technologies Inc.,Mid-Market,Retail,5,2021-07-17
116,Insight Manufacturing Corp.,Mid-Market,Professional Services,12,2024-08-04
117,Nova Financial Ltd.,Mid-Market,Education,24,2019-01-04
118,Cascade Materials Co.,SMB,Education,4,2023-10-21
119,Meridian Holdings Inc.,Mid-Market,Healthcare,6,2020-07-05
120,Catalyst Networks Corp.,Enterprise,Healthcare,5,2023-11-10
121,Bluepeak Group Corp.,SMB,Manufacturing,16,2022-01-24
122,Horizon Materials Inc.,SMB,Retail,14,2019-02-21
123,Beacon Logistics Ltd.,Enterprise,Retail,10,2025-02-12
124,Silverline Networks Inc.,SMB,Education,5,2022-10-28
125,Beacon Systems Ltd.,Enterprise,Technology,20,2021-03-12
126,Cascade Consulting LLC,SMB,Healthcare,25,2023-12-03
127,Silverline Networks Inc. 1,Mid-Market,Healthcare,7,2022-06-21
128,Global Systems Inc.,SMB,Manufacturing,20,2019-03-31
129,Global Technologies Corp.,SMB,Retail,24,2023-07-21
130,Global Analytics LLC,SMB,Technology,17,2025-10-14
131,Vertex Analytics Corp.,Enterprise,Professional Services,18,2020-07-21
132,Bluepeak Enterprises Co.,SMB,Finance,6,2025-01-14
133,Summit Materials Co.,Mid-Market,Retail,29,2023-05-07
134,Nova Analytics Ltd.,Enterprise,Education,29,2019-07-19
135,Everest Consulting Corp.,SMB,Technology,22,2024-02-09
136,Everest Holdings Inc.,Mid-Market,Professional Services,28,2022-02-02
137,Crestline Networks Corp.,SMB,Professional Services,19,2024-07-21
138,Harbor Foods Inc.,SMB,Professional Services,20,2023-06-13
139,Pioneer Partners Inc.,Mid-Market,Technology,25,2019-01-08
140,Global Ventures LLC,SMB,Finance,2,2019-11-19
141,Bluepeak Foods Ltd.,Mid-Market,Healthcare,7,2021-06-19
142,Prime Logistics Ltd.,SMB,Manufacturing,7,2022-05-16
143,Apex Logistics Ltd.,Mid-Market,Professional Services,19,2025-07-10
144,Everest Technologies LLC,SMB,Education,8,2024-10-01
145,Insight Enterprises Ltd.,Mid-Market,Education,12,2024-08-10
146,Crestline Systems Co.,Enterprise,Finance,15,2022-10-11
147,Northwind Solutions Ltd.,Mid-Market,Professional Services,23,2019-08-26
148,Anchor Logistics Ltd. 1,SMB,Professional Services,16,2024-03-21
149,Granite Holdings Co.,SMB,Education,1,2019-08-10
150,Crestline Partners Ltd.,SMB,Education,21,2019-08-22
151,Palisade Dynamics Co.,SMB,Retail,13,2020-10-13
152,Global Enterprises LLC,SMB,Technology,4,2025-06-16
153,Ironclad Ventures LLC,SMB,Healthcare,20,2024-03-31
154,Insight Networks Inc.,Mid-Market,Education,9,2019-07-15
155,Silverline Foods Inc.,SMB,Finance,14,2025-06-06
156,Sterling Enterprises Corp.,SMB,Healthcare,30,2024-06-25
157,Palisade Financial Co.,Mid-Market,Professional Services,8,2023-03-23
158,Union Financial LLC,Enterprise,Manufacturing,27,2019-11-21
159,Palisade Networks Ltd.,SMB,Professional Services,14,2021-03-29
160,Falcon Materials Inc.,Mid-Market,Healthcare,28,2021-02-07
161,Global Enterprises Co.,SMB,Finance,26,2023-06-24
162,Falcon Retail Corp.,Mid-Market,Finance,25,2023-02-11
163,Granite Materials Corp.,Enterprise,Finance,7,2020-12-09
164,Granite Partners LLC,SMB,Manufacturing,24,2021-03-06
165,Cascade Partners Co.,Mid-Market,Finance,12,2022-08-18
166,Brightpath Retail Corp.,Mid-Market,Education,28,2024-11-30
167,Bluepeak Logistics Inc.,SMB,Finance,30,2019-11-19
168,Everest Ventures Corp.,SMB,Manufacturing,19,2024-01-29
169,Meridian Ventures Corp.,Mid-Market,Professional Services,28,2025-12-19
170,Northwind Technologies Ltd.,Mid-Market,Manufacturing,16,2024-03-31
171,Palisade Holdings Corp.,SMB,Technology,2,2022-02-02
172,Summit Health LLC 1,SMB,Technology,27,2024-02-14
173,Cascade Group Inc.,SMB,Manufacturing,16,2025-01-08
174,Horizon Retail Co.,Enterprise,Retail,2,2024-05-18
175,Cascade Dynamics Inc.,Enterprise,Professional Services,2,2019-02-02
176,Orbit Foods LLC,Mid-Market,Technology,22,2019-12-03
177,Summit Manufacturing Inc.,Enterprise,Manufacturing,28,2019-10-01
178,Everest Industries LLC,SMB,Finance,21,2019-03-23
179,Meridian Group Inc.,Enterprise,Manufacturing,14,2024-01-01
180,Bluepeak Financial LLC,SMB,Manufacturing,10,2020-11-14
181,Nova Holdings Co.,SMB,Finance,13,2024-01-20
182,Insight Holdings LLC,SMB,Technology,10,2023-08-30
183,Everest Solutions Co.,Mid-Market,Technology,9,2022-08-31
184,Silverline Consulting Ltd.,SMB,Manufacturing,4,2019-06-02
185,Bluepeak Foods Co.,SMB,Healthcare,18,2021-02-19
186,Silverline Health Ltd.,SMB,Finance,7,2019-03-11
187,Harbor Retail Co.,Enterprise,Technology,5,2025-05-15
188,Horizon Retail Corp.,Enterprise,Technology,9,2021-02-27
189,Palisade Health Co.,SMB,Technology,24,2019-08-31
190,Granite Manufacturing Inc.,Mid-Market,Finance,18,2019-01-07
191,Beacon Foods Co.,Mid-Market,Healthcare,15,2023-04-13
192,Falcon Consulting Inc.,Mid-Market,Healthcare,18,2023-05-07
193,Harbor Solutions Inc.,SMB,Finance,17,2025-12-18
194,Summit Systems Ltd.,SMB,Finance,15,2021-01-07
195,Prime Industries LLC,Mid-Market,Technology,26,2019-04-29
196,Nova Partners Inc.,SMB,Technology,22,2024-06-15
197,Brightpath Enterprises Co.,Enterprise,Professional Services,6,2021-02-17
198,Meridian Consulting Corp.,SMB,Retail,25,2021-04-25
199,Summit Logistics Corp.,SMB,Technology,6,2025-05-09
200,Ironclad Dynamics LLC,Enterprise,Healthcare,3,2023-01-10
201,Pioneer Analytics Ltd.,Enterprise,Finance,13,2021-10-20
202,Meridian Retail LLC,Mid-Market,Professional Services,12,2025-08-26
203,Bluepeak Holdings Corp.,SMB,Professional Services,24,2020-11-09
204,Falcon Group Inc.,SMB,Education,21,2019-02-24
205,Palisade Health LLC,SMB,Technology,2,2020-08-13
206,Union Financial Inc.,SMB,Manufacturing,15,2019-04-23
207,Delta Partners LLC,Mid-Market,Manufacturing,24,2021-11-08
208,Vertex Logistics LLC,SMB,Retail,22,2024-10-25
209,Prime Manufacturing Ltd.,Enterprise,Education,16,2025-10-28
210,Beacon Consulting Co.,Enterprise,Finance,19,2023-11-26
211,Beacon Retail Corp.,SMB,Manufacturing,17,2025-06-25
212,Global Solutions Co.,SMB,Healthcare,7,2021-11-10
213,Horizon Logistics LLC,Mid-Market,Healthcare,17,2021-02-12
214,Horizon Holdings Corp.,SMB,Finance,21,2020-01-30
215,Global Materials Ltd.,SMB,Education,2,2022-07-04
216,Sterling Manufacturing Inc.,SMB,Manufacturing,21,2021-04-15
217,Summit Analytics Corp.,SMB,Retail,8,2019-10-02
218,Everest Health Co.,Mid-Market,Retail,1,2025-07-09
219,Brightpath Materials Corp.,Mid-Market,Finance,23,2019-11-13
220,Beacon Retail Co.,Mid-Market,Professional Services,12,2024-03-05
221,Silverline Foods Ltd.,SMB,Technology,13,2019-06-23
222,Insight Consulting Inc.,SMB,Professional Services,19,2022-09-09
223,Crestline Dynamics Corp.,Mid-Market,Technology,17,2023-09-21
224,Ironclad Partners LLC,Mid-Market,Finance,19,2020-08-22
225,Global Dynamics Co.,Mid-Market,Education,29,2019-07-13
226,Delta Consulting LLC,SMB,Retail,20,2023-02-25
227,Brightpath Foods Corp.,SMB,Finance,2,2023-03-22
228,Vertex Dynamics Ltd.,Enterprise,Professional Services,7,2021-03-08
229,Delta Manufacturing Co.,Enterprise,Technology,14,2021-08-19
230,Insight Networks Corp.,SMB,Retail,15,2019-04-27
231,Apex Consulting Co.,Enterprise,Manufacturing,11,2021-01-26
232,Everest Foods Inc.,SMB,Healthcare,6,2025-03-05
233,Beacon Networks Co.,Mid-Market,Professional Services,4,2020-03-13
234,Bluepeak Dynamics LLC,Enterprise,Education,5,2022-04-11
235,Sterling Holdings Ltd.,SMB,Technology,29,2023-09-26
236,Catalyst Enterprises Corp.,Mid-Market,Technology,12,2024-08-14
237,Silverline Enterprises Ltd.,Mid-Market,Technology,29,2019-07-27
238,Sterling Technologies Inc.,Mid-Market,Finance,11,2023-02-21
239,Summit Financial Corp.,Enterprise,Finance,10,2023-05-23
240,Granite Retail Inc.,Enterprise,Education,15,2020-05-19
241,Granite Group Corp.,Enterprise,Retail,29,2019-03-20
242,Horizon Health Corp.,Mid-Market,Technology,17,2024-11-28
243,Silverline Group LLC,Enterprise,Manufacturing,2,2022-01-29
244,Prime Networks Corp.,SMB,Education,9,2019-06-05
245,Cascade Solutions LLC,SMB,Professional Services,30,2021-08-21
246,Crestline Consulting Inc.,Mid-Market,Finance,5,2019-07-24
247,Everest Enterprises Inc.,Mid-Market,Technology,26,2021-01-03
248,Palisade Group LLC,SMB,Healthcare,28,2021-04-15
249,Everest Group Ltd.,SMB,Finance,7,2021-10-27
250,Catalyst Health Corp.,SMB,Manufacturing,17,2019-10-01
251,Anchor Ventures Inc.,Enterprise,Finance,18,2023-06-12
252,Nova Technologies Corp.,Mid-Market,Technology,24,2024-02-06
253,Delta Solutions Corp.,Mid-Market,Finance,24,2022-07-20
254,Catalyst Industries LLC,Mid-Market,Finance,2,2019-06-11
255,Pioneer Holdings Inc.,SMB,Manufacturing,10,2019-09-21
256,Apex Analytics LLC,Mid-Market,Technology,29,2025-08-11
257,Beacon Industries Inc.,Enterprise,Education,11,2020-04-29
258,Cascade Holdings LLC,Mid-Market,Finance,8,2021-02-24
259,Northwind Systems Corp.,SMB,Finance,19,2023-10-24
260,Cascade Consulting Co.,Enterprise,Professional Services,6,2024-07-16
261,Falcon Foods Co.,SMB,Education,5,2025-05-17
262,Bluepeak Logistics Ltd.,Enterprise,Technology,24,2021-10-07
263,Cascade Health LLC,SMB,Healthcare,4,2025-12-11
264,Cascade Ventures Co.,Enterprise,Technology,27,2019-09-23
265,Summit Materials Co. 1,SMB,Manufacturing,8,2024-10-13
266,Summit Partners LLC,SMB,Finance,4,2020-11-26
267,Meridian Retail Inc.,SMB,Finance,23,2025-07-23
268,Global Consulting Corp.,SMB,Manufacturing,6,2025-01-30
269,Beacon Industries Corp.,SMB,Manufacturing,11,2024-05-02
270,Meridian Industries Ltd.,SMB,Technology,11,2023-03-24
271,Redwood Retail Inc.,SMB,Technology,16,2020-07-02
272,Bluepeak Group Corp. 1,Enterprise,Education,15,2022-03-26
273,Beacon Enterprises LLC,SMB,Professional Services,6,2019-03-30
274,Meridian Materials Corp.,SMB,Education,8,2023-12-19
275,Summit Materials Inc.,SMB,Professional Services,6,2019-10-24
276,Silverline Systems Corp.,Mid-Market,Manufacturing,2,2020-10-22
277,Vertex Consulting Inc.,Mid-Market,Education,20,2020-09-18
278,Brightpath Health Co.,SMB,Professional Services,15,2024-07-06
279,Ironclad Partners Ltd.,Mid-Market,Professional Services,4,2021-10-21
280,Silverline Logistics Co.,Enterprise,Healthcare,10,2022-09-28
281,Cascade Group Ltd.,Mid-Market,Healthcare,21,2020-06-17
282,Brightpath Analytics Co.,Mid-Market,Finance,9,2021-05-03
283,Palisade Solutions LLC,Mid-Market,Manufacturing,13,2022-08-01
284,Falcon Logistics Inc.,Mid-Market,Professional Services,23,2020-05-11
285,Harbor Networks Co.,Mid-Market,Finance,21,2023-10-30
286,Apex Consulting Ltd.,Mid-Market,Education,22,2022-02-22
287,Sterling Enterprises Ltd.,Mid-Market,Professional Services,12,2025-11-19
288,Apex Financial LLC,SMB,Professional Services,15,2020-09-22
289,Meridian Financial LLC,Mid-Market,Healthcare,26,2021-10-09
290,Beacon Group Ltd.,SMB,Healthcare,27,2025-06-21
291,Ironclad Systems Corp.,SMB,Healthcare,2,2025-03-14
292,Delta Enterprises Inc.,Mid-Market,Education,26,2022-05-22
293,Granite Manufacturing LLC,Mid-Market,Retail,27,2019-11-12
294,Insight Materials LLC,SMB,Finance,29,2021-11-10
295,Palisade Logistics Co.,SMB,Technology,9,2023-02-10
296,Palisade Manufacturing LLC,SMB,Manufacturing,16,2020-10-11
297,Delta Systems Corp.,SMB,Education,2,2020-05-03
298,Horizon Materials Corp.,SMB,Manufacturing,4,2022-09-20
299,Northwind Partners Inc.,SMB,Healthcare,17,2020-03-25
300,Bluepeak Dynamics Corp.,Mid-Market,Retail,7,2025-02-13
301,Beacon Networks LLC,SMB,Retail,7,2019-07-09
302,Bluepeak Industries Co.,Mid-Market,Retail,9,2025-11-28
303,Nova Enterprises LLC,SMB,Professional Services,14,2022-10-06
304,Catalyst Dynamics LLC,SMB,Finance,5,2025-11-18
305,Beacon Holdings Corp.,Enterprise,Retail,25,2024-04-04
306,Brightpath Holdings LLC,SMB,Education,21,2020-01-26
307,Falcon Systems Corp.,Enterprise,Healthcare,24,2020-08-04
308,Catalyst Retail Ltd.,SMB,Healthcare,28,2019-10-01
309,Granite Group Co.,Enterprise,Technology,19,2024-02-07
310,Prime Retail Co.,SMB,Finance,11,2020-03-07
311,Pioneer Foods LLC,Enterprise,Technology,30,2024-01-01
312,Bluepeak Enterprises Ltd.,SMB,Education,17,2025-01-05
313,Delta Foods LLC,SMB,Technology,14,2021-11-18
314,Granite Holdings Co. 1,SMB,Retail,13,2023-08-17
315,Pioneer Technologies Inc.,SMB,Retail,2,2025-04-07
316,Everest Retail Co.,SMB,Professional Services,29,2024-04-08
317,Silverline Consulting LLC,SMB,Finance,25,2019-12-01
318,Delta Ventures Ltd.,Mid-Market,Finance,21,2021-01-17
319,Palisade Health Ltd.,SMB,Healthcare,7,2022-10-01
320,Summit Systems LLC,Enterprise,Manufacturing,28,2020-11-06
321,Silverline Technologies Co.,SMB,Healthcare,6,2022-07-17
322,Apex Financial LLC 1,Mid-Market,Technology,8,2025-09-01
323,Bluepeak Solutions Ltd.,SMB,Professional Services,3,2022-03-04
324,Beacon Networks Co. 1,SMB,Retail,9,2020-10-30
325,Palisade Systems Inc.,Mid-Market,Technology,10,2020-01-10
326,Anchor Partners Co.,SMB,Retail,24,2025-04-22
327,Sterling Technologies Co.,SMB,Finance,10,2020-08-10
328,Global Group LLC,SMB,Healthcare,29,2020-05-09
329,Brightpath Foods Co.,Mid-Market,Manufacturing,10,2022-11-09
330,Silverline Group Inc.,SMB,Education,16,2022-03-26
331,Redwood Foods Inc.,SMB,Technology,18,2021-09-12
332,Horizon Retail Ltd.,Enterprise,Finance,25,2023-01-19
333,Anchor Logistics Co.,Enterprise,Professional Services,23,2022-12-26
334,Union Logistics Inc. 1,Enterprise,Finance,27,2019-06-24
335,Meridian Partners Ltd.,SMB,Technology,29,2021-11-26
336,Summit Ventures Inc.,Mid-Market,Manufacturing,4,2024-01-17
337,Apex Foods Ltd.,SMB,Retail,3,2021-09-02
338,Bluepeak Retail Co.,SMB,Professional Services,14,2025-12-25
339,Ironclad Technologies Corp.,Mid-Market,Retail,5,2020-08-24
340,Insight Ventures Inc.,SMB,Technology,15,2022-06-22
341,Anchor Solutions LLC,SMB,Education,18,2023-09-19
342,Silverline Enterprises Corp.,Mid-Market,Education,9,2022-11-01
343,Crestline Industries Ltd.,Mid-Market,Retail,3,2019-04-10
344,Vertex Manufacturing Corp.,Mid-Market,Professional Services,29,2022-08-05
345,Nova Retail Corp.,Mid-Market,Education,12,2025-10-06
346,Apex Foods Ltd. 1,Enterprise,Healthcare,26,2021-11-05
347,Granite Analytics Co.,SMB,Finance,19,2019-10-24
348,Global Manufacturing Ltd.,Mid-Market,Manufacturing,20,2019-02-24
349,Everest Consulting Inc.,Mid-Market,Manufacturing,24,2021-11-19
350,Brightpath Industries Inc.,SMB,Retail,8,2020-04-18
351,Union Analytics LLC,SMB,Retail,7,2024-11-03
352,Harbor Ventures LLC,SMB,Technology,30,2025-08-30
353,Catalyst Solutions Ltd.,SMB,Manufacturing,21,2025-07-31
354,Nova Consulting Co.,Mid-Market,Technology,9,2021-08-15
355,Insight Dynamics Corp.,Mid-Market,Manufacturing,20,2021-03-16
356,Vertex Logistics Co.,SMB,Finance,12,2019-11-26
357,Brightpath Foods Corp. 1,SMB,Healthcare,26,2022-11-29
358,Sterling Partners Ltd.,SMB,Professional Services,16,2020-04-20
359,Prime Health Ltd.,Enterprise,Healthcare,10,2019-06-01
360,Union Networks LLC,SMB,Technology,21,2024-12-11
361,Sterling Logistics Ltd.,SMB,Finance,23,2024-08-03
362,Insight Systems Corp.,Enterprise,Education,12,2025-06-25
363,Granite Solutions Corp.,SMB,Technology,23,2021-04-16
364,Cascade Group LLC,SMB,Manufacturing,8,2025-02-03
365,Palisade Financial LLC,Enterprise,Finance,8,2021-10-15
366,Delta Group Co.,Mid-Market,Professional Services,25,2019-07-06
367,Global Dynamics Ltd.,SMB,Technology,19,2022-03-16
368,Palisade Retail Inc.,Mid-Market,Technology,2,2022-11-16
369,Granite Partners Corp.,Mid-Market,Manufacturing,21,2022-01-09
370,Pioneer Foods Ltd.,Mid-Market,Healthcare,10,2024-06-30
371,Beacon Solutions Ltd.,Mid-Market,Retail,9,2021-06-18
372,Summit Solutions Co.,SMB,Healthcare,13,2025-06-12
373,Meridian Systems Ltd.,SMB,Manufacturing,14,2019-07-09
374,Delta Solutions Inc.,Enterprise,Technology,27,2024-01-16
375,Insight Consulting Corp.,SMB,Retail,14,2025-07-02
376,Anchor Industries LLC,SMB,Manufacturing,9,2022-11-14
377,Anchor Consulting Inc.,Mid-Market,Technology,24,2025-02-23
378,Prime Manufacturing Co.,SMB,Healthcare,17,2023-11-04
379,Delta Holdings Inc.,Enterprise,Technology,1,2019-02-07
380,Sterling Systems LLC,SMB,Technology,19,2023-09-12
381,Harbor Technologies LLC,SMB,Retail,16,2023-08-06
382,Union Solutions Corp.,SMB,Finance,18,2019-01-01
383,Summit Logistics Ltd.,Enterprise,Education,6,2021-11-11
384,Redwood Health LLC,SMB,Healthcare,15,2019-04-10
385,Catalyst Networks Ltd. 1,Enterprise,Education,20,2021-01-18
386,Catalyst Consulting Inc.,Mid-Market,Retail,21,2025-11-26
387,Cascade Partners Co. 1,Enterprise,Retail,21,2025-07-31
388,Vertex Industries Co.,SMB,Education,30,2023-10-17
389,Falcon Holdings Corp.,Mid-Market,Retail,16,2021-07-26
390,Delta Enterprises Inc. 1,SMB,Education,13,2021-10-10
391,Falcon Retail Ltd.,SMB,Education,17,2019-04-08
392,Palisade Holdings Ltd.,Enterprise,Manufacturing,10,2021-05-14
393,Delta Financial Ltd.,Enterprise,Education,10,2024-06-27
394,Meridian Consulting LLC,Enterprise,Education,21,2022-08-20
395,Catalyst Dynamics Corp.,SMB,Education,10,2022-05-03
396,Silverline Consulting Corp.,SMB,Retail,23,2019-08-21
397,Catalyst Ventures Ltd.,Mid-Market,Technology,23,2025-06-06
398,Nova Ventures LLC,SMB,Manufacturing,29,2020-12-24
399,Crestline Retail Corp.,Enterprise,Technology,4,2021-09-05
400,Horizon Ventures Co.,SMB,Technology,11,2021-04-25
401,Meridian Systems Corp.,SMB,Finance,24,2021-04-20
402,Delta Dynamics Corp.,SMB,Manufacturing,13,2023-03-12
403,Pioneer Health Co.,SMB,Manufacturing,20,2023-05-22
404,Anchor Holdings Co.,SMB,Professional Services,23,2023-03-10
405,Delta Enterprises Corp.,Enterprise,Education,27,2019-06-25
406,Palisade Logistics LLC,Mid-Market,Finance,7,2025-10-14
407,Sterling Manufacturing Inc. 1,Enterprise,Finance,8,2023-12-30
408,Nova Retail Co.,SMB,Retail,15,2025-03-06
409,Union Logistics Corp.,SMB,Healthcare,16,2020-02-13
410,Horizon Systems Corp.,SMB,Professional Services,28,2025-07-10
411,Prime Holdings Co.,SMB,Education,2,2024-01-19
412,Everest Consulting LLC,Mid-Market,Retail,8,2022-07-03
413,Union Materials Inc.,SMB,Healthcare,28,2019-03-01
414,Insight Consulting Ltd.,Mid-Market,Retail,19,2020-10-09
415,Orbit Analytics Co.,Mid-Market,Education,21,2024-11-13
416,Bluepeak Holdings Inc.,SMB,Technology,8,2021-08-27
417,Insight Industries Co.,SMB,Healthcare,19,2023-09-30
418,Union Health Corp.,SMB,Manufacturing,12,2024-02-11
419,Everest Manufacturing Corp.,Enterprise,Finance,22,2024-06-05
420,Summit Analytics Co.,SMB,Retail,3,2021-09-04
421,Redwood Financial LLC,Enterprise,Finance,9,2025-05-14
422,Delta Technologies Ltd.,SMB,Professional Services,20,2021-01-16
423,Delta Retail Inc.,SMB,Finance,19,2024-11-06
424,Anchor Dynamics Ltd.,Mid-Market,Finance,26,2021-12-21
425,Nova Consulting Inc.,Enterprise,Technology,25,2020-08-21
426,Ironclad Dynamics Inc.,Mid-Market,Healthcare,1,2021-05-27
427,Pioneer Technologies LLC,SMB,Healthcare,3,2024-08-05
428,Delta Retail LLC,Mid-Market,Education,11,2023-04-21
429,Union Partners Ltd.,SMB,Finance,29,2019-12-16
430,Vertex Systems Co.,SMB,Healthcare,15,2019-11-13
431,Anchor Technologies Co.,SMB,Finance,27,2023-10-23
432,Anchor Financial Ltd.,Enterprise,Manufacturing,2,2020-09-04
433,Summit Foods Inc.,SMB,Education,29,2020-06-17
434,Apex Ventures Ltd.,Mid-Market,Professional Services,2,2024-03-30
435,Horizon Materials Corp. 1,SMB,Technology,25,2021-04-04
436,Apex Consulting Corp.,SMB,Education,27,2019-06-24
437,Ironclad Health Corp.,SMB,Finance,9,2021-12-21
438,Falcon Industries Co.,SMB,Education,10,2022-12-25
439,Summit Industries LLC,Enterprise,Technology,18,2023-03-18
440,Union Ventures Co. 1,SMB,Retail,22,2019-05-30
441,Meridian Financial Corp.,Mid-Market,Professional Services,4,2022-03-05
442,Everest Manufacturing Ltd.,Mid-Market,Technology,8,2021-07-08
443,Silverline Financial Co.,Enterprise,Education,23,2022-02-21
444,Palisade Networks Co.,Enterprise,Technology,25,2019-04-17
445,Granite Ventures Corp.,Mid-Market,Professional Services,5,2021-01-25
446,Nova Logistics LLC,Mid-Market,Education,27,2023-07-03
447,Northwind Retail Inc.,Mid-Market,Professional Services,27,2019-11-18
448,Crestline Consulting LLC,SMB,Professional Services,27,2025-09-17
449,Vertex Networks Ltd.,SMB,Finance,8,2025-12-15
450,Sterling Holdings Ltd. 1,Mid-Market,Finance,21,2021-07-10
451,Global Partners Inc.,Mid-Market,Retail,5,2023-10-07
452,Cascade Industries Corp.,Mid-Market,Healthcare,6,2023-06-12
453,Pioneer Technologies Co.,SMB,Finance,3,2020-03-03
454,Union Logistics Co. 1,Mid-Market,Technology,15,2021-09-19
455,Beacon Systems Co.,Enterprise,Professional Services,22,2025-11-11
456,Silverline Enterprises Co.,Mid-Market,Healthcare,6,2019-11-23
457,Orbit Systems Inc.,Mid-Market,Finance,6,2023-01-10
458,Orbit Technologies Ltd.,Mid-Market,Manufacturing,9,2023-03-12
459,Vertex Ventures Corp.,SMB,Finance,6,2020-03-04
460,Cascade Systems Corp.,SMB,Education,25,2022-09-30
461,Granite Partners Ltd.,SMB,Professional Services,6,2025-06-03
462,Summit Technologies Co.,SMB,Retail,9,2019-10-23
463,Catalyst Industries Corp.,SMB,Education,10,2020-04-29
464,Nova Holdings Ltd.,Mid-Market,Technology,7,2020-10-15
465,Pioneer Solutions Corp.,SMB,Professional Services,29,2024-04-03
466,Crestline Industries Ltd. 1,SMB,Technology,7,2023-01-15
467,Crestline Ventures Co.,Mid-Market,Technology,15,2022-07-11
468,Northwind Solutions Co.,SMB,Technology,17,2024-07-17
469,Everest Health LLC,Mid-Market,Healthcare,8,2025-11-05
470,Granite Enterprises Co.,SMB,Education,15,2020-05-15
471,Palisade Networks Corp.,SMB,Finance,6,2024-09-06
472,Nova Retail Corp. 1,SMB,Education,15,2021-08-03
473,Harbor Materials Inc.,SMB,Finance,1,2020-01-09
474,Everest Networks Corp.,SMB,Technology,14,2020-10-17
475,Apex Financial LLC 2,SMB,Manufacturing,11,2021-10-17
476,Cascade Logistics Inc.,SMB,Healthcare,11,2025-04-17
477,Catalyst Analytics Co.,Mid-Market,Finance,4,2022-05-07
478,Apex Financial Inc.,SMB,Manufacturing,30,2023-04-20
479,Apex Analytics Ltd.,Mid-Market,Education,1,2019-03-26
480,Union Manufacturing Ltd.,Enterprise,Retail,5,2019-06-13
481,Bluepeak Consulting Ltd.,Enterprise,Healthcare,4,2025-07-26
482,Orbit Ventures Co. 1,SMB,Education,30,2024-11-12
483,Beacon Financial Inc.,Enterprise,Retail,10,2022-06-05
484,Ironclad Analytics Inc.,Mid-Market,Healthcare,13,2020-05-27
485,Anchor Group Co.,Mid-Market,Education,23,2019-04-13
486,Pioneer Systems Inc.,Mid-Market,Education,2,2025-10-28
487,Global Materials LLC,Mid-Market,Retail,3,2019-01-15
488,Prime Enterprises Ltd.,SMB,Finance,6,2020-08-30
489,Horizon Networks Corp.,Enterprise,Finance,21,2023-10-15
490,Northwind Health LLC,SMB,Manufacturing,30,2025-07-25
491,Catalyst Technologies LLC,SMB,Healthcare,19,2019-10-27
492,Nova Systems Co.,Mid-Market,Finance,27,2024-06-01
493,Pioneer Analytics Corp.,Mid-Market,Technology,27,2021-04-27
494,Horizon Health Co.,SMB,Healthcare,9,2023-10-04
495,Northwind Foods Corp.,Enterprise,Education,6,2019-09-04
496,Vertex Retail Ltd.,Mid-Market,Technology,5,2025-01-19
497,Vertex Retail LLC,SMB,Manufacturing,24,2023-12-13
498,Brightpath Ventures Inc.,SMB,Manufacturing,21,2025-09-08
499,Pioneer Health Corp.,SMB,Technology,26,2022-07-08
500,Nova Partners Ltd.,Mid-Market,Education,16,2025-03-18
501,Everest Analytics Corp.,SMB,Professional Services,30,2022-10-13
502,Global Industries Co.,SMB,Retail,27,2022-08-03
503,Summit Logistics Ltd. 1,Mid-Market,Retail,25,2019-08-30
504,Apex Group Corp.,SMB,Healthcare,25,2024-09-12
505,Ironclad Health Corp. 1,Enterprise,Education,4,2021-11-19
506,Palisade Networks LLC,Mid-Market,Education,23,2023-03-14
507,Palisade Holdings Co.,SMB,Manufacturing,29,2023-07-22
508,Palisade Manufacturing Inc.,Mid-Market,Retail,9,2024-06-03
509,Summit Industries Inc.,Mid-Market,Professional Services,25,2023-01-10
510,Bluepeak Solutions Ltd. 1,SMB,Retail,11,2023-05-04
511,Sterling Networks Inc.,SMB,Healthcare,7,2022-08-24
512,Palisade Consulting Corp.,SMB,Finance,22,2023-04-19
513,Bluepeak Manufacturing Inc.,SMB,Healthcare,5,2022-02-09
514,Everest Industries Ltd.,SMB,Finance,15,2024-06-07
515,Everest Ventures Inc.,Enterprise,Professional Services,29,2024-09-02
516,Beacon Industries LLC,Mid-Market,Healthcare,5,2022-08-14
517,Catalyst Foods Corp.,Mid-Market,Professional Services,5,2020-01-10
518,Insight Systems LLC,Enterprise,Healthcare,29,2021-08-12
519,Catalyst Systems LLC,SMB,Manufacturing,24,2024-11-16
520,Brightpath Logistics Inc.,Mid-Market,Manufacturing,14,2025-06-01
521,Cascade Foods Inc.,Mid-Market,Technology,13,2020-11-13
522,Bluepeak Materials Inc.,Mid-Market,Healthcare,29,2025-08-02
523,Delta Consulting LLC 1,Mid-Market,Finance,22,2020-12-08
524,Crestline Technologies Inc.,SMB,Technology,28,2025-06-06
525,Union Financial Corp.,Enterprise,Education,3,2025-07-18
526,Redwood Systems Co.,Mid-Market,Manufacturing,16,2022-07-14
527,Cascade Partners Ltd.,Mid-Market,Education,22,2025-08-26
528,Orbit Materials LLC,Mid-Market,Professional Services,2,2022-11-04
529,Apex Consulting Corp. 1,SMB,Finance,16,2021-08-26
530,Anchor Materials Ltd.,Mid-Market,Education,2,2024-09-01
531,Apex Materials Co.,Enterprise,Technology,28,2019-10-05
532,Apex Health Corp.,Mid-Market,Manufacturing,21,2020-07-07
533,Prime Logistics Inc.,SMB,Retail,6,2020-06-29
534,Redwood Foods Co.,SMB,Manufacturing,16,2023-05-10
535,Crestline Technologies Corp.,SMB,Education,4,2023-12-17
536,Falcon Technologies Inc.,SMB,Professional Services,25,2024-11-10
537,Granite Systems LLC,SMB,Finance,6,2025-04-19
538,Cascade Holdings Corp.,Enterprise,Healthcare,19,2025-02-14
539,Insight Solutions Co.,Mid-Market,Retail,3,2023-10-10
540,Apex Foods Co.,SMB,Professional Services,5,2025-05-27
541,Nova Enterprises Inc.,Mid-Market,Professional Services,30,2020-12-05
542,Bluepeak Networks Ltd.,SMB,Education,12,2024-01-28
543,Harbor Consulting Co.,Mid-Market,Healthcare,4,2019-07-15
544,Redwood Dynamics Ltd.,SMB,Healthcare,21,2019-11-17
545,Anchor Manufacturing Ltd.,SMB,Retail,7,2020-07-31
546,Sterling Systems Ltd.,SMB,Finance,18,2019-09-20
547,Silverline Analytics Corp.,SMB,Retail,25,2025-10-04
548,Granite Retail Ltd.,SMB,Professional Services,21,2022-04-06
549,Harbor Systems Corp.,SMB,Manufacturing,8,2025-05-06
550,Orbit Industries Co.,Mid-Market,Finance,8,2022-05-03
551,Anchor Solutions LLC 1,Mid-Market,Professional Services,7,2023-11-24
552,Union Consulting Ltd.,SMB,Manufacturing,19,2021-04-02
553,Brightpath Materials Inc.,Enterprise,Retail,21,2025-08-26
554,Pioneer Foods Corp.,Mid-Market,Technology,16,2019-03-31
555,Horizon Materials Co.,SMB,Manufacturing,12,2023-11-18
556,Insight Manufacturing LLC,SMB,Finance,2,2025-08-26
557,Prime Analytics Ltd.,Mid-Market,Technology,26,2024-07-07
558,Sterling Group Corp.,Mid-Market,Healthcare,20,2024-10-16
559,Granite Analytics Inc.,Mid-Market,Retail,20,2021-02-03
560,Union Technologies Inc.,Enterprise,Healthcare,4,2022-02-28
561,Horizon Financial Inc.,SMB,Technology,9,2019-12-15
562,Everest Systems Corp.,Mid-Market,Technology,10,2021-08-20
563,Global Health LLC,Mid-Market,Technology,18,2019-01-22
564,Anchor Enterprises Co.,SMB,Manufacturing,24,2024-06-13
565,Prime Consulting Ltd.,Enterprise,Manufacturing,26,2025-09-01
566,Sterling Technologies Inc. 1,Mid-Market,Retail,16,2023-11-27
567,Silverline Partners Corp.,SMB,Retail,11,2024-09-02
568,Brightpath Retail Ltd.,SMB,Manufacturing,13,2022-08-05
569,Cascade Systems Ltd.,SMB,Professional Services,23,2020-05-04
570,Redwood Technologies Inc.,SMB,Healthcare,10,2024-01-17
571,Harbor Consulting Inc.,Mid-Market,Retail,13,2021-02-03
572,Delta Foods Corp.,SMB,Technology,24,2022-03-20
573,Meridian Networks Co.,SMB,Education,17,2025-04-21
574,Harbor Industries Inc.,SMB,Finance,15,2021-08-11
575,Falcon Solutions Inc.,SMB,Finance,23,2021-01-09
576,Union Retail Inc.,SMB,Technology,9,2019-03-23
577,Brightpath Holdings LLC 1,SMB,Manufacturing,2,2023-11-28
578,Summit Manufacturing Co.,Enterprise,Finance,24,2020-07-04
579,Redwood Health Co.,SMB,Professional Services,14,2023-06-23
580,Horizon Dynamics LLC,Mid-Market,Healthcare,10,2021-07-26
581,Nova Industries Ltd.,SMB,Finance,3,2024-07-06
582,Everest Foods Inc. 1,SMB,Professional Services,28,2025-03-24
583,Crestline Materials Corp.,SMB,Education,22,2020-08-25
584,Union Ventures Ltd.,SMB,Education,9,2024-07-18
585,Falcon Health Co.,Mid-Market,Manufacturing,19,2020-01-26
586,Brightpath Materials Co.,SMB,Professional Services,14,2019-12-27
587,Catalyst Ventures Inc.,SMB,Healthcare,10,2021-12-31
588,Catalyst Partners Corp.,Mid-Market,Education,10,2021-04-09
589,Orbit Industries Inc.,Enterprise,Retail,3,2025-11-28
590,Granite Analytics Inc. 1,Enterprise,Finance,30,2024-08-16
591,Granite Foods Inc.,SMB,Healthcare,28,2025-03-25
592,Bluepeak Ventures Co.,Mid-Market,Manufacturing,27,2019-12-14
593,Delta Ventures LLC,SMB,Technology,10,2023-12-30
594,Vertex Analytics Ltd.,Mid-Market,Education,30,2023-03-25
595,Pioneer Group Ltd. 1,SMB,Healthcare,9,2019-09-11
596,Redwood Solutions Co.,Mid-Market,Finance,25,2024-07-21
597,Union Consulting Corp.,SMB,Healthcare,4,2024-12-22
598,Brightpath Health Co. 1,Enterprise,Manufacturing,10,2025-05-25
599,Catalyst Solutions Corp.,SMB,Finance,18,2025-07-30
600,Cascade Industries Ltd.,SMB,Healthcare,30,2019-10-03
601,Delta Analytics Ltd.,SMB,Professional Services,8,2025-03-04
602,Granite Networks Corp.,SMB,Education,13,2025-08-13
603,Apex Health LLC,Enterprise,Finance,26,2023-11-01
604,Orbit Enterprises Inc.,Mid-Market,Technology,15,2020-04-14
605,Horizon Logistics Inc.,Enterprise,Education,21,2021-10-21
606,Sterling Industries Corp.,Enterprise,Retail,13,2019-08-19
607,Meridian Financial LLC 1,SMB,Manufacturing,1,2019-01-11
608,Crestline Partners LLC,SMB,Retail,9,2025-06-09
609,Prime Networks Ltd.,SMB,Technology,17,2025-10-21
610,Bluepeak Consulting Inc.,SMB,Manufacturing,1,2025-06-07
611,Pioneer Retail Corp.,SMB,Healthcare,7,2020-10-11
612,Pioneer Materials Corp.,SMB,Retail,29,2023-05-07
613,Union Materials Co.,Enterprise,Professional Services,1,2022-07-01
614,Harbor Solutions Inc. 1,Mid-Market,Manufacturing,8,2022-06-21
615,Redwood Industries Co.,SMB,Retail,19,2021-12-30
616,Granite Foods Ltd.,SMB,Retail,17,2025-08-02
617,Nova Health Ltd.,Enterprise,Professional Services,7,2024-07-14
618,Insight Consulting Ltd. 1,SMB,Technology,2,2024-12-04
619,Brightpath Health Ltd.,SMB,Finance,27,2019-03-30
620,Beacon Partners Corp.,Enterprise,Healthcare,17,2021-11-18
621,Summit Dynamics Corp.,Mid-Market,Education,18,2023-03-09
622,Union Technologies LLC,SMB,Manufacturing,2,2023-08-11
623,Cascade Materials Co. 1,SMB,Education,7,2025-04-06
624,Falcon Ventures LLC,Mid-Market,Manufacturing,3,2020-03-02
625,Catalyst Holdings Corp. 1,SMB,Professional Services,30,2019-08-19
626,Everest Financial LLC,Mid-Market,Education,24,2025-04-02
627,Falcon Systems LLC,SMB,Technology,17,2022-07-18
628,Anchor Materials Co.,Mid-Market,Professional Services,21,2022-10-10
629,Prime Holdings Inc.,SMB,Professional Services,5,2025-03-24
630,Crestline Materials Co.,Mid-Market,Technology,30,2024-03-31
631,Everest Enterprises Co.,Mid-Market,Finance,16,2024-02-11
632,Union Holdings LLC,SMB,Professional Services,16,2020-04-20
633,Falcon Industries LLC,Mid-Market,Education,29,2023-05-08
634,Catalyst Consulting Inc. 1,Enterprise,Manufacturing,3,2022-02-24
635,Union Technologies Ltd.,Mid-Market,Manufacturing,13,2023-04-11
636,Nova Networks Ltd.,SMB,Technology,3,2023-01-11
637,Insight Financial Co.,SMB,Manufacturing,13,2019-03-09
638,Prime Retail LLC,SMB,Retail,9,2021-05-28
639,Prime Enterprises LLC,Mid-Market,Finance,14,2022-03-16
640,Nova Analytics Ltd. 1,Mid-Market,Finance,22,2022-07-02
641,Apex Foods LLC,Enterprise,Education,9,2019-09-12
642,Cascade Consulting LLC 1,SMB,Manufacturing,2,2025-04-15
643,Everest Holdings Inc. 1,SMB,Healthcare,5,2021-05-04
644,Everest Foods Co.,SMB,Finance,22,2022-06-04
645,Silverline Industries Corp.,SMB,Manufacturing,18,2023-08-24
646,Northwind Logistics Ltd.,Mid-Market,Healthcare,30,2024-01-12
647,Bluepeak Materials Ltd.,SMB,Manufacturing,27,2021-08-24
648,Granite Manufacturing Corp.,Mid-Market,Professional Services,5,2019-11-27
649,Summit Partners LLC 1,Enterprise,Education,23,2020-06-13
650,Summit Networks LLC,Mid-Market,Healthcare,3,2020-02-26
651,Summit Enterprises Corp.,Enterprise,Manufacturing,3,2020-09-16
652,Falcon Analytics Inc.,Mid-Market,Manufacturing,24,2023-03-23
653,Apex Financial Corp.,Enterprise,Retail,13,2022-10-01
654,Harbor Materials Inc. 1,Mid-Market,Education,30,2020-03-07
655,Vertex Partners LLC,SMB,Manufacturing,1,2023-10-08
656,Ironclad Solutions Ltd.,Mid-Market,Finance,16,2019-06-12
657,Insight Enterprises Inc.,Mid-Market,Retail,10,2025-05-13
658,Pioneer Retail Inc.,SMB,Technology,30,2022-12-18
659,Crestline Consulting LLC 1,SMB,Retail,21,2023-02-18
660,Anchor Partners Ltd.,SMB,Professional Services,24,2020-12-31
661,Delta Industries Co.,Mid-Market,Retail,9,2022-07-31
662,Granite Group Inc.,SMB,Manufacturing,27,2021-12-25
663,Global Analytics LLC 1,Mid-Market,Education,26,2025-08-27
664,Catalyst Ventures Inc. 1,Mid-Market,Manufacturing,24,2019-07-14
665,Northwind Enterprises Inc.,SMB,Manufacturing,15,2022-03-18
666,Ironclad Partners Co.,SMB,Education,28,2024-07-16
667,Granite Technologies Corp.,SMB,Healthcare,21,2022-10-23
668,Granite Financial Ltd.,SMB,Education,2,2022-12-15
669,Vertex Networks Ltd. 1,SMB,Retail,27,2025-05-18
670,Silverline Materials Corp.,Mid-Market,Manufacturing,1,2021-08-18
671,Crestline Enterprises Ltd.,Mid-Market,Technology,21,2019-01-06
672,Union Manufacturing LLC 1,Mid-Market,Education,8,2025-06-24
673,Delta Consulting Corp.,Mid-Market,Healthcare,27,2019-03-26
674,Northwind Dynamics LLC,SMB,Professional Services,22,2024-07-31
675,Pioneer Health Corp. 1,Mid-Market,Education,25,2019-12-23
676,Summit Enterprises LLC,SMB,Finance,21,2019-02-22
677,Summit Materials Ltd.,SMB,Manufacturing,18,2021-06-25
678,Bluepeak Health Co.,SMB,Technology,26,2025-01-17
679,Harbor Dynamics Co.,Mid-Market,Manufacturing,9,2019-04-05
680,Prime Holdings Co. 1,Mid-Market,Technology,16,2020-11-02
681,Meridian Financial Ltd.,SMB,Professional Services,9,2020-12-14
682,Palisade Materials Ltd.,SMB,Retail,4,2019-08-31
683,Sterling Materials Ltd.,SMB,Healthcare,27,2019-08-25
684,Crestline Health Co.,SMB,Education,15,2025-05-10
685,Pioneer Systems Inc. 1,SMB,Technology,2,2023-11-13
686,Nova Health Inc.,Mid-Market,Manufacturing,25,2021-03-06
687,Horizon Solutions Corp.,SMB,Technology,29,2020-09-01
688,Apex Solutions Ltd.,Enterprise,Technology,20,2019-04-20
689,Orbit Holdings Co.,SMB,Healthcare,10,2021-07-06
690,Sterling Solutions Inc.,SMB,Finance,26,2021-02-08
691,Palisade Industries Inc.,SMB,Education,23,2025-06-02
692,Granite Solutions Co.,Mid-Market,Professional Services,9,2020-07-17
693,Crestline Enterprises LLC,Enterprise,Education,10,2021-11-01
694,Sterling Dynamics Inc. 1,SMB,Education,30,2023-10-10
695,Falcon Partners Ltd.,Enterprise,Manufacturing,29,2021-03-31
696,Global Technologies Co.,Enterprise,Finance,21,2024-06-21
697,Catalyst Financial Co.,Mid-Market,Healthcare,2,2024-01-31
698,Apex Partners Co.,Enterprise,Professional Services,7,2019-04-01
699,Ironclad Enterprises Inc.,Mid-Market,Manufacturing,11,2024-12-27
700,Delta Solutions Inc. 1,SMB,Manufacturing,17,2021-07-19
701,Orbit Holdings Co. 1,Mid-Market,Technology,27,2019-09-03
702,Ironclad Holdings Ltd.,Enterprise,Manufacturing,26,2023-11-20
703,Union Financial LLC 1,Enterprise,Retail,9,2024-03-24
704,Brightpath Technologies LLC,Mid-Market,Manufacturing,4,2019-07-01
705,Anchor Logistics Co. 1,Enterprise,Retail,9,2021-06-23
706,Everest Logistics Co.,SMB,Education,8,2025-04-07
707,Nova Industries Co.,Mid-Market,Technology,27,2023-09-08
708,Meridian Dynamics Corp.,Mid-Market,Professional Services,1,2022-09-26
709,Everest Industries Ltd. 1,Mid-Market,Education,25,2022-07-12
710,Cascade Technologies Inc.,Mid-Market,Finance,20,2023-04-05
711,Silverline Ventures Co.,Enterprise,Education,4,2023-07-28
712,Beacon Manufacturing LLC,Enterprise,Technology,21,2019-06-25
713,Harbor Enterprises Co.,SMB,Finance,18,2021-05-04
714,Prime Holdings Inc. 1,Enterprise,Technology,1,2022-09-08
715,Harbor Consulting Co. 1,SMB,Retail,7,2024-02-10
716,Anchor Health Corp.,Mid-Market,Education,11,2024-03-13
717,Global Foods Corp.,Mid-Market,Retail,7,2023-03-28
718,Everest Technologies Ltd.,Mid-Market,Retail,18,2023-02-08
719,Cascade Ventures Corp.,SMB,Healthcare,19,2021-07-28
720,Crestline Holdings Co.,SMB,Professional Services,6,2024-11-03
721,Redwood Retail Inc. 1,Mid-Market,Healthcare,4,2025-05-31
722,Brightpath Enterprises Ltd.,Mid-Market,Manufacturing,20,2024-12-03
723,Ironclad Analytics LLC,Mid-Market,Retail,15,2025-02-06
724,Summit Logistics Inc. 1,Mid-Market,Education,8,2025-05-11
725,Delta Ventures Ltd. 1,SMB,Professional Services,8,2020-05-31
726,Bluepeak Health Ltd.,Mid-Market,Retail,2,2022-08-06
727,Nova Solutions Inc.,Mid-Market,Retail,26,2022-09-28
728,Ironclad Health Ltd.,SMB,Finance,26,2022-05-25
729,Union Enterprises Co.,Enterprise,Manufacturing,17,2024-12-08
730,Pioneer Solutions Ltd.,Mid-Market,Retail,11,2021-04-10
731,Harbor Networks LLC,SMB,Retail,7,2020-02-17
732,Union Industries Inc.,Mid-Market,Retail,10,2020-12-02
733,Insight Logistics Inc.,Enterprise,Manufacturing,28,2020-01-01
734,Palisade Enterprises Ltd.,Enterprise,Healthcare,3,2021-10-31
735,Global Dynamics LLC,SMB,Technology,25,2019-10-26
736,Horizon Networks LLC,Enterprise,Finance,10,2019-08-12
737,Insight Consulting Inc. 1,Mid-Market,Finance,8,2022-02-26
738,Ironclad Foods Corp.,Enterprise,Retail,25,2023-03-17
739,Pioneer Dynamics Inc.,Enterprise,Professional Services,29,2023-04-03
740,Apex Systems Corp.,SMB,Retail,30,2019-08-24
741,Ironclad Manufacturing Corp.,Mid-Market,Education,9,2025-10-19
742,Brightpath Health Co. 2,SMB,Retail,18,2019-11-08
743,Prime Dynamics LLC,SMB,Professional Services,9,2023-08-16
744,Vertex Solutions LLC,SMB,Professional Services,6,2025-03-21
745,Union Health Co.,Enterprise,Healthcare,12,2025-03-11
746,Orbit Networks Co.,SMB,Retail,2,2022-08-02
747,Summit Dynamics Corp. 1,SMB,Manufacturing,5,2020-12-10
748,Summit Group LLC,Mid-Market,Professional Services,18,2024-10-17
749,Prime Analytics Ltd. 1,SMB,Retail,21,2023-04-15
750,Ironclad Solutions Ltd. 1,SMB,Technology,9,2024-07-14
751,Northwind Consulting Ltd.,Mid-Market,Healthcare,17,2021-10-19
752,Global Partners Ltd.,SMB,Technology,23,2025-05-23
753,Granite Dynamics Inc.,Mid-Market,Healthcare,27,2025-07-04
754,Palisade Holdings LLC,SMB,Technology,18,2024-02-28
755,Brightpath Foods Inc.,SMB,Education,8,2025-08-06
756,Prime Enterprises LLC 1,Mid-Market,Manufacturing,22,2022-03-05
757,Anchor Health Co.,SMB,Retail,6,2020-05-12
758,Harbor Foods LLC,Mid-Market,Professional Services,5,2023-08-04
759,Palisade Materials Ltd. 1,SMB,Retail,11,2023-07-29
760,Crestline Enterprises Corp. 1,SMB,Manufacturing,10,2022-06-09
761,Cascade Health Inc.,Mid-Market,Healthcare,5,2020-10-28
762,Granite Manufacturing LLC 1,Mid-Market,Education,2,2023-05-15
763,Global Networks Ltd.,Mid-Market,Manufacturing,29,2020-04-07
764,Horizon Partners Ltd.,Enterprise,Education,21,2024-04-09
765,Pioneer Health LLC,Enterprise,Technology,22,2025-05-06
766,Sterling Group Co.,Mid-Market,Healthcare,2,2020-03-01
767,Orbit Retail Inc.,Enterprise,Technology,24,2024-09-27
768,Pioneer Holdings Corp.,Mid-Market,Retail,11,2020-05-22
769,Harbor Materials LLC,SMB,Manufacturing,23,2022-07-03
770,Ironclad Group Co.,SMB,Finance,15,2025-07-03
771,Prime Foods Ltd.,SMB,Finance,8,2019-07-31
772,Harbor Foods Inc. 1,Mid-Market,Retail,8,2019-08-18
773,Palisade Analytics LLC,SMB,Professional Services,5,2025-09-16
774,Pioneer Financial Ltd.,SMB,Professional Services,25,2020-02-11
775,Delta Logistics Corp.,Enterprise,Manufacturing,13,2021-05-24
776,Summit Foods Corp.,Enterprise,Retail,24,2022-03-19
777,Granite Manufacturing Inc. 1,SMB,Technology,25,2019-01-18
778,Cascade Systems Corp. 1,Mid-Market,Professional Services,6,2020-04-25
779,Crestline Networks Inc.,SMB,Technology,10,2024-10-18
780,Summit Systems LLC 1,SMB,Finance,4,2022-08-19
781,Granite Ventures LLC,Enterprise,Education,1,2021-10-03
782,Ironclad Technologies Ltd.,Enterprise,Professional Services,30,2023-10-10
783,Union Partners Corp.,SMB,Healthcare,20,2021-04-10
784,Everest Retail Corp.,SMB,Retail,14,2022-01-25
785,Redwood Analytics Co.,Enterprise,Healthcare,7,2025-12-14
786,Crestline Partners LLC 1,SMB,Technology,18,2024-06-02
787,Catalyst Logistics Ltd.,SMB,Finance,17,2022-11-16
788,Redwood Manufacturing Co.,SMB,Retail,7,2022-09-08
789,Prime Dynamics Inc.,SMB,Healthcare,1,2024-11-27
790,Everest Analytics Ltd.,Mid-Market,Professional Services,15,2023-03-16
791,Delta Solutions Inc. 2,Enterprise,Retail,16,2021-05-17
792,Prime Networks Ltd. 1,SMB,Manufacturing,24,2021-12-03
793,Sterling Group LLC,Mid-Market,Manufacturing,12,2020-04-13
794,Granite Ventures LLC 1,SMB,Manufacturing,3,2025-09-18
795,Catalyst Consulting Co.,SMB,Technology,27,2023-07-26
796,Vertex Foods Inc.,Enterprise,Retail,13,2021-10-15
797,Everest Dynamics Corp.,SMB,Education,22,2021-07-08
798,Summit Holdings Ltd.,Mid-Market,Finance,2,2025-05-07
799,Union Systems Co.,SMB,Finance,2,2021-07-09
800,Redwood Retail LLC,Mid-Market,Professional Services,1,2024-04-17
801,Summit Partners LLC 2,SMB,Retail,24,2024-11-05
802,Anchor Materials Corp.,SMB,Finance,8,2025-05-14
803,Crestline Dynamics Corp. 1,Mid-Market,Technology,24,2021-08-11
804,Everest Partners Inc.,SMB,Education,29,2024-05-10
805,Falcon Holdings Corp. 1,SMB,Retail,20,2021-04-15
806,Brightpath Materials Inc. 1,SMB,Retail,30,2025-08-09
807,Union Group Ltd.,SMB,Healthcare,28,2019-01-29
808,Summit Group Ltd.,SMB,Healthcare,22,2022-12-28
809,Falcon Analytics Corp.,Mid-Market,Manufacturing,25,2022-07-27
810,Palisade Logistics LLC 1,SMB,Education,19,2025-02-21
811,Cascade Analytics LLC,Enterprise,Finance,7,2019-08-12
812,Apex Solutions Ltd. 1,SMB,Manufacturing,4,2024-12-03
813,Redwood Financial Corp.,SMB,Professional Services,12,2021-06-13
814,Granite Holdings Co. 2,Mid-Market,Healthcare,15,2021-04-10
815,Everest Solutions Co. 1,Enterprise,Healthcare,11,2019-09-27
816,Apex Solutions Corp.,SMB,Healthcare,4,2025-06-09
817,Beacon Partners LLC,Mid-Market,Professional Services,16,2023-06-06
818,Apex Networks Co.,SMB,Manufacturing,15,2023-11-05
819,Cascade Industries Ltd. 1,Enterprise,Professional Services,29,2025-04-14
820,Orbit Consulting Inc.,SMB,Professional Services,29,2024-11-26
821,Global Consulting Co.,Mid-Market,Finance,19,2022-02-28
822,Nova Materials LLC,Mid-Market,Technology,26,2020-02-13
823,Falcon Systems Corp. 1,SMB,Finance,10,2023-09-15
824,Union Industries Inc. 1,SMB,Manufacturing,30,2023-07-22
825,Catalyst Holdings Corp. 2,Mid-Market,Finance,29,2019-05-01
826,Brightpath Networks Ltd.,Mid-Market,Technology,4,2025-04-17
827,Orbit Manufacturing Inc.,SMB,Professional Services,22,2021-05-06
828,Global Holdings LLC,SMB,Finance,14,2021-12-31
829,Ironclad Dynamics Ltd.,Mid-Market,Retail,8,2022-08-06
830,Catalyst Logistics Co.,SMB,Professional Services,13,2025-05-20
831,Horizon Logistics Co.,SMB,Manufacturing,28,2020-03-11
832,Silverline Logistics Ltd.,SMB,Retail,28,2021-07-31
833,Meridian Consulting Co.,SMB,Technology,11,2022-07-05
834,Falcon Materials Inc. 1,SMB,Retail,14,2025-12-10
835,Nova Foods LLC,Enterprise,Education,16,2022-01-29
836,Pioneer Financial Corp.,SMB,Professional Services,23,2021-10-15
837,Horizon Dynamics Co.,SMB,Technology,15,2025-07-17
838,Nova Partners Ltd. 1,SMB,Healthcare,12,2023-08-18
839,Everest Group LLC,Enterprise,Technology,28,2020-02-23
840,Prime Dynamics Inc. 1,Mid-Market,Professional Services,12,2020-03-25
841,Bluepeak Logistics Ltd. 1,SMB,Healthcare,8,2023-07-06
842,Prime Consulting LLC,Enterprise,Manufacturing,10,2022-04-08
843,Delta Industries LLC,SMB,Manufacturing,10,2019-01-23
844,Sterling Financial LLC,Mid-Market,Retail,17,2022-02-20
845,Silverline Systems LLC,SMB,Professional Services,20,2025-07-29
846,Catalyst Networks LLC,SMB,Finance,5,2024-03-25
847,Apex Enterprises Ltd.,Mid-Market,Education,27,2022-11-28
848,Palisade Partners Inc.,Mid-Market,Finance,8,2020-05-13
849,Bluepeak Holdings Corp. 1,SMB,Healthcare,4,2021-05-07
850,Cascade Logistics Co.,SMB,Technology,21,2025-12-22
851,Nova Systems Co. 1,Mid-Market,Finance,7,2023-08-12
852,Apex Analytics Co.,SMB,Manufacturing,23,2020-12-07
853,Palisade Ventures LLC,SMB,Education,29,2024-03-01
854,Everest Materials Inc.,Mid-Market,Education,21,2019-08-22
855,Granite Foods Co.,Mid-Market,Manufacturing,24,2021-08-05
856,Prime Retail Corp.,Mid-Market,Finance,15,2020-08-08
857,Beacon Solutions Corp.,Mid-Market,Healthcare,11,2025-04-09
858,Pioneer Foods Corp. 1,Enterprise,Professional Services,19,2024-02-23
859,Catalyst Manufacturing Inc.,Mid-Market,Finance,11,2022-06-25
860,Ironclad Solutions Ltd. 2,SMB,Education,27,2021-11-08
861,Everest Financial LLC 1,Mid-Market,Retail,15,2025-01-03
862,Apex Foods LLC 1,SMB,Professional Services,15,2020-05-14
863,Catalyst Group Ltd.,Mid-Market,Professional Services,21,2019-07-11
864,Silverline Retail Ltd.,Enterprise,Retail,6,2024-12-17
865,Brightpath Analytics Co. 1,SMB,Retail,17,2024-12-29
866,Ironclad Networks Ltd.,SMB,Technology,23,2020-09-13
867,Anchor Technologies Inc.,Mid-Market,Technology,24,2020-05-14
868,Brightpath Analytics Corp.,Mid-Market,Manufacturing,7,2024-01-18
869,Meridian Health Corp.,Mid-Market,Retail,2,2020-01-02
870,Orbit Technologies LLC,SMB,Education,6,2023-05-09
871,Apex Systems Corp. 1,Mid-Market,Healthcare,25,2023-11-28
872,Anchor Holdings Corp.,Mid-Market,Manufacturing,8,2023-05-09
873,Anchor Group Ltd.,Enterprise,Professional Services,2,2021-12-27
874,Brightpath Dynamics Co.,Mid-Market,Technology,18,2024-09-17
875,Anchor Financial Ltd. 1,SMB,Finance,27,2025-07-05
876,Crestline Financial Co.,SMB,Professional Services,7,2023-12-09
877,Horizon Ventures Co. 1,Mid-Market,Healthcare,2,2021-12-06
878,Granite Holdings Ltd.,Enterprise,Finance,5,2025-12-20
879,Harbor Holdings LLC,Mid-Market,Manufacturing,4,2022-02-22
880,Everest Industries Corp.,Mid-Market,Retail,7,2019-10-25
881,Summit Materials Inc. 1,SMB,Healthcare,6,2020-04-11
882,Ironclad Holdings Co.,SMB,Education,20,2021-06-08
883,Beacon Retail Inc.,SMB,Healthcare,7,2020-03-13
884,Summit Consulting LLC,SMB,Finance,17,2024-06-12
885,Insight Enterprises Co.,SMB,Retail,13,2019-02-06
886,Catalyst Health Inc.,SMB,Technology,20,2021-11-03
887,Northwind Technologies Corp.,Enterprise,Education,20,2025-02-22
888,Redwood Enterprises Corp.,Enterprise,Retail,18,2019-10-28
889,Granite Group LLC,Mid-Market,Education,27,2023-01-12
890,Everest Technologies LLC 1,SMB,Healthcare,6,2025-07-14
891,Delta Health Ltd.,Enterprise,Finance,16,2019-07-03
892,Insight Consulting Ltd. 2,SMB,Professional Services,12,2021-06-12
893,Beacon Technologies Corp.,SMB,Technology,16,2019-04-07
894,Harbor Solutions Corp.,SMB,Manufacturing,5,2023-10-10
895,Harbor Partners LLC,Mid-Market,Manufacturing,10,2021-12-03
896,Global Foods Ltd.,Mid-Market,Manufacturing,29,2025-08-18
897,Sterling Solutions Inc. 1,Mid-Market,Manufacturing,25,2023-11-02
898,Bluepeak Analytics Inc.,SMB,Education,13,2023-03-19
899,Silverline Solutions Ltd.,SMB,Healthcare,4,2025-05-15
900,Vertex Partners Inc.,SMB,Professional Services,20,2019-11-28
901,Palisade Logistics Ltd.,Mid-Market,Professional Services,10,2024-06-25
902,Everest Solutions Inc. 1,Mid-Market,Healthcare,10,2024-02-09
903,Meridian Dynamics LLC,Mid-Market,Professional Services,3,2023-09-17
904,Palisade Group Co.,SMB,Healthcare,9,2023-06-19
905,Northwind Systems LLC 1,SMB,Technology,7,2019-11-14
906,Beacon Systems Co. 1,Mid-Market,Finance,2,2024-09-11
907,Apex Solutions LLC,SMB,Education,18,2023-06-12
908,Falcon Analytics Ltd.,Enterprise,Education,30,2024-05-25
909,Cascade Systems Ltd. 1,SMB,Retail,4,2025-02-17
910,Redwood Logistics Ltd.,Enterprise,Education,2,2022-10-18
911,Delta Systems LLC,Mid-Market,Healthcare,4,2025-09-11
912,Global Holdings Ltd.,SMB,Professional Services,17,2019-10-07
913,Harbor Technologies LLC 1,Mid-Market,Retail,25,2019-01-11
914,Union Partners Co.,Mid-Market,Technology,10,2021-04-23
915,Insight Analytics LLC,Mid-Market,Technology,4,2020-07-07
916,Ironclad Networks Co.,Mid-Market,Healthcare,3,2022-11-16
917,Horizon Systems Co.,SMB,Technology,19,2020-12-17
918,Brightpath Solutions Ltd.,SMB,Healthcare,11,2023-10-25
919,Brightpath Partners Corp.,SMB,Professional Services,11,2025-08-13
920,Granite Group Corp. 1,Mid-Market,Healthcare,8,2024-05-20
921,Brightpath Manufacturing LLC,SMB,Retail,27,2021-12-10
922,Meridian Dynamics LLC 1,Mid-Market,Professional Services,12,2025-11-23
923,Vertex Analytics Corp. 1,Mid-Market,Healthcare,22,2024-05-25
924,Northwind Group Corp.,Mid-Market,Retail,23,2024-09-03
925,Brightpath Ventures Ltd.,SMB,Manufacturing,2,2020-06-07
926,Cascade Solutions Co.,SMB,Healthcare,8,2023-10-22
927,Bluepeak Financial Co.,SMB,Professional Services,27,2019-06-30
928,Global Financial Ltd.,SMB,Retail,27,2020-08-24
929,Harbor Group Co.,Mid-Market,Manufacturing,13,2019-02-12
930,Everest Holdings Co.,SMB,Education,5,2023-12-08
931,Prime Systems Corp.,SMB,Professional Services,9,2019-02-23
932,Nova Financial Corp.,Mid-Market,Education,29,2022-02-22
933,Everest Systems Corp. 1,Enterprise,Professional Services,21,2023-07-17
934,Everest Systems Inc.,Enterprise,Finance,3,2021-02-18
935,Falcon Industries LLC 1,SMB,Finance,22,2021-07-27
936,Ironclad Group LLC,Mid-Market,Healthcare,5,2025-01-28
937,Beacon Financial Ltd.,SMB,Retail,10,2025-04-23
938,Anchor Technologies LLC,Mid-Market,Education,15,2025-01-03
939,Horizon Manufacturing Ltd.,SMB,Retail,11,2024-03-31
940,Redwood Ventures LLC,Mid-Market,Retail,21,2020-12-10
941,Prime Materials LLC,Mid-Market,Education,5,2019-07-10
942,Beacon Ventures Inc.,Enterprise,Healthcare,27,2022-06-03
943,Insight Financial Corp. 1,Enterprise,Finance,18,2025-06-20
944,Apex Ventures Inc.,SMB,Retail,10,2020-07-24
945,Apex Foods LLC 2,Mid-Market,Technology,29,2020-06-19
946,Prime Partners Corp.,SMB,Professional Services,15,2024-06-15
947,Pioneer Networks Ltd.,Mid-Market,Healthcare,13,2023-02-22
948,Global Analytics Corp.,Mid-Market,Education,1,2021-10-30
949,Insight Retail LLC,SMB,Retail,30,2025-01-13
950,Brightpath Systems Co.,Mid-Market,Education,26,2023-01-28
951,Catalyst Networks LLC 1,SMB,Education,6,2025-06-10
952,Ironclad Foods LLC,SMB,Manufacturing,29,2021-07-29
953,Beacon Solutions Inc.,SMB,Education,24,2022-02-09
954,Palisade Dynamics LLC,Mid-Market,Finance,13,2019-07-09
955,Nova Logistics LLC 1,Mid-Market,Retail,28,2021-07-28
956,Nova Industries LLC 1,SMB,Professional Services,17,2020-04-04
957,Silverline Health Inc.,Mid-Market,Technology,21,2019-03-25
958,Cascade Dynamics Inc. 1,Enterprise,Finance,6,2020-10-15
959,Everest Materials Ltd.,Mid-Market,Technology,4,2020-09-24
960,Northwind Networks Corp.,SMB,Manufacturing,16,2019-10-06
961,Northwind Networks Ltd.,SMB,Education,10,2022-02-28
962,Redwood Financial Corp. 1,SMB,Technology,30,2020-01-13
963,Vertex Retail Corp.,SMB,Manufacturing,3,2019-08-08
964,Everest Logistics Corp.,Mid-Market,Finance,23,2025-09-20
965,Global Enterprises LLC 1,SMB,Education,19,2022-05-01
966,Everest Materials LLC,Mid-Market,Healthcare,27,2024-08-12
967,Union Ventures Co. 2,SMB,Healthcare,30,2020-03-12
968,Falcon Financial Corp.,Enterprise,Technology,27,2022-03-25
969,Crestline Partners Co.,SMB,Finance,12,2019-08-18
970,Granite Solutions Ltd.,Mid-Market,Manufacturing,21,2021-11-18
971,Everest Technologies Ltd. 1,Enterprise,Professional Services,5,2024-10-13
972,Orbit Logistics Co.,Mid-Market,Manufacturing,15,2025-03-31
973,Crestline Partners Ltd. 1,Enterprise,Healthcare,9,2022-08-19
974,Vertex Foods Co. 1,Mid-Market,Retail,8,2021-01-02
975,Nova Retail Ltd.,SMB,Technology,18,2024-02-18
976,Brightpath Technologies Ltd.,Mid-Market,Finance,4,2023-06-22
977,Harbor Financial Ltd.,SMB,Retail,18,2022-04-17
978,Ironclad Consulting Co.,Mid-Market,Healthcare,13,2022-04-30
979,Harbor Group LLC,SMB,Retail,7,2022-06-14
980,Beacon Holdings Co.,Mid-Market,Manufacturing,17,2021-05-17
981,Palisade Technologies Corp.,SMB,Professional Services,23,2022-08-19
982,Anchor Enterprises Inc.,SMB,Finance,19,2019-05-27
983,Granite Industries Inc.,Mid-Market,Professional Services,3,2022-12-28
984,Everest Solutions Ltd.,SMB,Retail,17,2022-06-22
985,Nova Materials Co.,Mid-Market,Education,19,2021-12-10
986,Brightpath Enterprises Ltd. 1,Mid-Market,Healthcare,21,2021-04-08
987,Orbit Logistics Ltd.,SMB,Technology,13,2023-05-09
988,Falcon Partners Co. 1,SMB,Education,3,2022-05-24
989,Horizon Manufacturing Co.,Enterprise,Manufacturing,4,2019-09-15
990,Delta Partners Co.,Mid-Market,Finance,10,2021-08-15
991,Silverline Systems Inc.,SMB,Professional Services,20,2019-07-15
992,Granite Manufacturing Co.,SMB,Finance,23,2021-08-27
993,Catalyst Industries Corp. 1,SMB,Manufacturing,21,2022-09-23
994,Bluepeak Ventures Ltd.,SMB,Education,10,2021-09-26
995,Everest Health Ltd.,SMB,Professional Services,14,2021-05-23
996,Vertex Ventures Ltd.,Mid-Market,Professional Services,2,2020-12-19
997,Global Manufacturing Co.,SMB,Retail,24,2021-09-02
998,Redwood Financial Inc.,Mid-Market,Technology,11,2019-06-27
999,Cascade Holdings Co.,SMB,Technology,16,2025-12-15
1000,Pioneer Materials LLC,Mid-Market,Retail,14,2022-11-20
1001,Insight Holdings LLC 1,SMB,Manufacturing,9,2023-06-15
1002,Summit Systems Ltd. 1,SMB,Technology,6,2020-04-13
1003,Brightpath Holdings Co.,SMB,Retail,29,2025-06-18
1004,Prime Logistics Inc. 1,SMB,Professional Services,4,2022-12-30
1005,Crestline Industries Co.,Mid-Market,Technology,29,2021-11-25
1006,Horizon Group LLC,SMB,Education,4,2023-12-28
1007,Cascade Systems Co.,Mid-Market,Finance,3,2021-02-16
1008,Palisade Holdings Inc.,Mid-Market,Finance,28,2025-07-16
1009,Northwind Analytics Ltd.,Mid-Market,Education,29,2020-03-08
1010,Anchor Technologies Corp. 1,Enterprise,Healthcare,27,2024-10-30
1011,Orbit Group Co.,Enterprise,Healthcare,24,2025-10-06
1012,Catalyst Solutions Corp. 1,SMB,Professional Services,15,2022-06-10
1013,Orbit Dynamics Inc.,SMB,Finance,4,2025-02-18
1014,Bluepeak Materials Inc. 1,SMB,Healthcare,18,2019-07-02
1015,Redwood Logistics LLC,Enterprise,Retail,16,2023-05-06
1016,Palisade Holdings Co. 1,Mid-Market,Healthcare,23,2021-06-29
1017,Orbit Partners Inc.,Mid-Market,Education,2,2021-07-20
1018,Granite Ventures Co.,SMB,Technology,3,2022-02-25
1019,Redwood Enterprises Corp. 1,SMB,Manufacturing,18,2023-03-06
1020,Crestline Enterprises Corp. 2,Mid-Market,Finance,26,2023-04-24
1021,Global Retail Co.,SMB,Professional Services,28,2020-12-12
1022,Cascade Foods Ltd.,Enterprise,Manufacturing,18,2021-09-08
1023,Summit Holdings Ltd. 1,Mid-Market,Professional Services,12,2020-09-29
1024,Summit Analytics Co. 1,Enterprise,Healthcare,15,2023-06-05
1025,Cascade Materials Corp.,Mid-Market,Manufacturing,16,2019-09-18
1026,Crestline Retail Co.,SMB,Education,19,2021-12-18
1027,Falcon Group Ltd.,SMB,Healthcare,7,2025-12-02
1028,Anchor Analytics Co.,Mid-Market,Professional Services,12,2022-08-16
1029,Catalyst Technologies Corp.,SMB,Education,17,2020-09-24
1030,Ironclad Networks Ltd. 1,SMB,Retail,26,2023-01-31
1031,Pioneer Industries Corp.,SMB,Healthcare,25,2022-06-02
1032,Everest Consulting Co.,SMB,Education,23,2019-04-19
1033,Silverline Ventures Ltd.,Mid-Market,Education,7,2025-12-03
1034,Meridian Networks Inc.,SMB,Finance,13,2021-04-16
1035,Union Networks Corp.,Mid-Market,Retail,17,2021-10-17
1036,Nova Holdings Inc.,SMB,Technology,30,2022-08-05
1037,Silverline Materials Ltd.,Mid-Market,Finance,11,2025-02-28
1038,Union Health Ltd.,SMB,Healthcare,28,2024-08-04
1039,Palisade Solutions Co.,Enterprise,Manufacturing,23,2020-06-09
1040,Redwood Group Inc.,Mid-Market,Manufacturing,20,2024-01-06
1041,Insight Consulting Corp. 1,SMB,Manufacturing,22,2025-02-13
1042,Insight Dynamics LLC,SMB,Retail,24,2023-12-31
1043,Apex Systems Corp. 2,Mid-Market,Professional Services,21,2019-12-22
1044,Apex Systems Co.,SMB,Healthcare,21,2022-10-09
1045,Redwood Holdings Corp.,SMB,Healthcare,12,2024-11-13
1046,Delta Financial Corp.,Mid-Market,Healthcare,13,2020-05-14
1047,Redwood Consulting Co. 1,SMB,Professional Services,18,2022-10-08
1048,Horizon Group Corp.,Mid-Market,Technology,26,2023-09-08
1049,Ironclad Industries Corp.,SMB,Technology,20,2023-06-13
1050,Harbor Materials Corp.,Mid-Market,Healthcare,30,2019-09-30
1051,Vertex Dynamics Co.,Mid-Market,Education,21,2020-12-10
1052,Orbit Dynamics Corp.,SMB,Retail,13,2022-11-12
1053,Sterling Manufacturing Ltd.,SMB,Professional Services,18,2020-06-17
1054,Cascade Holdings Inc.,SMB,Healthcare,19,2021-05-02
1055,Summit Analytics Inc.,SMB,Finance,27,2021-11-26
1056,Palisade Partners Inc. 1,SMB,Manufacturing,8,2019-02-04
1057,Beacon Analytics Corp.,SMB,Technology,8,2022-07-28
1058,Sterling Logistics Ltd. 1,SMB,Professional Services,7,2025-12-17
1059,Sterling Solutions LLC,Mid-Market,Education,2,2021-11-09
1060,Sterling Consulting Co.,Mid-Market,Healthcare,21,2020-12-02
1061,Northwind Industries Inc.,Mid-Market,Education,29,2020-10-08
1062,Global Analytics Ltd.,SMB,Manufacturing,19,2022-08-09
1063,Insight Dynamics LLC 1,Mid-Market,Finance,2,2022-03-11
1064,Horizon Ventures Inc.,Mid-Market,Professional Services,11,2025-01-12
1065,Delta Holdings Ltd.,SMB,Manufacturing,28,2023-06-22
1066,Ironclad Networks Corp.,Mid-Market,Healthcare,2,2021-10-15
1067,Ironclad Partners Ltd. 1,Mid-Market,Education,19,2021-09-12
1068,Global Group Co.,SMB,Education,14,2022-10-30
1069,Insight Partners Corp.,SMB,Healthcare,28,2020-10-09
1070,Redwood Industries Co. 1,Mid-Market,Retail,16,2021-12-16
1071,Delta Dynamics Corp. 1,Enterprise,Retail,17,2020-12-29
1072,Catalyst Solutions LLC,Mid-Market,Healthcare,22,2022-08-10
1073,Nova Logistics LLC 2,SMB,Manufacturing,25,2022-10-29
1074,Harbor Industries LLC,SMB,Education,16,2024-12-04
1075,Brightpath Systems Co. 1,Enterprise,Healthcare,22,2020-10-04
1076,Vertex Networks Corp.,SMB,Education,25,2025-05-01
1077,Brightpath Group Co.,Enterprise,Education,16,2022-09-30
1078,Union Retail LLC,Mid-Market,Professional Services,22,2024-02-01
1079,Sterling Group Ltd.,SMB,Finance,11,2023-04-13
1080,Northwind Dynamics Inc.,Mid-Market,Healthcare,11,2024-10-20
1081,Harbor Holdings LLC 1,Mid-Market,Professional Services,1,2023-08-22
1082,Prime Retail Inc.,Mid-Market,Manufacturing,21,2019-01-29
1083,Silverline Materials Co.,SMB,Manufacturing,8,2021-09-24
1084,Everest Technologies LLC 2,SMB,Manufacturing,25,2025-07-26
1085,Apex Group Co.,SMB,Manufacturing,29,2022-02-27
1086,Meridian Technologies Corp.,Enterprise,Retail,27,2024-10-18
1087,Silverline Technologies Inc.,Enterprise,Finance,9,2025-01-30
1088,Catalyst Holdings LLC,SMB,Finance,20,2021-04-30
1089,Catalyst Retail LLC,Mid-Market,Finance,23,2025-01-01
1090,Catalyst Enterprises Corp. 1,SMB,Retail,16,2021-08-22
1091,Bluepeak Dynamics LLC 1,SMB,Education,16,2019-03-06
1092,Silverline Technologies Ltd.,Enterprise,Manufacturing,14,2023-11-10
1093,Global Technologies Ltd.,SMB,Retail,10,2024-09-27
1094,Delta Manufacturing Inc.,Mid-Market,Finance,18,2022-02-28
1095,Northwind Materials Corp.,Mid-Market,Education,30,2020-03-19
1096,Silverline Manufacturing Corp.,SMB,Finance,7,2023-04-22
1097,Palisade Ventures LLC 1,SMB,Finance,2,2024-03-01
1098,Catalyst Group Ltd. 1,SMB,Technology,2,2023-08-01
1099,Apex Health LLC 1,SMB,Healthcare,18,2021-06-28
1100,Catalyst Foods Co.,SMB,Education,9,2021-07-30
1101,Cascade Retail Corp.,SMB,Technology,14,2022-11-04
1102,Meridian Ventures LLC,SMB,Healthcare,29,2020-05-09
1103,Pioneer Ventures Ltd.,Enterprise,Education,3,2024-12-02
1104,Anchor Industries Ltd.,SMB,Professional Services,6,2019-09-19
1105,Silverline Technologies Corp.,SMB,Finance,7,2022-05-28
1106,Pioneer Solutions Ltd. 1,Mid-Market,Finance,14,2025-01-05
1107,Nova Enterprises LLC 1,Mid-Market,Manufacturing,21,2022-09-15
1108,Anchor Manufacturing Co.,Mid-Market,Education,6,2024-04-28
1109,Pioneer Solutions Ltd. 2,Enterprise,Manufacturing,4,2020-09-04
1110,Redwood Materials LLC,SMB,Healthcare,3,2022-02-12
1111,Palisade Logistics Co. 1,Mid-Market,Manufacturing,25,2023-12-28
1112,Granite Manufacturing Co. 1,SMB,Healthcare,1,2025-03-20
1113,Nova Health Inc. 1,SMB,Retail,19,2023-07-02
1114,Crestline Manufacturing Ltd.,SMB,Technology,18,2020-09-12
1115,Nova Systems Corp.,Mid-Market,Retail,4,2020-01-09
1116,Falcon Materials Ltd.,Mid-Market,Technology,17,2024-11-20
1117,Brightpath Retail LLC,SMB,Professional Services,9,2022-11-17
1118,Insight Industries LLC,SMB,Retail,16,2020-04-14
1119,Summit Logistics LLC,Mid-Market,Technology,5,2022-05-26
1120,Anchor Enterprises Inc. 1,SMB,Professional Services,21,2019-11-19
1121,Global Technologies Co. 1,Enterprise,Retail,24,2019-09-26
1122,Pioneer Group LLC,SMB,Retail,1,2025-06-09
1123,Meridian Retail Co.,Enterprise,Technology,16,2022-10-24
1124,Cascade Dynamics LLC,Mid-Market,Healthcare,20,2020-09-28
1125,Bluepeak Logistics LLC,SMB,Education,1,2025-03-02
1126,Apex Materials Co. 1,Enterprise,Manufacturing,22,2025-12-28
1127,Ironclad Networks LLC,Enterprise,Retail,17,2025-03-10
1128,Bluepeak Retail Ltd.,Enterprise,Professional Services,10,2024-03-25
1129,Insight Enterprises Inc. 1,Mid-Market,Finance,15,2025-09-25
1130,Catalyst Financial Co. 1,SMB,Finance,21,2020-05-19
1131,Orbit Solutions Ltd.,Enterprise,Education,20,2025-02-21
1132,Beacon Retail Ltd.,SMB,Technology,24,2021-07-05
1133,Brightpath Solutions Inc.,SMB,Manufacturing,2,2019-03-24
1134,Silverline Foods Co.,Mid-Market,Education,24,2019-03-24
1135,Granite Ventures Corp. 1,Enterprise,Healthcare,2,2020-04-25
1136,Brightpath Manufacturing LLC 1,SMB,Finance,20,2024-06-15
1137,Silverline Retail Inc.,SMB,Manufacturing,11,2025-04-10
1138,Ironclad Consulting Inc.,SMB,Technology,2,2019-11-24
1139,Catalyst Ventures Ltd. 1,SMB,Technology,21,2024-11-30
1140,Beacon Materials LLC,Enterprise,Healthcare,17,2024-04-14
1141,Ironclad Foods Co.,Mid-Market,Professional Services,20,2019-05-14
1142,Vertex Holdings LLC,SMB,Healthcare,12,2024-02-13
1143,Sterling Foods Inc.,Mid-Market,Education,9,2019-04-09
1144,Meridian Manufacturing Co.,SMB,Finance,19,2020-11-02
1145,Granite Systems Ltd.,SMB,Education,7,2022-09-19
1146,Granite Health Corp.,SMB,Finance,25,2025-05-13
1147,Global Materials Co.,Mid-Market,Professional Services,21,2019-09-27
1148,Insight Retail Ltd.,Mid-Market,Finance,30,2021-06-09
1149,Granite Materials Inc.,Mid-Market,Education,1,2023-01-14
1150,Granite Partners Corp. 1,Mid-Market,Education,18,2024-03-06
1151,Silverline Partners Co.,SMB,Manufacturing,17,2025-05-28
1152,Crestline Group Ltd.,Enterprise,Retail,26,2022-04-13
1153,Union Networks Ltd.,Enterprise,Technology,13,2024-11-19
1154,Falcon Systems Inc.,Mid-Market,Manufacturing,29,2023-04-27
1155,Orbit Analytics Corp.,Mid-Market,Finance,8,2020-06-05
1156,Insight Materials Inc.,SMB,Professional Services,26,2023-01-21
1157,Prime Financial Ltd.,Mid-Market,Professional Services,16,2021-03-13
1158,Everest Manufacturing LLC,SMB,Education,29,2023-12-04
1159,Summit Financial LLC,Enterprise,Professional Services,7,2020-12-28
1160,Everest Holdings Corp.,SMB,Professional Services,8,2020-11-02
1161,Harbor Enterprises Inc.,Mid-Market,Education,17,2025-08-13
1162,Anchor Materials Ltd. 1,Mid-Market,Retail,17,2025-05-11
1163,Union Materials Corp.,SMB,Healthcare,5,2022-02-28
1164,Meridian Materials Corp. 1,SMB,Education,20,2024-05-10
1165,Falcon Enterprises Ltd.,SMB,Healthcare,13,2025-11-15
1166,Pioneer Industries Ltd.,Mid-Market,Healthcare,5,2019-08-15
1167,Crestline Retail Co. 1,Mid-Market,Professional Services,16,2023-03-30
1168,Pioneer Dynamics Inc. 1,SMB,Technology,21,2020-10-09
1169,Crestline Consulting Corp.,Mid-Market,Technology,1,2024-08-06
1170,Redwood Solutions Inc.,SMB,Manufacturing,28,2019-09-17
1171,Bluepeak Health LLC,SMB,Retail,19,2024-07-09
1172,Meridian Group Corp.,SMB,Technology,8,2020-05-27
1173,Horizon Financial Inc. 1,SMB,Finance,23,2022-03-11
1174,Bluepeak Analytics Corp.,SMB,Healthcare,26,2024-09-11
1175,Silverline Partners Co. 1,Enterprise,Finance,29,2019-06-22
1176,Horizon Dynamics Inc. 1,Enterprise,Healthcare,24,2025-06-30
1177,Harbor Financial LLC,SMB,Retail,7,2020-07-09
1178,Falcon Manufacturing LLC,Mid-Market,Manufacturing,5,2022-07-03
1179,Falcon Ventures Co.,Mid-Market,Professional Services,7,2024-02-21
1180,Global Consulting Ltd.,Mid-Market,Technology,27,2019-11-12
1181,Silverline Holdings Inc.,SMB,Education,10,2023-04-05
1182,Catalyst Solutions Ltd. 1,SMB,Professional Services,10,2022-08-10
1183,Bluepeak Systems Inc.,SMB,Manufacturing,27,2023-02-06
1184,Horizon Networks Ltd.,Mid-Market,Retail,7,2023-08-21
1185,Union Ventures LLC,Mid-Market,Manufacturing,13,2021-12-11
1186,Global Partners Ltd. 1,SMB,Retail,9,2021-02-02
1187,Union Holdings Corp.,Mid-Market,Professional Services,10,2020-04-14
1188,Orbit Dynamics Ltd.,SMB,Manufacturing,18,2025-07-28
1189,Palisade Holdings LLC 1,SMB,Retail,23,2021-10-22
1190,Palisade Networks Corp. 1,Enterprise,Professional Services,8,2020-12-22
1191,Ironclad Manufacturing Co.,Enterprise,Manufacturing,2,2019-05-15
1192,Brightpath Group Co. 1,Mid-Market,Healthcare,20,2024-04-04
1193,Global Systems Corp.,SMB,Retail,17,2022-09-10
1194,Insight Solutions Co. 1,SMB,Retail,20,2020-05-03
1195,Apex Networks Inc.,Mid-Market,Healthcare,14,2025-04-02
1196,Insight Technologies Ltd.,SMB,Education,24,2025-07-14
1197,Insight Materials Ltd.,Mid-Market,Technology,19,2025-03-01
1198,Anchor Technologies LLC 1,Mid-Market,Finance,23,2022-12-04
1199,Beacon Systems LLC,SMB,Education,22,2021-08-12
1200,Global Consulting Corp. 1,Enterprise,Retail,15,2020-02-18
1201,Harbor Consulting Ltd.,Mid-Market,Retail,10,2021-08-22
1202,Redwood Ventures Ltd.,SMB,Retail,18,2023-04-14
1203,Bluepeak Technologies Ltd.,Mid-Market,Healthcare,20,2020-08-02
1204,Palisade Ventures Ltd.,SMB,Professional Services,18,2022-03-31
1205,Ironclad Retail Co.,Mid-Market,Finance,16,2023-01-04
1206,Bluepeak Consulting Co. 1,Enterprise,Education,11,2024-02-13
1207,Northwind Dynamics Corp.,Mid-Market,Professional Services,5,2019-08-22
1208,Pioneer Enterprises Inc.,Mid-Market,Healthcare,13,2025-01-25
1209,Granite Foods LLC,Mid-Market,Retail,27,2022-03-11
1210,Sterling Solutions Inc. 2,Enterprise,Technology,22,2023-01-27
1211,Crestline Analytics Corp.,SMB,Retail,23,2025-07-31
1212,Anchor Group Co. 1,Mid-Market,Manufacturing,23,2020-03-05
1213,Palisade Retail Corp.,Mid-Market,Technology,28,2025-03-10
1214,Nova Solutions Co.,Enterprise,Retail,7,2024-08-18
1215,Vertex Logistics Corp.,Mid-Market,Professional Services,22,2025-12-15
1216,Horizon Networks Corp. 1,Mid-Market,Technology,3,2021-10-01
1217,Pioneer Enterprises Inc. 1,SMB,Professional Services,8,2019-11-21
1218,Delta Dynamics Ltd.,Mid-Market,Education,1,2019-02-06
1219,Nova Systems LLC,SMB,Manufacturing,13,2024-07-18
1220,Delta Retail Corp. 1,SMB,Professional Services,5,2019-12-16
1221,Redwood Logistics Co.,Enterprise,Finance,12,2021-02-21
1222,Pioneer Consulting LLC,Enterprise,Education,5,2025-11-28
1223,Everest Logistics Co. 1,Enterprise,Retail,2,2022-02-03
1224,Vertex Logistics Co. 1,SMB,Retail,15,2020-08-13
1225,Insight Consulting Inc. 2,Enterprise,Education,13,2024-04-09
1226,Global Networks LLC,SMB,Professional Services,13,2020-11-25
1227,Union Solutions Co.,SMB,Education,11,2022-09-19
1228,Northwind Systems Corp. 1,SMB,Retail,13,2020-02-07
1229,Ironclad Logistics Ltd.,SMB,Professional Services,1,2022-03-23
1230,Everest Technologies Co.,SMB,Manufacturing,15,2019-10-05
1231,Catalyst Enterprises Inc.,Enterprise,Retail,26,2024-05-30
1232,Crestline Consulting Ltd.,Mid-Market,Healthcare,5,2021-07-22
1233,Summit Manufacturing Co. 1,Mid-Market,Finance,5,2021-03-25
1234,Crestline Technologies Corp. 1,SMB,Professional Services,24,2025-12-15
1235,Delta Ventures Co.,SMB,Manufacturing,16,2024-10-21
1236,Redwood Health Ltd.,SMB,Manufacturing,8,2022-11-16
1237,Beacon Dynamics Ltd.,Mid-Market,Education,24,2025-08-10
1238,Silverline Solutions Inc.,SMB,Finance,10,2020-06-24
1239,Redwood Logistics Ltd. 1,Mid-Market,Healthcare,19,2023-01-05
1240,Summit Consulting Co.,Mid-Market,Technology,17,2025-07-02
1241,Global Dynamics LLC 1,SMB,Healthcare,6,2022-12-27
1242,Anchor Manufacturing Inc.,Mid-Market,Manufacturing,23,2021-02-26
1243,Horizon Materials Corp. 2,Mid-Market,Education,19,2024-09-05
1244,Bluepeak Manufacturing Co.,SMB,Finance,7,2019-12-21
1245,Cascade Materials Ltd.,Enterprise,Manufacturing,23,2020-01-24
1246,Union Solutions Co. 1,Mid-Market,Healthcare,19,2024-02-12
1247,Harbor Group Corp.,Mid-Market,Education,26,2019-06-27
1248,Beacon Manufacturing Corp.,Enterprise,Manufacturing,25,2019-05-10
1249,Sterling Group LLC 1,SMB,Healthcare,10,2021-08-26
1250,Everest Financial Co.,SMB,Retail,29,2021-10-14
1251,Redwood Ventures Ltd. 1,Mid-Market,Finance,2,2022-04-15
1252,Nova Networks Ltd. 1,Mid-Market,Professional Services,11,2024-03-08
1253,Silverline Materials Co. 1,Mid-Market,Healthcare,19,2022-12-24
1254,Insight Financial Co. 1,SMB,Professional Services,17,2023-12-29
1255,Catalyst Systems Co.,SMB,Retail,7,2019-05-08
1256,Bluepeak Manufacturing Corp.,SMB,Technology,6,2021-03-17
1257,Northwind Networks Inc.,Mid-Market,Education,24,2025-10-06
1258,Granite Materials Corp. 1,Mid-Market,Education,27,2021-12-29
1259,Apex Partners Corp.,Mid-Market,Manufacturing,21,2020-07-22
1260,Granite Partners Co.,SMB,Healthcare,16,2025-12-10
1261,Palisade Materials Inc.,Mid-Market,Manufacturing,24,2021-11-17
1262,Delta Retail Co.,SMB,Retail,8,2022-05-08
1263,Northwind Solutions Ltd. 1,SMB,Technology,30,2020-07-26
1264,Sterling Consulting Inc.,Mid-Market,Finance,4,2023-08-05
1265,Northwind Materials LLC,Mid-Market,Retail,18,2020-06-13
1266,Global Technologies Inc.,Mid-Market,Manufacturing,11,2023-04-08
1267,Orbit Ventures Co. 2,Enterprise,Professional Services,28,2024-04-20
1268,Insight Financial Ltd.,Mid-Market,Healthcare,8,2023-07-26
1269,Prime Foods Ltd. 1,SMB,Education,20,2019-08-20
1270,Nova Technologies Corp. 1,Mid-Market,Finance,5,2019-07-23
1271,Granite Financial Corp.,Mid-Market,Healthcare,6,2024-11-23
1272,Granite Dynamics Inc. 1,SMB,Professional Services,13,2025-05-01
1273,Everest Enterprises Ltd.,SMB,Retail,24,2019-12-13
1274,Insight Group Inc. 1,Mid-Market,Manufacturing,9,2021-08-17
1275,Insight Ventures LLC 1,SMB,Finance,21,2023-07-30
1276,Granite Solutions Co. 1,SMB,Professional Services,18,2024-11-05
1277,Harbor Analytics Inc.,SMB,Technology,30,2025-05-12
1278,Beacon Industries Co.,SMB,Technology,10,2023-11-21
1279,Northwind Foods Inc.,Enterprise,Healthcare,8,2020-01-12
1280,Orbit Partners Corp.,SMB,Retail,28,2024-05-17
1281,Cascade Logistics Corp.,Mid-Market,Technology,10,2025-01-04
1282,Redwood Holdings Inc.,SMB,Education,7,2021-06-16
1283,Palisade Solutions Co. 1,SMB,Healthcare,25,2022-06-17
1284,Prime Systems Co.,Enterprise,Retail,25,2020-03-01
1285,Global Financial LLC,Enterprise,Education,2,2021-02-17
1286,Union Solutions LLC,SMB,Professional Services,26,2025-02-01
1287,Insight Industries Ltd.,SMB,Finance,19,2019-08-16
1288,Everest Logistics LLC,Enterprise,Technology,9,2024-05-02
1289,Global Financial Inc.,SMB,Education,17,2019-09-07
1290,Brightpath Industries Ltd.,SMB,Manufacturing,8,2021-01-17
1291,Redwood Group LLC,Mid-Market,Professional Services,6,2023-01-28
1292,Meridian Manufacturing Corp.,Mid-Market,Healthcare,4,2019-01-09
1293,Palisade Enterprises Ltd. 1,Enterprise,Retail,5,2023-09-23
1294,Meridian Solutions Corp.,SMB,Technology,18,2021-03-19
1295,Granite Financial Co.,Mid-Market,Manufacturing,25,2024-03-28
1296,Granite Dynamics Ltd.,SMB,Technology,15,2025-10-28
1297,Sterling Ventures Co.,Mid-Market,Education,1,2021-11-30
1298,Orbit Enterprises Co.,SMB,Retail,13,2019-03-18
1299,Brightpath Manufacturing Ltd.,Mid-Market,Technology,23,2024-12-09
1300,Granite Health Corp. 1,Mid-Market,Manufacturing,26,2020-12-02
1301,Northwind Partners Corp.,SMB,Finance,22,2020-01-15
1302,Falcon Foods Ltd.,Mid-Market,Retail,12,2025-02-25
1303,Brightpath Group Inc.,SMB,Manufacturing,20,2020-08-17
1304,Summit Partners Corp.,SMB,Manufacturing,3,2023-03-28
1305,Beacon Systems LLC 1,SMB,Education,13,2020-10-11
1306,Horizon Partners Corp.,SMB,Manufacturing,17,2023-12-27
1307,Redwood Manufacturing Co. 1,Mid-Market,Education,1,2023-07-17
1308,Harbor Consulting Corp.,SMB,Professional Services,1,2022-07-25
1309,Catalyst Networks Corp. 1,SMB,Education,25,2022-11-19
1310,Palisade Dynamics Corp.,Mid-Market,Professional Services,7,2020-08-03
1311,Apex Holdings LLC,Enterprise,Retail,4,2019-02-26
1312,Everest Health Ltd. 1,SMB,Manufacturing,18,2024-08-08
1313,Bluepeak Dynamics LLC 2,Mid-Market,Manufacturing,9,2025-03-23
1314,Summit Partners Co.,SMB,Healthcare,30,2024-06-11
1315,Harbor Health Inc.,SMB,Education,29,2023-12-15
1316,Vertex Consulting LLC,SMB,Retail,25,2022-04-21
1317,Northwind Foods Ltd.,Mid-Market,Professional Services,10,2023-02-01
1318,Nova Dynamics Inc.,Mid-Market,Retail,27,2023-11-03
1319,Union Networks Corp. 1,Mid-Market,Manufacturing,8,2019-03-09
1320,Falcon Analytics LLC,Enterprise,Finance,8,2021-12-18
1321,Redwood Financial Co.,SMB,Professional Services,30,2020-07-28
1322,Falcon Materials Inc. 2,SMB,Education,21,2024-03-30
1323,Harbor Enterprises Corp.,Mid-Market,Professional Services,3,2021-07-17
1324,Falcon Manufacturing Corp.,Mid-Market,Retail,27,2024-03-04
1325,Nova Partners Co.,SMB,Manufacturing,5,2025-10-20
1326,Horizon Enterprises Corp.,Enterprise,Technology,21,2025-06-18
1327,Crestline Dynamics Inc.,SMB,Technology,14,2024-10-16
1328,Sterling Industries Co.,Mid-Market,Retail,1,2024-12-20
1329,Everest Retail Inc.,SMB,Healthcare,24,2021-10-03
1330,Northwind Solutions Ltd. 2,Mid-Market,Technology,21,2024-02-13
1331,Sterling Group LLC 2,SMB,Education,27,2023-09-01
1332,Vertex Group Inc.,Mid-Market,Retail,19,2025-11-17
1333,Ironclad Holdings Inc.,SMB,Technology,23,2023-01-09
1334,Catalyst Enterprises Co.,Enterprise,Manufacturing,28,2022-01-03
1335,Cascade Financial Co.,Mid-Market,Manufacturing,30,2024-11-10
1336,Nova Partners Ltd. 2,SMB,Technology,17,2024-03-30
1337,Meridian Analytics Co.,Mid-Market,Retail,1,2019-11-16
1338,Beacon Analytics Co.,Enterprise,Finance,11,2023-03-05
1339,Harbor Materials LLC 1,Mid-Market,Professional Services,19,2023-02-22
1340,Union Consulting Ltd. 1,Mid-Market,Technology,4,2023-06-03
1341,Palisade Analytics Corp.,Enterprise,Education,4,2025-08-03
1342,Meridian Materials Inc.,SMB,Technology,12,2023-03-19
1343,Granite Ventures Corp. 2,Mid-Market,Education,28,2025-02-01
1344,Falcon Manufacturing Inc.,SMB,Education,10,2021-07-05
1345,Insight Industries Ltd. 1,SMB,Finance,29,2019-05-27
1346,Everest Logistics LLC 1,Enterprise,Healthcare,25,2021-08-17
1347,Ironclad Materials Inc. 1,SMB,Technology,10,2022-09-23
1348,Harbor Partners Ltd.,SMB,Finance,7,2024-10-30
1349,Union Holdings LLC 1,SMB,Retail,25,2023-06-04
1350,Union Manufacturing Corp.,Mid-Market,Education,23,2022-02-04
1351,Sterling Solutions Inc. 3,Mid-Market,Healthcare,19,2022-03-26
1352,Vertex Analytics Inc.,Enterprise,Technology,30,2025-12-22
1353,Everest Financial Co. 1,SMB,Manufacturing,4,2019-12-28
1354,Bluepeak Enterprises Corp.,SMB,Retail,12,2020-06-09
1355,Sterling Systems Corp.,SMB,Professional Services,19,2023-05-18
1356,Everest Group Ltd. 1,Enterprise,Education,3,2023-11-28
1357,Pioneer Systems Ltd.,SMB,Manufacturing,30,2021-10-06
1358,Northwind Enterprises Inc. 1,Mid-Market,Retail,18,2019-03-24
1359,Harbor Partners Co.,SMB,Retail,10,2022-08-27
1360,Bluepeak Materials Ltd. 1,Enterprise,Manufacturing,8,2020-01-04
1361,Sterling Foods LLC,SMB,Retail,1,2019-05-24
1362,Ironclad Networks LLC 1,SMB,Healthcare,18,2021-05-31
1363,Falcon Financial Inc.,Enterprise,Education,30,2019-12-13
1364,Redwood Networks LLC,Enterprise,Professional Services,2,2022-01-27
1365,Meridian Solutions LLC,SMB,Manufacturing,13,2024-04-30
1366,Global Health LLC 1,Mid-Market,Manufacturing,20,2019-05-01
1367,Silverline Dynamics Ltd.,SMB,Manufacturing,13,2022-07-01
1368,Brightpath Retail LLC 1,SMB,Education,20,2022-06-24
1369,Palisade Analytics Corp. 1,SMB,Healthcare,22,2019-01-05
1370,Catalyst Health Corp. 1,Mid-Market,Finance,29,2024-03-01
1371,Catalyst Consulting Inc. 2,Mid-Market,Retail,19,2019-08-18
1372,Orbit Manufacturing Inc. 1,Enterprise,Retail,22,2025-07-10
1373,Apex Holdings Inc.,SMB,Finance,10,2023-06-23
1374,Prime Group Ltd.,Mid-Market,Technology,5,2021-01-05
1375,Meridian Partners Ltd. 1,Mid-Market,Manufacturing,3,2025-06-23
1376,Insight Partners Inc. 1,Mid-Market,Retail,4,2021-10-20
1377,Catalyst Manufacturing Ltd.,SMB,Education,25,2020-10-27
1378,Falcon Retail Co.,Enterprise,Technology,2,2021-09-09
1379,Insight Systems Inc.,SMB,Technology,15,2023-04-13
1380,Pioneer Consulting Inc.,SMB,Finance,19,2024-01-24
1381,Global Materials Ltd. 1,SMB,Manufacturing,21,2023-08-19
1382,Brightpath Networks LLC,SMB,Technology,2,2025-06-12
1383,Prime Group LLC,SMB,Healthcare,26,2025-09-09
1384,Falcon Networks Corp.,SMB,Finance,14,2020-05-18
1385,Orbit Foods Inc.,Enterprise,Healthcare,1,2025-05-21
1386,Global Health Corp.,SMB,Retail,4,2019-09-30
1387,Horizon Ventures LLC,SMB,Technology,26,2025-09-11
1388,Bluepeak Enterprises Co. 1,SMB,Professional Services,29,2020-10-24
1389,Global Consulting Ltd. 1,SMB,Healthcare,23,2020-11-10
1390,Northwind Ventures LLC,SMB,Manufacturing,11,2021-12-13
1391,Ironclad Materials Ltd.,SMB,Professional Services,29,2020-04-09
1392,Falcon Solutions Corp.,Mid-Market,Retail,9,2024-10-16
1393,Sterling Industries Corp. 1,Mid-Market,Professional Services,8,2019-11-15
1394,Apex Partners Ltd.,Mid-Market,Technology,23,2022-01-27
1395,Meridian Group LLC,Mid-Market,Education,10,2025-05-07
1396,Catalyst Consulting Corp.,Mid-Market,Technology,16,2023-06-13
1397,Cascade Logistics Corp. 1,Enterprise,Retail,20,2023-04-01
1398,Ironclad Health Ltd. 1,Enterprise,Finance,5,2025-12-17
1399,Insight Materials LLC 1,SMB,Education,28,2019-02-27
1400,Nova Solutions Co. 1,Mid-Market,Technology,5,2021-03-28
1401,Silverline Foods LLC,SMB,Professional Services,30,2019-11-16
1402,Union Materials Inc. 1,SMB,Manufacturing,9,2020-04-16
1403,Catalyst Dynamics Corp. 1,Enterprise,Manufacturing,13,2020-07-06
1404,Everest Industries LLC 1,Mid-Market,Manufacturing,8,2023-05-22
1405,Crestline Materials Corp. 1,Mid-Market,Technology,17,2020-11-26
1406,Silverline Technologies Co. 1,SMB,Finance,1,2023-08-25
1407,Delta Holdings Inc. 1,Mid-Market,Retail,6,2024-03-01
1408,Everest Enterprises Inc. 1,SMB,Professional Services,16,2021-10-24
1409,Delta Industries LLC 1,SMB,Professional Services,21,2022-10-02
1410,Palisade Dynamics Corp. 1,SMB,Manufacturing,29,2019-12-04
1411,Crestline Holdings Inc.,Mid-Market,Healthcare,26,2024-04-07
1412,Cascade Industries Ltd. 2,Enterprise,Manufacturing,28,2021-12-07
1413,Sterling Health Ltd.,Mid-Market,Manufacturing,24,2024-11-03
1414,Prime Group Ltd. 1,Enterprise,Finance,24,2022-09-07
1415,Palisade Logistics Corp.,Mid-Market,Finance,11,2023-11-16
1416,Redwood Foods Co. 1,SMB,Professional Services,28,2021-07-05
1417,Orbit Enterprises Ltd.,SMB,Finance,29,2021-08-08
1418,Bluepeak Group Co.,SMB,Technology,16,2023-06-14
1419,Catalyst Analytics Inc.,SMB,Education,4,2022-07-18
1420,Orbit Ventures Ltd.,Mid-Market,Retail,2,2024-08-17
1421,Northwind Systems LLC 2,SMB,Finance,15,2019-05-21
1422,Cascade Foods Inc. 1,SMB,Retail,20,2025-04-20
1423,Silverline Solutions Inc. 1,SMB,Professional Services,17,2025-06-24
1424,Union Analytics Inc.,SMB,Professional Services,27,2020-09-15
1425,Insight Industries Inc.,Mid-Market,Education,17,2019-09-15
1426,Bluepeak Industries Corp.,Enterprise,Retail,20,2023-01-01
1427,Vertex Solutions Ltd.,Mid-Market,Technology,23,2019-06-14
1428,Insight Analytics Corp.,Mid-Market,Manufacturing,27,2020-08-10
1429,Nova Enterprises Inc. 1,SMB,Education,19,2022-07-21
1430,Granite Consulting Ltd.,Mid-Market,Education,17,2023-04-18
1431,Nova Group Inc.,SMB,Education,3,2020-05-11
1432,Bluepeak Solutions Co.,SMB,Professional Services,20,2025-07-12
1433,Insight Materials LLC 2,Mid-Market,Manufacturing,6,2020-04-08
1434,Nova Foods Inc.,Mid-Market,Technology,12,2020-01-28
1435,Nova Foods LLC 1,SMB,Manufacturing,16,2020-02-19
1436,Union Industries Co.,SMB,Finance,3,2025-07-03
1437,Vertex Health Co.,Mid-Market,Education,21,2025-02-24
1438,Global Logistics Corp.,Mid-Market,Education,9,2019-03-26
1439,Palisade Technologies Co. 1,SMB,Finance,16,2024-02-01
1440,Harbor Technologies LLC 2,Mid-Market,Finance,11,2019-07-07
1441,Beacon Logistics Corp.,SMB,Healthcare,11,2019-07-12
1442,Harbor Consulting Corp. 1,Mid-Market,Technology,12,2019-07-14
1443,Redwood Systems LLC,Enterprise,Finance,2,2024-10-21
1444,Union Enterprises LLC,Mid-Market,Healthcare,6,2021-12-28
1445,Insight Holdings Corp.,SMB,Healthcare,24,2022-11-24
1446,Redwood Health Ltd. 1,SMB,Professional Services,4,2019-03-20
1447,Summit Consulting Corp.,Mid-Market,Retail,15,2025-04-21
1448,Prime Dynamics Inc. 2,SMB,Manufacturing,5,2025-11-15
1449,Union Networks Corp. 2,Mid-Market,Healthcare,17,2020-08-24
1450,Everest Foods Co. 1,Mid-Market,Education,20,2023-08-06
1451,Union Ventures Inc.,Mid-Market,Retail,15,2023-10-02
1452,Meridian Dynamics Co.,Enterprise,Manufacturing,24,2025-10-05
1453,Northwind Foods Inc. 1,SMB,Manufacturing,8,2022-05-21
1454,Palisade Consulting Inc.,Mid-Market,Manufacturing,17,2020-08-31
1455,Falcon Industries Inc.,SMB,Education,9,2021-07-09
1456,Crestline Consulting LLC 2,Enterprise,Education,16,2023-06-23
1457,Ironclad Health LLC,SMB,Manufacturing,2,2022-04-22
1458,Meridian Retail Co. 1,Mid-Market,Retail,9,2019-07-22
1459,Prime Systems Corp. 1,SMB,Professional Services,22,2024-08-25
1460,Meridian Retail Ltd.,Mid-Market,Finance,24,2025-01-18
1461,Apex Financial Co.,Enterprise,Professional Services,9,2022-05-07
1462,Redwood Technologies Inc. 1,SMB,Retail,8,2022-08-30
1463,Pioneer Consulting LLC 1,SMB,Healthcare,9,2022-06-10
1464,Silverline Materials Co. 2,SMB,Professional Services,9,2022-09-16
1465,Falcon Systems Ltd.,Mid-Market,Retail,30,2019-09-20
1466,Nova Foods Inc. 1,SMB,Finance,20,2022-01-13
1467,Prime Dynamics LLC 1,SMB,Healthcare,12,2022-02-18
1468,Anchor Group LLC,SMB,Professional Services,14,2025-12-25
1469,Granite Group Inc. 1,Mid-Market,Education,16,2019-05-05
1470,Harbor Logistics Corp.,SMB,Technology,17,2021-03-08
1471,Pioneer Materials Ltd.,SMB,Retail,12,2022-06-21
1472,Prime Foods LLC,SMB,Technology,30,2024-12-05
1473,Insight Holdings LLC 2,Mid-Market,Finance,9,2022-03-24
1474,Redwood Foods Corp.,Mid-Market,Manufacturing,13,2021-01-13
1475,Everest Foods Co. 2,SMB,Healthcare,1,2022-09-30
1476,Global Industries Ltd. 1,SMB,Manufacturing,15,2021-01-29
1477,Pioneer Partners Co.,SMB,Manufacturing,26,2022-11-02
1478,Horizon Systems Corp. 1,Mid-Market,Retail,30,2023-10-30
1479,Apex Financial Inc. 1,Mid-Market,Education,15,2022-09-18
1480,Falcon Enterprises Inc.,SMB,Healthcare,5,2023-04-08
1481,Delta Group Inc.,Enterprise,Education,22,2019-04-09
1482,Cascade Retail Corp. 1,Mid-Market,Healthcare,20,2023-08-11
1483,Apex Ventures LLC,SMB,Technology,29,2025-10-14
1484,Pioneer Health LLC 1,SMB,Manufacturing,16,2022-06-10
1485,Prime Foods Co.,SMB,Finance,1,2024-08-13
1486,Anchor Financial Inc.,Mid-Market,Healthcare,28,2022-11-04
1487,Delta Holdings Inc. 2,Enterprise,Finance,21,2023-12-05
1488,Ironclad Holdings LLC,SMB,Professional Services,25,2021-03-03
1489,Granite Industries Ltd.,Mid-Market,Retail,4,2025-10-07
1490,Granite Partners Co. 1,Mid-Market,Education,14,2020-07-03
1491,Catalyst Manufacturing LLC,Mid-Market,Healthcare,14,2020-02-11
1492,Apex Manufacturing LLC,SMB,Technology,9,2019-04-27
1493,Falcon Ventures Corp.,SMB,Finance,26,2022-10-15
1494,Granite Analytics Co. 1,SMB,Education,6,2023-05-01
1495,Ironclad Foods Inc.,SMB,Professional Services,3,2023-07-19
1496,Brightpath Logistics Co.,Mid-Market,Technology,8,2020-03-16
1497,Catalyst Group Co.,Mid-Market,Manufacturing,30,2023-07-24
1498,Brightpath Networks LLC 1,Mid-Market,Finance,4,2020-02-27
1499,Bluepeak Retail Ltd. 1,Enterprise,Education,18,2024-04-13
1500,Palisade Foods Ltd.,Mid-Market,Healthcare,6,2020-12-04
1501,Catalyst Health Inc. 1,Mid-Market,Manufacturing,12,2021-12-14
1502,Nova Logistics Corp.,Enterprise,Education,17,2021-07-27
1503,Palisade Materials LLC,SMB,Manufacturing,1,2021-07-28
1504,Vertex Networks Inc.,SMB,Education,8,2024-01-17
1505,Brightpath Systems Corp.,Enterprise,Retail,18,2025-12-25
1506,Pioneer Analytics Ltd. 1,Mid-Market,Retail,1,2022-09-09
1507,Insight Industries Corp.,SMB,Healthcare,15,2021-10-22
1508,Palisade Consulting Inc. 1,SMB,Professional Services,19,2021-01-20
1509,Silverline Financial Co. 1,SMB,Healthcare,7,2023-05-16
1510,Redwood Systems Inc.,Mid-Market,Professional Services,5,2022-02-27
1511,Union Analytics LLC 1,SMB,Professional Services,15,2024-05-29
1512,Pioneer Retail Corp. 1,Mid-Market,Manufacturing,22,2023-03-31
1513,Redwood Consulting Co. 2,Mid-Market,Professional Services,1,2021-11-18
1514,Anchor Ventures Ltd.,Mid-Market,Education,11,2025-09-01
1515,Prime Health Inc.,Mid-Market,Education,30,2019-01-29
1516,Silverline Materials Corp. 1,Mid-Market,Technology,11,2023-10-29
1517,Northwind Systems Co.,Mid-Market,Technology,10,2021-11-15
1518,Nova Materials LLC 1,SMB,Technology,23,2019-11-07
1519,Insight Materials Co.,Mid-Market,Technology,15,2019-08-25
1520,Brightpath Holdings Corp.,Mid-Market,Education,12,2023-07-18
1521,Cascade Ventures Ltd.,Enterprise,Healthcare,24,2020-01-13
1522,Bluepeak Foods Ltd. 1,Mid-Market,Technology,1,2024-12-28
1523,Palisade Foods Co.,Mid-Market,Professional Services,22,2021-03-05
1524,Pioneer Retail Ltd.,Mid-Market,Healthcare,12,2021-05-28
1525,Brightpath Materials Corp. 1,Mid-Market,Education,27,2023-08-15
1526,Horizon Solutions Corp. 1,SMB,Professional Services,22,2020-07-16
1527,Falcon Enterprises Ltd. 1,SMB,Manufacturing,29,2019-01-18
1528,Catalyst Holdings Corp. 3,Mid-Market,Professional Services,4,2022-02-13
1529,Beacon Industries Inc. 1,SMB,Professional Services,6,2022-09-11
1530,Nova Group Co.,SMB,Healthcare,28,2022-02-13
1531,Apex Health LLC 2,SMB,Healthcare,12,2022-03-16
1532,Orbit Manufacturing Ltd.,SMB,Finance,25,2023-08-29
1533,Bluepeak Materials Corp.,SMB,Manufacturing,21,2024-12-01
1534,Anchor Logistics Inc.,SMB,Education,15,2021-07-23
1535,Anchor Dynamics Co.,SMB,Healthcare,2,2024-07-12
1536,Cascade Enterprises Inc.,Mid-Market,Healthcare,3,2019-06-10
1537,Nova Financial Co.,Enterprise,Finance,22,2022-05-12
1538,Northwind Group Co.,Enterprise,Healthcare,3,2021-08-19
1539,Redwood Partners Corp.,Mid-Market,Professional Services,1,2022-04-05
1540,Prime Foods Co. 1,Mid-Market,Finance,7,2019-08-22
1541,Northwind Dynamics Co.,Mid-Market,Professional Services,28,2019-12-21
1542,Prime Health Co.,SMB,Technology,19,2021-01-20
1543,Summit Financial Ltd.,SMB,Technology,22,2020-11-30
1544,Union Industries Co. 1,SMB,Education,20,2021-09-11
1545,Insight Ventures Ltd.,Enterprise,Healthcare,17,2022-03-14
1546,Harbor Industries Co.,Mid-Market,Technology,8,2020-07-19
1547,Granite Retail Inc. 1,SMB,Retail,13,2023-05-02
1548,Sterling Solutions Corp.,SMB,Healthcare,17,2021-08-18
1549,Beacon Retail Corp. 1,SMB,Technology,30,2019-06-03
1550,Summit Materials Co. 2,SMB,Finance,27,2020-09-14
1551,Horizon Logistics Corp.,SMB,Manufacturing,23,2022-12-02
1552,Anchor Holdings Corp. 1,Mid-Market,Manufacturing,25,2023-04-01
1553,Insight Group Ltd.,Mid-Market,Retail,25,2024-08-05
1554,Granite Networks Ltd.,Mid-Market,Technology,21,2020-09-19
1555,Union Foods Corp.,SMB,Finance,25,2022-12-08
1556,Pioneer Retail Co.,SMB,Finance,3,2022-05-01
1557,Harbor Logistics Co.,Mid-Market,Finance,1,2024-12-08
1558,Northwind Holdings Ltd.,SMB,Manufacturing,14,2024-02-09
1559,Summit Manufacturing Co. 2,Mid-Market,Healthcare,2,2019-12-04
1560,Catalyst Foods Inc.,Mid-Market,Retail,11,2025-09-16
1561,Vertex Logistics Corp. 1,Mid-Market,Professional Services,6,2021-06-26
1562,Northwind Retail Inc. 1,Enterprise,Retail,29,2025-09-05
1563,Palisade Systems Ltd.,SMB,Finance,20,2020-12-30
1564,Harbor Logistics Inc.,Mid-Market,Manufacturing,2,2022-04-13
1565,Granite Systems Corp.,SMB,Retail,19,2022-11-07
1566,Nova Consulting Ltd.,SMB,Education,22,2019-06-12
1567,Vertex Consulting Ltd.,Mid-Market,Finance,10,2024-01-04
1568,Delta Partners Inc.,Mid-Market,Technology,27,2019-09-25
1569,Northwind Materials Corp. 1,SMB,Retail,30,2020-02-24
1570,Apex Financial Ltd.,Mid-Market,Retail,30,2021-01-11
1571,Brightpath Enterprises Co. 1,SMB,Technology,3,2025-09-21
1572,Sterling Networks Co.,Enterprise,Retail,14,2025-10-23
1573,Insight Technologies Co.,SMB,Technology,24,2022-06-04
1574,Silverline Systems LLC 1,SMB,Retail,14,2022-09-25
1575,Catalyst Networks Ltd. 2,Mid-Market,Education,15,2020-06-25
1576,Ironclad Networks Inc.,Mid-Market,Technology,10,2021-12-04
1577,Granite Materials LLC,SMB,Education,13,2025-11-21
1578,Silverline Retail LLC,Mid-Market,Technology,21,2024-07-14
1579,Palisade Solutions Corp.,Mid-Market,Healthcare,1,2023-11-18
1580,Harbor Technologies Co.,Mid-Market,Retail,24,2020-12-12
1581,Falcon Manufacturing Co.,Mid-Market,Finance,22,2024-05-04
1582,Meridian Dynamics Co. 1,SMB,Professional Services,5,2025-10-06
1583,Redwood Analytics Co. 1,SMB,Professional Services,24,2025-11-30
1584,Brightpath Partners Inc.,Mid-Market,Professional Services,16,2023-03-14
1585,Pioneer Networks Co.,SMB,Technology,10,2020-02-15
1586,Prime Networks Co.,Mid-Market,Healthcare,14,2025-09-30
1587,Anchor Consulting Ltd.,Enterprise,Healthcare,16,2022-10-15
1588,Apex Industries Inc.,SMB,Retail,7,2019-04-08
1589,Union Retail Ltd.,SMB,Manufacturing,19,2019-07-28
1590,Silverline Partners Ltd.,Enterprise,Education,19,2023-01-15
1591,Silverline Holdings Inc. 1,Mid-Market,Healthcare,12,2024-11-05
1592,Everest Consulting LLC 1,SMB,Healthcare,14,2025-08-03
1593,Crestline Solutions Ltd.,SMB,Retail,19,2025-08-10
1594,Catalyst Manufacturing Inc. 1,Enterprise,Retail,16,2023-01-18
1595,Catalyst Industries LLC 1,Mid-Market,Retail,14,2025-11-13
1596,Insight Group Ltd. 1,SMB,Finance,29,2020-01-18
1597,Delta Analytics Co.,Mid-Market,Manufacturing,27,2019-08-30
1598,Redwood Dynamics LLC,Mid-Market,Professional Services,12,2019-03-19
1599,Bluepeak Health Inc.,Mid-Market,Retail,22,2024-06-01
1600,Catalyst Dynamics Co. 1,Mid-Market,Professional Services,25,2025-05-31
1601,Granite Ventures Co. 1,Mid-Market,Manufacturing,4,2024-11-16
1602,Crestline Systems Co. 1,SMB,Technology,18,2025-07-29
1603,Cascade Financial Corp.,SMB,Education,24,2022-11-01
1604,Silverline Consulting Ltd. 1,SMB,Manufacturing,2,2024-05-04
1605,Pioneer Analytics Inc.,SMB,Technology,11,2021-05-10
1606,Northwind Partners Ltd.,Mid-Market,Technology,24,2024-05-13
1607,Nova Group Ltd.,Mid-Market,Finance,29,2024-04-08
1608,Catalyst Networks Ltd. 3,SMB,Healthcare,30,2022-01-18
1609,Silverline Group Ltd.,Mid-Market,Retail,19,2019-04-22
1610,Union Systems Co. 1,SMB,Retail,2,2020-11-11
1611,Apex Ventures Ltd. 1,SMB,Finance,1,2025-03-12
1612,Brightpath Analytics Inc.,Enterprise,Technology,25,2023-02-10
1613,Anchor Ventures Ltd. 1,Mid-Market,Technology,23,2021-11-01
1614,Palisade Manufacturing Ltd. 1,Mid-Market,Professional Services,6,2025-08-18
1615,Catalyst Logistics Corp.,Mid-Market,Finance,4,2021-07-25
1616,Pioneer Financial Ltd. 1,Mid-Market,Technology,5,2021-04-18
1617,Ironclad Logistics Inc.,Mid-Market,Retail,27,2024-05-23
1618,Silverline Analytics LLC,SMB,Professional Services,23,2021-06-27
1619,Falcon Networks Co.,SMB,Technology,29,2022-02-14
1620,Palisade Systems Inc. 1,SMB,Professional Services,4,2024-01-21
1621,Harbor Partners Co. 1,Mid-Market,Education,21,2022-01-04
1622,Global Analytics LLC 2,Mid-Market,Healthcare,28,2021-04-03
1623,Orbit Consulting Ltd.,Mid-Market,Education,16,2019-02-09
1624,Anchor Ventures LLC 1,Enterprise,Finance,24,2025-01-08
1625,Apex Analytics Inc.,SMB,Retail,19,2022-09-08
1626,Sterling Holdings Ltd. 2,Mid-Market,Technology,1,2024-12-16
1627,Horizon Foods Ltd.,Mid-Market,Healthcare,13,2023-04-29
1628,Apex Analytics Inc. 1,SMB,Education,8,2020-05-27
1629,Sterling Partners LLC,Mid-Market,Education,3,2021-07-17
1630,Meridian Logistics LLC,Enterprise,Technology,18,2021-12-02
1631,Meridian Retail Co. 2,Mid-Market,Healthcare,28,2024-03-05
1632,Northwind Technologies LLC,SMB,Retail,2,2022-11-02
1633,Palisade Partners Inc. 2,SMB,Professional Services,10,2023-06-15
1634,Union Technologies Co.,Mid-Market,Retail,21,2024-04-08
1635,Palisade Partners Inc. 3,SMB,Retail,10,2020-11-30
1636,Catalyst Holdings Corp. 4,SMB,Finance,4,2025-03-04
1637,Union Foods Inc.,SMB,Technology,6,2022-03-04
1638,Apex Financial LLC 3,Mid-Market,Education,1,2023-08-17
1639,Nova Financial Ltd. 1,Enterprise,Education,30,2020-07-11
1640,Insight Dynamics Inc.,SMB,Manufacturing,15,2024-02-22
1641,Crestline Health Ltd.,Mid-Market,Manufacturing,29,2021-06-14
1642,Meridian Industries Corp.,SMB,Healthcare,21,2023-08-27
1643,Cascade Solutions Ltd.,SMB,Manufacturing,11,2023-08-28
1644,Insight Partners Inc. 2,Enterprise,Healthcare,29,2021-08-29
1645,Delta Group LLC,SMB,Finance,8,2025-04-26
1646,Silverline Health Inc. 1,SMB,Technology,6,2025-08-11
1647,Palisade Materials Co.,SMB,Retail,25,2020-10-21
1648,Ironclad Materials Co.,Mid-Market,Healthcare,17,2022-08-08
1649,Sterling Foods Corp.,SMB,Education,13,2025-05-07
1650,Harbor Analytics Corp.,SMB,Manufacturing,18,2019-09-16
1651,Palisade Logistics Inc.,SMB,Professional Services,30,2021-01-30
1652,Pioneer Industries Co.,SMB,Healthcare,9,2025-09-05
1653,Redwood Systems Ltd. 1,SMB,Healthcare,28,2022-05-24
1654,Delta Financial Inc.,Mid-Market,Healthcare,28,2025-08-29
1655,Summit Logistics Corp. 1,Enterprise,Retail,23,2021-08-29
1656,Bluepeak Financial Inc.,Mid-Market,Technology,5,2022-09-10
1657,Horizon Systems Corp. 2,SMB,Retail,3,2022-03-06
1658,Anchor Consulting Ltd. 1,SMB,Education,4,2022-03-14
1659,Nova Group LLC,SMB,Retail,22,2025-06-03
1660,Union Dynamics Corp.,Mid-Market,Technology,12,2023-11-11
1661,Summit Ventures Ltd.,SMB,Manufacturing,30,2025-08-14
1662,Granite Enterprises Inc.,SMB,Manufacturing,1,2021-04-22
1663,Northwind Solutions Inc.,Mid-Market,Finance,12,2025-12-15
1664,Meridian Financial Corp. 1,SMB,Manufacturing,8,2023-12-14
1665,Catalyst Analytics Corp.,SMB,Education,27,2019-12-02
1666,Cascade Dynamics LLC 1,SMB,Education,4,2021-11-21
1667,Pioneer Consulting Corp.,Mid-Market,Finance,13,2020-09-27
1668,Granite Technologies Inc.,SMB,Finance,27,2020-08-24
1669,Pioneer Networks Ltd. 1,SMB,Healthcare,30,2025-07-03
1670,Silverline Networks Ltd.,SMB,Finance,28,2025-09-19
1671,Pioneer Dynamics LLC 1,SMB,Manufacturing,20,2019-02-06
1672,Palisade Enterprises Ltd. 2,SMB,Retail,5,2019-12-19
1673,Crestline Health LLC,Mid-Market,Healthcare,3,2020-12-11
1674,Granite Systems LLC 1,SMB,Healthcare,13,2024-12-06
1675,Horizon Manufacturing LLC,Mid-Market,Technology,15,2023-04-11
1676,Palisade Health Co. 1,SMB,Technology,16,2022-12-16
1677,Global Retail Corp.,Enterprise,Technology,2,2023-03-10
1678,Pioneer Retail Ltd. 1,Mid-Market,Healthcare,21,2025-08-26
1679,Crestline Networks LLC,SMB,Retail,12,2020-12-05
1680,Falcon Manufacturing Co. 1,Mid-Market,Education,4,2019-11-12
1681,Insight Manufacturing Ltd.,SMB,Professional Services,28,2023-04-03
1682,Union Foods Inc. 1,Mid-Market,Manufacturing,11,2025-10-12
1683,Bluepeak Financial LLC 1,SMB,Manufacturing,7,2023-12-20
1684,Northwind Group Corp. 1,SMB,Professional Services,15,2025-03-30
1685,Horizon Solutions Corp. 2,Mid-Market,Healthcare,29,2025-04-09
1686,Bluepeak Group Co. 1,SMB,Retail,25,2020-07-14
1687,Silverline Group Corp.,Mid-Market,Education,3,2023-10-19
1688,Palisade Partners Corp.,SMB,Manufacturing,21,2025-01-12
1689,Horizon Health LLC,SMB,Healthcare,20,2019-09-17
1690,Summit Holdings Co.,SMB,Retail,27,2023-07-24
1691,Ironclad Networks Ltd. 2,Enterprise,Professional Services,29,2020-11-26
1692,Prime Dynamics Ltd.,Mid-Market,Healthcare,23,2024-10-01
1693,Meridian Group Ltd.,SMB,Manufacturing,20,2020-07-24
1694,Anchor Technologies Ltd.,SMB,Technology,11,2021-08-12
1695,Falcon Financial Ltd.,Mid-Market,Healthcare,27,2023-09-26
1696,Ironclad Consulting LLC,Enterprise,Education,29,2022-11-21
1697,Granite Solutions Corp. 1,Mid-Market,Manufacturing,30,2019-11-03
1698,Crestline Ventures Inc.,SMB,Healthcare,29,2020-07-29
1699,Anchor Consulting LLC,Enterprise,Finance,20,2025-03-14
1700,Insight Dynamics LLC 2,Mid-Market,Technology,29,2025-12-02
1701,Horizon Materials LLC,SMB,Education,24,2023-11-09
1702,Beacon Foods Corp.,Enterprise,Professional Services,8,2019-01-25
1703,Silverline Materials Corp. 2,SMB,Technology,1,2024-03-15
1704,Falcon Consulting Corp.,Mid-Market,Healthcare,30,2023-07-02
1705,Northwind Networks Co.,SMB,Education,13,2021-11-18
1706,Harbor Holdings LLC 2,SMB,Professional Services,27,2020-08-05
1707,Catalyst Systems Inc.,SMB,Education,9,2020-02-28
1708,Anchor Health Ltd.,Mid-Market,Education,11,2019-08-02
1709,Global Foods LLC,SMB,Professional Services,25,2023-06-22
1710,Apex Holdings Co.,SMB,Finance,16,2021-05-12
1711,Sterling Foods Ltd.,Mid-Market,Professional Services,21,2022-08-17
1712,Silverline Systems LLC 2,Mid-Market,Professional Services,10,2022-09-04
1713,Northwind Holdings Corp.,Enterprise,Healthcare,19,2023-04-02
1714,Everest Technologies Co. 1,SMB,Technology,15,2023-02-28
1715,Silverline Partners Co. 2,SMB,Manufacturing,28,2022-08-19
1716,Orbit Partners LLC 1,SMB,Education,15,2020-02-01
1717,Northwind Logistics Inc. 1,SMB,Education,3,2019-03-11
1718,Insight Enterprises Inc. 2,SMB,Technology,23,2023-01-12
1719,Bluepeak Solutions Co. 1,Mid-Market,Finance,29,2021-12-17
1720,Prime Solutions Ltd.,Mid-Market,Education,27,2021-11-14
1721,Palisade Foods Ltd. 1,SMB,Technology,4,2022-01-04
1722,Summit Logistics Ltd. 2,Mid-Market,Education,30,2019-10-18
1723,Brightpath Health Ltd. 1,SMB,Finance,11,2020-04-03
1724,Ironclad Solutions Corp.,SMB,Technology,26,2023-08-20
1725,Prime Partners LLC,Mid-Market,Healthcare,19,2022-08-06
1726,Catalyst Technologies LLC 1,SMB,Education,30,2023-04-08
1727,Summit Health LLC 2,Enterprise,Professional Services,11,2019-11-27
1728,Insight Technologies Ltd. 1,SMB,Technology,19,2024-09-11
1729,Everest Foods Inc. 2,SMB,Manufacturing,21,2021-08-10
1730,Vertex Technologies Inc.,SMB,Healthcare,5,2023-04-17
1731,Silverline Analytics Ltd.,Mid-Market,Retail,24,2022-04-05
1732,Vertex Enterprises Ltd.,Mid-Market,Education,5,2022-04-12
1733,Union Financial Inc. 1,Mid-Market,Professional Services,25,2024-06-13
1734,Bluepeak Industries Inc.,Enterprise,Finance,4,2019-10-10
1735,Silverline Partners LLC,Enterprise,Finance,6,2019-07-11
1736,Harbor Analytics Inc. 1,Enterprise,Finance,15,2019-09-16
1737,Union Health LLC,SMB,Education,6,2025-12-18
1738,Falcon Logistics Co.,Enterprise,Manufacturing,3,2025-06-27
1739,Union Industries Co. 2,Enterprise,Technology,2,2023-11-26
1740,Silverline Consulting LLC 1,SMB,Professional Services,9,2022-02-17
1741,Global Enterprises LLC 2,SMB,Technology,15,2019-08-06
1742,Apex Materials Co. 2,SMB,Professional Services,2,2024-09-29
1743,Redwood Manufacturing Corp.,SMB,Healthcare,5,2020-04-29
1744,Redwood Retail LLC 1,SMB,Manufacturing,19,2020-11-28
1745,Redwood Solutions Ltd.,SMB,Finance,10,2024-11-19
1746,Everest Consulting Corp. 1,SMB,Retail,23,2020-10-19
1747,Apex Analytics Co. 1,SMB,Finance,26,2024-11-28
1748,Sterling Networks Co. 1,Mid-Market,Finance,1,2024-07-01
1749,Beacon Enterprises Ltd.,Mid-Market,Manufacturing,29,2024-11-10
1750,Sterling Ventures Co. 1,Mid-Market,Professional Services,21,2023-09-20
1751,Prime Enterprises Corp.,Mid-Market,Healthcare,25,2021-06-19
1752,Meridian Dynamics Corp. 1,SMB,Healthcare,15,2023-07-28
1753,Summit Manufacturing Inc. 1,Mid-Market,Technology,1,2024-10-20
1754,Vertex Foods Inc. 1,Mid-Market,Education,27,2024-03-30
1755,Delta Solutions Inc. 3,Mid-Market,Retail,18,2025-01-12
1756,Union Retail Co.,SMB,Retail,2,2025-11-18
1757,Everest Holdings LLC,Mid-Market,Technology,5,2023-10-31
1758,Palisade Industries Ltd.,SMB,Education,7,2025-06-30
1759,Prime Technologies Corp.,SMB,Education,12,2020-11-25
1760,Delta Industries Ltd.,Enterprise,Professional Services,14,2025-10-24
1761,Palisade Financial LLC 1,SMB,Professional Services,13,2025-05-15
1762,Vertex Group Co.,Mid-Market,Healthcare,27,2019-04-16
1763,Global Materials Corp.,Mid-Market,Retail,29,2023-02-18
1764,Beacon Technologies LLC,SMB,Finance,21,2022-07-09
1765,Anchor Logistics Corp.,SMB,Retail,20,2024-09-15
1766,Apex Networks LLC,Mid-Market,Finance,26,2019-11-19
1767,Orbit Ventures Ltd. 1,SMB,Retail,9,2022-09-10
1768,Granite Financial LLC,Mid-Market,Professional Services,17,2022-07-05
1769,Catalyst Consulting Inc. 3,SMB,Retail,20,2021-10-07
1770,Delta Analytics Ltd. 1,SMB,Professional Services,9,2025-12-11
1771,Cascade Group Co.,SMB,Professional Services,29,2022-10-11
1772,Pioneer Solutions LLC,SMB,Technology,8,2021-11-22
1773,Bluepeak Industries Co. 1,Enterprise,Professional Services,2,2024-12-28
1774,Palisade Partners Inc. 4,SMB,Education,10,2019-12-22
1775,Everest Manufacturing LLC 1,SMB,Finance,25,2021-01-05
1776,Sterling Industries Inc.,SMB,Retail,12,2020-12-13
1777,Summit Group LLC 1,Enterprise,Retail,7,2025-07-14
1778,Brightpath Consulting Ltd.,Mid-Market,Education,27,2025-02-28
1779,Vertex Retail Co.,Mid-Market,Education,5,2023-03-31
1780,Union Financial Co. 1,Enterprise,Technology,5,2021-03-27
1781,Meridian Holdings Co.,Mid-Market,Technology,27,2022-04-11
1782,Redwood Solutions Ltd. 1,Mid-Market,Healthcare,10,2022-12-30
1783,Brightpath Manufacturing LLC 2,SMB,Manufacturing,1,2022-10-12
1784,Sterling Health Co.,Mid-Market,Education,14,2020-10-16
1785,Global Networks Inc.,SMB,Retail,23,2019-11-30
1786,Harbor Health Co.,SMB,Technology,23,2025-05-08
1787,Brightpath Analytics Co. 2,SMB,Education,3,2023-06-27
1788,Redwood Retail Inc. 2,Mid-Market,Manufacturing,9,2020-01-06
1789,Cascade Financial Ltd.,Mid-Market,Finance,19,2025-12-05
1790,Pioneer Solutions Co.,SMB,Education,20,2021-11-17
1791,Union Networks Ltd. 1,SMB,Finance,19,2024-02-17
1792,Bluepeak Systems Co.,Mid-Market,Retail,11,2020-03-27
1793,Granite Systems LLC 2,SMB,Healthcare,26,2025-07-12
1794,Sterling Enterprises Ltd. 1,SMB,Finance,3,2019-07-22
1795,Orbit Ventures Co. 3,SMB,Manufacturing,25,2025-09-09
1796,Global Retail Inc.,Enterprise,Retail,29,2024-02-02
1797,Ironclad Solutions Corp. 1,SMB,Professional Services,21,2020-08-03
1798,Everest Systems Co.,Mid-Market,Finance,13,2020-04-07
1799,Orbit Solutions Corp.,SMB,Professional Services,12,2019-04-13
1800,Sterling Health Co. 1,Mid-Market,Education,14,2019-10-20
1801,Pioneer Ventures Ltd. 1,Mid-Market,Finance,5,2023-09-16
1802,Meridian Enterprises LLC,SMB,Technology,7,2019-07-17
1803,Catalyst Solutions LLC 1,Mid-Market,Healthcare,20,2022-10-15
1804,Meridian Dynamics Corp. 2,Mid-Market,Retail,17,2023-01-07
1805,Falcon Solutions Corp. 1,Mid-Market,Education,15,2019-02-15
1806,Meridian Systems Corp. 1,Enterprise,Retail,15,2021-08-22
1807,Delta Networks Ltd.,Enterprise,Education,3,2019-03-14
1808,Sterling Logistics Corp.,Mid-Market,Technology,27,2025-10-07
1809,Harbor Enterprises Ltd.,SMB,Manufacturing,29,2020-07-04
1810,Redwood Retail Ltd.,SMB,Professional Services,8,2023-10-29
1811,Silverline Health Co.,Enterprise,Finance,10,2023-09-19
1812,Bluepeak Solutions Co. 2,SMB,Professional Services,19,2024-05-27
1813,Sterling Group Corp. 1,Mid-Market,Technology,1,2021-05-07
1814,Insight Logistics Inc. 1,SMB,Professional Services,4,2020-04-16
1815,Vertex Networks LLC,Mid-Market,Education,28,2022-09-17
1816,Harbor Networks LLC 1,SMB,Retail,6,2023-11-10
1817,Insight Analytics LLC 1,Mid-Market,Retail,18,2019-05-06
1818,Catalyst Technologies Co.,SMB,Professional Services,27,2024-04-07
1819,Brightpath Foods Corp. 2,Mid-Market,Finance,22,2019-10-15
1820,Everest Group Co.,SMB,Healthcare,9,2022-09-02
1821,Prime Partners Inc.,Mid-Market,Professional Services,5,2022-11-20
1822,Sterling Holdings Ltd. 3,SMB,Technology,22,2019-11-21
1823,Delta Consulting Corp. 1,SMB,Retail,13,2025-09-29
1824,Delta Ventures Ltd. 2,SMB,Healthcare,30,2023-06-19
1825,Brightpath Consulting LLC,SMB,Professional Services,20,2020-07-26
1826,Cascade Enterprises Corp.,SMB,Professional Services,1,2019-05-11
1827,Harbor Partners LLC 1,Mid-Market,Manufacturing,8,2024-06-03
1828,Palisade Ventures Ltd. 1,Mid-Market,Manufacturing,23,2024-11-20
1829,Catalyst Solutions Inc.,Mid-Market,Manufacturing,22,2019-08-20
1830,Union Partners Ltd. 1,Mid-Market,Finance,23,2020-10-19
1831,Falcon Ventures Corp. 1,SMB,Professional Services,8,2023-06-30
1832,Silverline Ventures Ltd. 1,SMB,Finance,8,2021-12-06
1833,Ironclad Group Inc.,SMB,Professional Services,7,2021-05-25
1834,Delta Partners Inc. 1,SMB,Retail,21,2021-12-20
1835,Redwood Partners Ltd.,SMB,Professional Services,1,2022-07-15
1836,Prime Retail LLC 1,SMB,Retail,25,2020-04-16
1837,Beacon Manufacturing LLC 1,SMB,Education,9,2021-09-18
1838,Cascade Solutions Co. 1,Mid-Market,Manufacturing,15,2019-06-28
1839,Pioneer Technologies Co. 1,SMB,Manufacturing,8,2019-01-16
1840,Cascade Industries Inc.,SMB,Healthcare,13,2025-10-28
1841,Summit Holdings Corp. 1,Mid-Market,Healthcare,23,2019-05-21
1842,Falcon Holdings Ltd. 1,Mid-Market,Technology,6,2019-04-22
1843,Insight Networks Ltd.,SMB,Finance,18,2025-03-24
1844,Prime Analytics LLC,SMB,Professional Services,2,2025-10-30
1845,Granite Retail Co.,SMB,Professional Services,6,2024-11-28
1846,Anchor Manufacturing Ltd. 1,SMB,Retail,21,2019-12-23
1847,Harbor Materials Co.,Mid-Market,Finance,18,2023-06-23
1848,Nova Ventures Ltd.,Mid-Market,Manufacturing,19,2023-11-17
1849,Summit Partners Co. 1,SMB,Education,7,2024-05-26
1850,Granite Consulting Inc.,SMB,Technology,7,2019-10-16
1851,Crestline Partners LLC 2,SMB,Professional Services,13,2021-09-25
1852,Brightpath Partners Corp. 1,SMB,Professional Services,4,2020-12-06
1853,Granite Financial LLC 1,Mid-Market,Professional Services,27,2023-07-31
1854,Bluepeak Health Inc. 1,SMB,Technology,9,2021-05-28
1855,Apex Ventures Ltd. 2,Mid-Market,Professional Services,22,2022-07-24
1856,Catalyst Manufacturing Co.,Mid-Market,Retail,5,2023-05-21
1857,Orbit Ventures Corp.,Enterprise,Manufacturing,20,2025-01-22
1858,Global Materials Ltd. 2,Mid-Market,Healthcare,7,2025-06-11
1859,Bluepeak Industries Ltd.,SMB,Manufacturing,9,2023-11-08
1860,Redwood Dynamics Corp.,Mid-Market,Finance,13,2020-02-04
1861,Falcon Solutions Ltd. 1,Mid-Market,Professional Services,4,2025-03-22
1862,Horizon Logistics Co. 1,SMB,Finance,4,2020-06-06
1863,Redwood Group Inc. 1,SMB,Healthcare,23,2019-05-16
1864,Vertex Partners LLC 1,Enterprise,Professional Services,11,2022-01-22
1865,Crestline Foods Inc.,Mid-Market,Healthcare,18,2023-10-16
1866,Prime Holdings Ltd.,Mid-Market,Professional Services,20,2020-01-17
1867,Redwood Health Ltd. 2,SMB,Professional Services,19,2021-02-04
1868,Sterling Networks Ltd.,Mid-Market,Finance,19,2019-07-24
1869,Pioneer Technologies Ltd.,Enterprise,Retail,30,2023-04-30
1870,Apex Solutions Corp. 1,Enterprise,Education,19,2023-12-16
1871,Anchor Analytics Co. 1,SMB,Manufacturing,11,2022-08-21
1872,Crestline Health Inc.,Enterprise,Retail,9,2022-02-09
1873,Union Retail Ltd. 1,SMB,Technology,25,2024-12-06
1874,Apex Technologies Co.,Mid-Market,Manufacturing,13,2021-12-07
1875,Union Retail LLC 1,SMB,Manufacturing,17,2022-02-03
1876,Granite Holdings Ltd. 1,Mid-Market,Manufacturing,25,2023-01-15
1877,Orbit Enterprises Inc. 1,Mid-Market,Professional Services,8,2023-12-05
1878,Brightpath Systems Inc.,Enterprise,Education,7,2024-06-09
1879,Crestline Group LLC,SMB,Retail,2,2019-04-15
1880,Crestline Partners Co. 1,SMB,Finance,3,2022-02-27
1881,Summit Financial LLC 1,Enterprise,Finance,19,2025-05-04
1882,Silverline Group Corp. 1,Mid-Market,Technology,16,2022-10-02
1883,Harbor Group Ltd.,SMB,Manufacturing,9,2022-05-01
1884,Pioneer Group Ltd. 2,SMB,Healthcare,7,2020-05-14
1885,Meridian Group Ltd. 1,Mid-Market,Professional Services,21,2022-04-15
1886,Everest Logistics Inc.,Mid-Market,Education,3,2022-06-13
1887,Silverline Holdings Co.,SMB,Professional Services,22,2025-04-05
1888,Beacon Group LLC,SMB,Professional Services,28,2025-03-17
1889,Cascade Logistics Corp. 2,SMB,Finance,14,2022-05-28
1890,Union Materials Ltd.,SMB,Finance,15,2025-01-26
1891,Insight Solutions LLC 1,Mid-Market,Retail,17,2024-12-23
1892,Brightpath Partners Ltd.,Mid-Market,Manufacturing,3,2025-08-21
1893,Catalyst Manufacturing Corp.,Mid-Market,Healthcare,19,2021-07-13
1894,Palisade Health Inc.,Mid-Market,Retail,11,2020-06-26
1895,Apex Health LLC 3,Mid-Market,Manufacturing,15,2025-08-09
1896,Nova Retail Ltd. 1,Enterprise,Professional Services,1,2023-02-03
1897,Union Logistics Inc. 2,Mid-Market,Healthcare,27,2022-04-07
1898,Bluepeak Industries LLC,SMB,Manufacturing,11,2021-11-17
1899,Silverline Financial Corp.,Enterprise,Manufacturing,3,2019-08-05
1900,Silverline Consulting LLC 2,Mid-Market,Professional Services,24,2020-06-05
1901,Catalyst Health Corp. 2,SMB,Retail,30,2021-01-15
1902,Insight Health Co.,SMB,Technology,16,2022-11-10
1903,Insight Materials Inc. 1,SMB,Finance,2,2022-08-13
1904,Apex Networks Co. 1,SMB,Professional Services,30,2022-10-19
1905,Beacon Consulting Ltd.,SMB,Healthcare,7,2019-07-15
1906,Anchor Ventures Co.,Enterprise,Finance,8,2019-01-25
1907,Everest Retail Ltd.,Mid-Market,Healthcare,22,2022-03-29
1908,Meridian Holdings Co. 1,SMB,Education,10,2020-05-09
1909,Redwood Manufacturing Inc.,Mid-Market,Technology,3,2025-03-29
1910,Orbit Manufacturing Ltd. 1,Enterprise,Finance,21,2022-01-06
1911,Cascade Holdings Ltd.,Mid-Market,Retail,8,2021-06-18
1912,Prime Networks Co. 1,Mid-Market,Professional Services,26,2022-10-22
1913,Sterling Health Inc.,Mid-Market,Healthcare,5,2023-05-26
1914,Global Systems Corp. 1,Mid-Market,Finance,28,2019-07-29
1915,Beacon Logistics Corp. 1,SMB,Technology,22,2024-03-09
1916,Everest Consulting Inc. 1,SMB,Manufacturing,8,2019-12-18
1917,Horizon Health Ltd.,Mid-Market,Professional Services,18,2021-09-15
1918,Horizon Group Corp. 1,SMB,Finance,29,2021-07-01
1919,Redwood Dynamics Corp. 1,Enterprise,Healthcare,2,2022-12-25
1920,Everest Industries Ltd. 2,SMB,Finance,25,2023-10-29
1921,Pioneer Partners Ltd.,SMB,Professional Services,14,2024-08-08
1922,Meridian Financial Ltd. 1,Enterprise,Manufacturing,29,2022-09-09
1923,Horizon Materials LLC 1,SMB,Retail,7,2020-02-02
1924,Everest Networks Co.,SMB,Education,22,2023-11-14
1925,Falcon Consulting LLC,SMB,Education,30,2022-05-08
1926,Apex Financial LLC 4,SMB,Retail,11,2023-02-14
1927,Nova Networks Corp.,SMB,Manufacturing,4,2022-02-08
1928,Nova Group LLC 1,Enterprise,Manufacturing,12,2021-11-30
1929,Delta Retail LLC 1,SMB,Healthcare,18,2023-11-28
1930,Granite Retail Co. 1,SMB,Finance,19,2022-09-01
1931,Cascade Logistics Inc. 1,SMB,Education,15,2025-01-27
1932,Nova Systems Corp. 1,Mid-Market,Technology,28,2024-03-15
1933,Sterling Systems Corp. 1,SMB,Education,18,2022-05-02
1934,Falcon Solutions Inc. 1,Mid-Market,Manufacturing,20,2020-07-01
1935,Granite Ventures LLC 2,SMB,Finance,29,2019-02-14
1936,Orbit Technologies LLC 1,Enterprise,Technology,29,2020-06-09
1937,Catalyst Industries Corp. 2,SMB,Education,11,2020-12-19
1938,Harbor Ventures Corp.,SMB,Technology,9,2019-10-29
1939,Delta Enterprises Corp. 1,Mid-Market,Manufacturing,23,2023-09-07
1940,Silverline Logistics LLC,SMB,Healthcare,16,2021-04-13
1941,Prime Technologies Ltd.,Mid-Market,Professional Services,14,2019-03-19
1942,Cascade Holdings LLC 1,SMB,Healthcare,21,2022-01-21
1943,Bluepeak Holdings Co.,SMB,Education,20,2024-06-27
1944,Insight Consulting Co. 1,Mid-Market,Retail,28,2021-05-18
1945,Anchor Financial Ltd. 2,Mid-Market,Technology,11,2025-04-25
1946,Everest Health Inc. 1,Mid-Market,Education,23,2024-12-19
1947,Catalyst Solutions Co.,Mid-Market,Professional Services,7,2025-03-23
1948,Silverline Ventures Co. 1,SMB,Healthcare,29,2023-09-03
1949,Catalyst Materials Corp.,SMB,Professional Services,3,2024-08-23
1950,Sterling Systems LLC 1,Mid-Market,Education,23,2021-09-21
1951,Beacon Consulting Ltd. 1,SMB,Education,4,2023-11-07
1952,Northwind Networks Ltd. 1,Mid-Market,Finance,27,2020-07-26
1953,Horizon Technologies Ltd.,SMB,Technology,29,2020-06-07
1954,Vertex Materials Ltd.,Mid-Market,Manufacturing,25,2025-08-08
1955,Crestline Health Co. 1,SMB,Education,24,2022-11-03
1956,Insight Manufacturing Co.,SMB,Retail,15,2019-07-03
1957,Harbor Holdings Ltd.,Mid-Market,Retail,8,2020-05-19
1958,Nova Networks LLC,SMB,Education,30,2022-03-25
1959,Ironclad Logistics Co.,SMB,Finance,16,2024-12-02
1960,Harbor Health Co. 1,Mid-Market,Technology,25,2025-04-09
1961,Beacon Materials Corp.,Enterprise,Professional Services,22,2019-10-17
1962,Union Ventures Inc. 1,SMB,Retail,22,2019-06-08
1963,Brightpath Materials Co. 1,Mid-Market,Manufacturing,11,2019-11-08
1964,Northwind Ventures Corp.,Enterprise,Retail,13,2023-09-13
1965,Granite Partners Corp. 2,Mid-Market,Education,14,2022-09-23
1966,Apex Solutions Ltd. 2,SMB,Education,19,2024-03-01
1967,Falcon Foods Inc. 1,Mid-Market,Retail,22,2023-02-25
1968,Falcon Manufacturing Co. 2,Mid-Market,Education,6,2019-09-03
1969,Prime Financial Inc.,SMB,Finance,7,2020-10-20
1970,Redwood Ventures LLC 1,SMB,Retail,2,2021-04-27
1971,Falcon Enterprises Corp.,SMB,Professional Services,16,2023-12-14
1972,Silverline Consulting Ltd. 2,Mid-Market,Healthcare,21,2023-03-06
1973,Northwind Ventures Inc.,SMB,Manufacturing,7,2025-08-17
1974,Apex Financial Corp. 1,SMB,Retail,22,2020-01-07
1975,Orbit Dynamics Inc. 1,Enterprise,Manufacturing,1,2025-07-27
1976,Crestline Dynamics Co.,SMB,Professional Services,26,2020-07-16
1977,Everest Dynamics LLC,Mid-Market,Finance,21,2021-05-27
1978,Everest Solutions Corp.,Enterprise,Healthcare,21,2019-03-30
1979,Northwind Enterprises Ltd.,Mid-Market,Technology,22,2021-01-27
1980,Horizon Networks Inc.,SMB,Education,11,2020-05-25
1981,Crestline Technologies Inc. 1,Enterprise,Retail,30,2020-07-09
1982,Meridian Foods Co.,Mid-Market,Retail,23,2023-01-02
1983,Palisade Ventures Corp.,Enterprise,Manufacturing,6,2024-06-18
1984,Nova Holdings LLC 1,Mid-Market,Finance,28,2024-03-19
1985,Insight Technologies Ltd. 2,Mid-Market,Professional Services,23,2024-10-20
1986,Anchor Consulting Co.,SMB,Retail,10,2024-02-13
1987,Pioneer Systems Ltd. 1,Mid-Market,Professional Services,29,2025-10-31
1988,Northwind Technologies Corp. 1,Enterprise,Education,8,2019-02-17
1989,Anchor Networks Ltd.,SMB,Education,20,2025-11-30
1990,Redwood Financial Co. 1,Mid-Market,Manufacturing,21,2021-11-13
1991,Redwood Industries LLC,SMB,Healthcare,29,2022-05-06
1992,Summit Logistics Ltd. 3,Enterprise,Retail,18,2023-01-15
1993,Meridian Manufacturing Co. 1,Enterprise,Education,30,2019-01-22
1994,Union Group LLC,Mid-Market,Manufacturing,9,2020-04-09
1995,Beacon Logistics Co.,Mid-Market,Technology,25,2022-02-13
1996,Orbit Consulting Inc. 1,Mid-Market,Professional Services,8,2024-05-20
1997,Ironclad Solutions LLC,SMB,Education,30,2025-02-01
1998,Horizon Financial LLC,Mid-Market,Finance,23,2020-01-13
1999,Catalyst Holdings Inc.,SMB,Manufacturing,19,2020-11-03
2000,Palisade Dynamics Ltd.,SMB,Technology,2,2023-04-02
2001,Beacon Systems Corp.,Enterprise,Professional Services,15,2021-07-11
2002,Palisade Manufacturing LLC 1,SMB,Healthcare,5,2021-01-31
2003,Insight Manufacturing Co. 1,Mid-Market,Finance,28,2021-09-06
2004,Falcon Solutions LLC,Mid-Market,Finance,12,2023-11-29
2005,Delta Group Co. 1,Enterprise,Healthcare,25,2020-05-22
2006,Bluepeak Materials Ltd. 2,SMB,Retail,28,2019-06-08
2007,Apex Analytics Co. 2,SMB,Professional Services,4,2019-01-09
2008,Global Partners Inc. 1,Enterprise,Education,23,2022-09-08
2009,Catalyst Consulting Co. 1,SMB,Manufacturing,10,2020-10-01
2010,Falcon Analytics Inc. 1,SMB,Technology,4,2022-12-06
2011,Sterling Dynamics Ltd.,Mid-Market,Professional Services,8,2025-03-01
2012,Anchor Technologies Ltd. 1,SMB,Healthcare,17,2021-01-20
2013,Apex Systems Inc.,SMB,Professional Services,26,2020-04-14
2014,Ironclad Financial Inc.,SMB,Finance,21,2019-01-05
2015,Union Partners Inc.,SMB,Manufacturing,7,2025-11-13
2016,Nova Foods Inc. 2,Enterprise,Manufacturing,9,2022-08-14
2017,Beacon Partners Inc.,Mid-Market,Manufacturing,10,2024-08-12
2018,Bluepeak Analytics Co.,SMB,Healthcare,23,2025-01-02
2019,Vertex Partners LLC 2,Enterprise,Manufacturing,16,2025-12-18
2020,Palisade Consulting Co.,Mid-Market,Finance,1,2025-01-06
2021,Orbit Financial Inc.,SMB,Education,3,2021-01-21
2022,Ironclad Materials Ltd. 1,Enterprise,Manufacturing,3,2022-12-13
2023,Ironclad Technologies Corp. 1,Mid-Market,Professional Services,29,2025-09-26
2024,Union Logistics Corp. 1,SMB,Finance,16,2023-06-07
2025,Meridian Group Ltd. 2,Mid-Market,Finance,15,2024-05-19
2026,Delta Holdings LLC,Mid-Market,Technology,23,2025-05-06
2027,Falcon Foods Inc. 2,SMB,Education,6,2023-04-18
2028,Silverline Financial LLC,Mid-Market,Technology,1,2023-11-05
2029,Vertex Health Co. 1,Enterprise,Healthcare,9,2023-02-12
2030,Crestline Foods Corp.,Enterprise,Professional Services,7,2021-05-15
2031,Catalyst Enterprises Co. 1,SMB,Retail,24,2020-09-27
2032,Prime Logistics Co.,Mid-Market,Manufacturing,25,2023-06-08
2033,Catalyst Logistics Inc.,SMB,Education,20,2025-11-12
2034,Sterling Analytics Inc.,Enterprise,Education,28,2025-05-30
2035,Orbit Industries Inc. 1,Mid-Market,Professional Services,14,2020-06-20
2036,Pioneer Foods Inc.,SMB,Retail,8,2024-11-24
2037,Ironclad Foods Corp. 1,SMB,Manufacturing,10,2019-02-23
2038,Palisade Financial Inc.,SMB,Technology,5,2023-02-15
2039,Nova Manufacturing Co.,Mid-Market,Finance,28,2025-07-05
2040,Delta Enterprises Corp. 2,SMB,Retail,19,2025-09-18
2041,Vertex Enterprises Ltd. 1,SMB,Healthcare,24,2023-03-22
2042,Meridian Consulting Co. 1,Mid-Market,Retail,9,2023-06-01
2043,Redwood Partners Inc.,Mid-Market,Technology,22,2021-09-23
2044,Beacon Materials Corp. 1,SMB,Technology,10,2024-01-24
2045,Horizon Networks Ltd. 1,Mid-Market,Finance,14,2020-09-20
2046,Bluepeak Group Co. 2,SMB,Healthcare,20,2019-03-28
2047,Delta Analytics Co. 1,SMB,Professional Services,30,2024-11-05
2048,Northwind Partners LLC,Mid-Market,Finance,17,2019-06-04
2049,Union Industries LLC,Mid-Market,Finance,22,2023-08-26
2050,Cascade Logistics Ltd.,Enterprise,Finance,18,2022-01-21
2051,Summit Logistics Ltd. 4,Mid-Market,Finance,13,2019-04-21
2052,Redwood Group LLC 1,Mid-Market,Professional Services,28,2020-02-13
2053,Bluepeak Systems Corp.,SMB,Education,29,2019-09-15
2054,Prime Enterprises Co.,Mid-Market,Healthcare,10,2020-07-02
2055,Everest Materials LLC 1,SMB,Healthcare,27,2023-06-12
2056,Catalyst Foods LLC,Mid-Market,Technology,14,2022-12-29
2057,Crestline Holdings Co. 1,Mid-Market,Healthcare,23,2022-01-11
2058,Redwood Networks Ltd.,Mid-Market,Retail,16,2024-11-24
2059,Anchor Health LLC,SMB,Professional Services,24,2024-04-08
2060,Summit Partners LLC 3,Mid-Market,Manufacturing,27,2023-10-11
2061,Apex Enterprises Co.,Mid-Market,Technology,13,2023-03-11
2062,Ironclad Ventures LLC 1,SMB,Technology,22,2023-11-15
2063,Granite Enterprises Ltd.,SMB,Finance,16,2020-08-02
2064,Granite Foods Corp.,Mid-Market,Healthcare,24,2020-10-26
2065,Orbit Dynamics LLC,SMB,Retail,6,2021-01-31
2066,Anchor Enterprises LLC,Mid-Market,Technology,22,2024-03-09
2067,Silverline Logistics Ltd. 1,Enterprise,Healthcare,18,2022-01-09
2068,Granite Analytics Co. 2,Mid-Market,Manufacturing,14,2025-09-18
2069,Brightpath Partners Inc. 1,Enterprise,Healthcare,12,2019-04-13
2070,Falcon Group Co. 1,Mid-Market,Finance,22,2021-09-06
2071,Bluepeak Dynamics LLC 3,SMB,Healthcare,11,2020-01-31
2072,Granite Holdings Ltd. 2,Enterprise,Technology,1,2024-09-17
2073,Anchor Technologies LLC 2,SMB,Finance,29,2022-05-10
2074,Catalyst Foods LLC 1,SMB,Finance,14,2023-05-04
2075,Global Partners Co.,SMB,Professional Services,5,2023-03-09
2076,Delta Group Ltd.,SMB,Professional Services,7,2019-07-22
2077,Nova Foods Co. 1,SMB,Manufacturing,25,2024-06-26
2078,Harbor Materials Inc. 2,SMB,Finance,10,2024-10-01
2079,Vertex Holdings LLC 1,Mid-Market,Finance,9,2023-04-02
2080,Delta Partners Inc. 2,Mid-Market,Retail,15,2020-12-19
2081,Sterling Foods Corp. 1,SMB,Finance,1,2024-01-25
2082,Cascade Group Corp.,SMB,Education,17,2023-11-26
2083,Falcon Retail Co. 1,Mid-Market,Professional Services,2,2025-05-21
2084,Cascade Consulting LLC 2,SMB,Finance,26,2019-10-27
2085,Summit Ventures Ltd. 1,Enterprise,Technology,13,2025-05-14
2086,Apex Logistics Co.,SMB,Technology,7,2025-03-17
2087,Everest Systems Inc. 1,Mid-Market,Professional Services,14,2021-01-30
2088,Cascade Foods Corp.,Enterprise,Finance,6,2024-01-05
2089,Delta Manufacturing LLC,Enterprise,Finance,10,2020-11-05
2090,Global Technologies Inc. 1,Mid-Market,Retail,4,2020-08-23
2091,Apex Foods Corp.,Mid-Market,Professional Services,21,2023-06-28
2092,Insight Group LLC,Enterprise,Finance,30,2019-05-08
2093,Nova Dynamics LLC,Mid-Market,Finance,15,2019-09-04
2094,Palisade Consulting LLC,Mid-Market,Professional Services,3,2023-08-15
2095,Bluepeak Group Corp. 2,Mid-Market,Technology,3,2025-08-29
2096,Redwood Systems LLC 1,Mid-Market,Education,25,2019-02-28
2097,Pioneer Partners Ltd. 1,Mid-Market,Manufacturing,11,2019-07-11
2098,Crestline Ventures LLC,Mid-Market,Technology,9,2019-01-05
2099,Beacon Networks Ltd.,Enterprise,Healthcare,4,2025-06-30
2100,Ironclad Analytics Corp.,Enterprise,Retail,20,2022-04-26
2101,Redwood Industries LLC 1,Mid-Market,Education,2,2023-11-05
2102,Harbor Group Co. 1,SMB,Healthcare,28,2021-11-30
2103,Meridian Holdings Ltd.,SMB,Retail,7,2025-12-23
2104,Delta Industries Corp.,SMB,Professional Services,3,2022-05-11
2105,Anchor Consulting Corp.,SMB,Retail,22,2025-07-28
2106,Orbit Holdings Ltd.,SMB,Retail,11,2023-07-19
2107,Crestline Enterprises Ltd. 1,Mid-Market,Healthcare,21,2025-08-19
2108,Bluepeak Financial Ltd. 1,SMB,Retail,2,2022-06-19
2109,Falcon Holdings Inc.,SMB,Retail,26,2025-02-24
2110,Northwind Technologies LLC 1,SMB,Technology,10,2021-05-03
2111,Sterling Health Corp.,SMB,Finance,23,2023-08-18
2112,Pioneer Dynamics Corp.,Mid-Market,Professional Services,29,2023-04-27
2113,Bluepeak Group LLC,SMB,Professional Services,17,2022-05-29
2114,Harbor Analytics Co.,SMB,Healthcare,11,2022-07-05
2115,Ironclad Solutions LLC 1,Mid-Market,Education,10,2020-03-10
2116,Delta Dynamics Corp. 2,SMB,Manufacturing,21,2025-05-04
2117,Prime Technologies Ltd. 1,Enterprise,Retail,1,2022-03-06
2118,Beacon Retail LLC,SMB,Manufacturing,5,2020-01-23
2119,Insight Group Corp.,SMB,Professional Services,20,2023-12-06
2120,Granite Manufacturing Ltd.,Enterprise,Manufacturing,1,2024-02-02
2121,Orbit Logistics LLC,SMB,Retail,9,2019-04-26
2122,Palisade Enterprises Co.,Enterprise,Retail,20,2021-04-30
2123,Falcon Industries Corp.,SMB,Manufacturing,8,2023-02-02
2124,Delta Group Ltd. 1,SMB,Professional Services,28,2024-09-30
2125,Insight Retail Ltd. 1,SMB,Healthcare,30,2021-03-04
2126,Global Logistics Co.,SMB,Professional Services,2,2021-02-04
2127,Ironclad Retail Ltd.,Enterprise,Retail,6,2024-02-26
2128,Catalyst Manufacturing Corp. 1,Mid-Market,Professional Services,28,2020-07-14
2129,Anchor Partners Ltd. 1,Mid-Market,Finance,1,2025-04-09
2130,Nova Partners Corp. 1,Enterprise,Manufacturing,15,2024-07-13
2131,Brightpath Materials Co. 2,Mid-Market,Technology,29,2025-04-01
2132,Nova Holdings Corp.,Mid-Market,Professional Services,18,2021-06-23
2133,Apex Manufacturing Ltd.,Mid-Market,Education,10,2020-02-28
2134,Pioneer Health LLC 2,Mid-Market,Finance,1,2023-02-04
2135,Harbor Foods Inc. 2,SMB,Technology,12,2020-04-30
2136,Crestline Dynamics Corp. 2,Mid-Market,Retail,17,2020-11-11
2137,Orbit Group Co. 1,SMB,Retail,3,2021-10-20
2138,Prime Consulting Ltd. 1,Mid-Market,Manufacturing,16,2022-03-28
2139,Falcon Consulting LLC 1,Mid-Market,Healthcare,13,2021-04-04
2140,Falcon Analytics Co.,SMB,Professional Services,10,2020-12-28
2141,Sterling Industries Ltd.,Mid-Market,Manufacturing,30,2020-09-22
2142,Delta Logistics Corp. 1,Mid-Market,Education,27,2023-10-30
2143,Pioneer Systems Co.,SMB,Professional Services,21,2021-02-20
2144,Insight Financial Ltd. 1,Mid-Market,Manufacturing,18,2023-11-10
2145,Meridian Retail LLC 1,Mid-Market,Technology,15,2024-03-13
2146,Meridian Analytics Inc.,SMB,Professional Services,3,2023-12-31
2147,Vertex Group LLC,Mid-Market,Retail,10,2025-05-26
2148,Falcon Analytics Inc. 2,SMB,Professional Services,1,2025-09-05
2149,Vertex Networks Inc. 1,Mid-Market,Retail,11,2020-01-11
2150,Everest Consulting Corp. 2,SMB,Professional Services,15,2021-03-30
2151,Anchor Holdings Co. 1,SMB,Professional Services,19,2024-07-06
2152,Catalyst Enterprises Ltd. 1,SMB,Healthcare,11,2024-06-21
2153,Global Retail Corp. 1,SMB,Healthcare,8,2019-07-01
2154,Beacon Technologies LLC 1,Enterprise,Healthcare,22,2025-09-24
2155,Harbor Dynamics Ltd.,SMB,Education,5,2024-12-28
2156,Cascade Group Corp. 1,Mid-Market,Healthcare,4,2025-04-17
2157,Orbit Technologies Inc.,SMB,Manufacturing,21,2020-06-06
2158,Pioneer Dynamics Corp. 1,SMB,Education,18,2022-07-04
2159,Silverline Consulting Inc.,Mid-Market,Manufacturing,27,2022-01-31
2160,Palisade Industries Corp.,SMB,Technology,23,2021-07-09
2161,Crestline Holdings Inc. 1,Enterprise,Finance,28,2020-08-04
2162,Beacon Foods LLC,SMB,Technology,20,2019-12-23
2163,Apex Group Co. 1,SMB,Finance,26,2025-02-03
2164,Palisade Partners Inc. 5,Enterprise,Education,6,2022-09-17
2165,Brightpath Ventures Inc. 1,SMB,Manufacturing,16,2023-03-16
2166,Horizon Analytics LLC,SMB,Retail,29,2020-10-30
2167,Bluepeak Financial Co. 1,Enterprise,Technology,24,2025-07-17
2168,Prime Technologies Co.,SMB,Education,13,2025-07-21
2169,Union Materials Ltd. 1,Mid-Market,Finance,28,2023-09-13
2170,Sterling Analytics Ltd.,SMB,Finance,10,2021-03-30
2171,Ironclad Solutions Co.,Enterprise,Retail,1,2020-08-18
2172,Vertex Retail LLC 1,SMB,Technology,24,2023-03-02
2173,Horizon Partners Corp. 1,SMB,Manufacturing,13,2024-10-29
2174,Delta Networks Inc.,Mid-Market,Finance,2,2025-10-07
2175,Orbit Materials Corp.,Mid-Market,Healthcare,7,2019-06-24
2176,Orbit Logistics Co. 1,SMB,Professional Services,3,2021-05-04
2177,Northwind Group Inc.,SMB,Finance,30,2021-09-26
2178,Granite Partners Ltd. 1,Mid-Market,Technology,26,2021-08-01
2179,Prime Analytics Corp.,Mid-Market,Manufacturing,28,2023-09-03
2180,Catalyst Technologies Co. 1,Enterprise,Professional Services,6,2022-10-30
2181,Catalyst Enterprises Corp. 2,SMB,Retail,25,2025-03-28
2182,Prime Analytics Corp. 1,Mid-Market,Retail,17,2020-07-22
2183,Global Retail Inc. 1,SMB,Professional Services,9,2021-10-17
2184,Prime Foods Corp.,Mid-Market,Technology,21,2022-10-15
2185,Crestline Dynamics Co. 1,SMB,Manufacturing,29,2024-09-18
2186,Beacon Technologies Inc.,Enterprise,Finance,14,2024-10-05
2187,Redwood Health Inc.,Enterprise,Retail,1,2025-01-05
2188,Meridian Manufacturing Co. 2,SMB,Education,26,2022-08-19
2189,Silverline Networks LLC 1,SMB,Technology,6,2020-09-09
2190,Harbor Health Ltd.,Mid-Market,Healthcare,6,2024-01-31
2191,Harbor Analytics Ltd.,Mid-Market,Professional Services,19,2025-09-06
2192,Global Enterprises Corp.,Mid-Market,Manufacturing,24,2020-12-30
2193,Everest Technologies Corp.,Mid-Market,Finance,24,2020-05-22
2194,Bluepeak Industries Ltd. 1,Mid-Market,Healthcare,27,2019-02-27
2195,Beacon Logistics LLC,SMB,Finance,27,2023-08-31
2196,Insight Solutions Inc.,Mid-Market,Technology,4,2022-10-25
2197,Redwood Partners Co.,SMB,Healthcare,10,2019-12-11
2198,Union Ventures Inc. 2,Enterprise,Healthcare,22,2020-05-24
2199,Meridian Systems Inc.,Enterprise,Technology,12,2023-08-20
2200,Apex Financial Ltd. 1,SMB,Professional Services,22,2022-01-19
2201,Summit Networks Corp.,Mid-Market,Education,14,2020-08-19
2202,Bluepeak Retail LLC,SMB,Professional Services,14,2023-03-29
2203,Delta Technologies Inc.,Enterprise,Healthcare,1,2019-05-15
2204,Bluepeak Enterprises LLC,SMB,Finance,19,2019-02-11
2205,Meridian Financial Inc.,SMB,Healthcare,26,2020-10-28
2206,Redwood Consulting Corp.,SMB,Manufacturing,25,2021-01-10
2207,Northwind Foods Corp. 1,Enterprise,Healthcare,11,2019-09-24
2208,Silverline Ventures Co. 2,Mid-Market,Healthcare,21,2019-10-21
2209,Union Analytics Co.,Mid-Market,Professional Services,6,2020-03-04
2210,Everest Dynamics Corp. 1,SMB,Finance,20,2024-01-27
2211,Beacon Enterprises Corp.,Mid-Market,Education,13,2024-08-22
2212,Delta Systems Ltd.,Enterprise,Healthcare,28,2020-04-09
2213,Redwood Group LLC 2,Mid-Market,Professional Services,22,2023-08-06
2214,Palisade Industries Ltd. 1,Mid-Market,Retail,3,2020-08-20
2215,Nova Partners Inc. 1,Mid-Market,Professional Services,27,2025-02-27
2216,Nova Analytics Co.,Mid-Market,Manufacturing,22,2020-11-18
2217,Granite Holdings Co. 3,Mid-Market,Professional Services,7,2019-11-28
2218,Union Enterprises Co. 1,SMB,Finance,9,2022-01-27
2219,Pioneer Manufacturing LLC,Mid-Market,Manufacturing,6,2020-01-30
2220,Meridian Technologies Ltd.,Mid-Market,Technology,10,2020-05-22
2221,Insight Foods Corp.,SMB,Healthcare,29,2021-05-16
2222,Global Materials Co. 1,SMB,Education,28,2023-08-16
2223,Orbit Technologies Inc. 1,Mid-Market,Finance,17,2019-10-26
2224,Everest Systems LLC,SMB,Technology,11,2020-12-27
2225,Harbor Systems Inc.,SMB,Finance,11,2025-01-02
2226,Cascade Group Co. 1,SMB,Finance,29,2020-11-30
2227,Granite Solutions Inc.,SMB,Education,6,2020-03-06
2228,Anchor Systems Inc.,SMB,Technology,23,2022-09-25
2229,Meridian Enterprises Inc. 1,Enterprise,Technology,30,2019-03-27
2230,Catalyst Logistics Co. 1,Mid-Market,Education,26,2024-08-16
2231,Delta Systems Corp. 1,SMB,Technology,22,2020-07-22
2232,Crestline Manufacturing Inc.,SMB,Finance,27,2019-12-06
2233,Apex Networks LLC 1,Mid-Market,Retail,7,2024-08-27
2234,Catalyst Holdings Corp. 5,Enterprise,Manufacturing,30,2024-11-24
2235,Apex Solutions Co.,SMB,Technology,3,2024-02-21
2236,Catalyst Materials LLC,Enterprise,Education,1,2020-08-22
2237,Bluepeak Solutions Inc. 2,SMB,Technology,6,2022-09-08
2238,Anchor Holdings Ltd.,SMB,Healthcare,19,2025-10-12
2239,Union Analytics Corp.,SMB,Technology,8,2022-05-06
2240,Summit Consulting Inc.,SMB,Manufacturing,20,2025-08-24
2241,Global Financial Corp.,SMB,Retail,4,2023-09-25
2242,Union Systems Corp.,SMB,Retail,21,2024-11-29
2243,Redwood Technologies LLC,SMB,Technology,7,2020-05-06
2244,Summit Ventures LLC,SMB,Finance,16,2025-06-26
2245,Insight Holdings Inc.,SMB,Healthcare,4,2024-12-21
2246,Prime Dynamics Co.,Enterprise,Finance,30,2024-06-29
2247,Everest Group Inc.,SMB,Healthcare,12,2025-08-02
2248,Pioneer Foods Corp. 2,Mid-Market,Education,19,2024-07-09
2249,Horizon Materials Inc. 1,SMB,Education,15,2023-01-14
2250,Redwood Foods Co. 2,SMB,Education,18,2023-07-17
2251,Redwood Logistics LLC 1,Mid-Market,Healthcare,14,2024-09-29
2252,Union Enterprises Co. 2,Mid-Market,Technology,3,2024-03-29
2253,Vertex Manufacturing Inc.,Mid-Market,Technology,25,2023-02-21
2254,Prime Industries LLC 1,SMB,Education,20,2023-03-09
2255,Prime Logistics LLC,Mid-Market,Professional Services,8,2025-02-28
2256,Orbit Group Inc.,Enterprise,Healthcare,3,2019-01-26
2257,Granite Health Corp. 2,SMB,Professional Services,27,2024-01-10
2258,Orbit Technologies Corp.,SMB,Manufacturing,10,2022-12-16
2259,Insight Systems Corp. 1,Mid-Market,Healthcare,28,2024-11-12
2260,Prime Financial Corp.,Mid-Market,Finance,23,2020-06-09
2261,Prime Technologies Inc.,SMB,Healthcare,29,2022-09-04
2262,Pioneer Logistics LLC,SMB,Education,20,2019-11-23
2263,Horizon Dynamics Corp.,SMB,Healthcare,6,2023-08-13
2264,Northwind Group Ltd.,Mid-Market,Healthcare,2,2024-05-06
2265,Cascade Enterprises LLC,Mid-Market,Education,8,2023-05-13
2266,Anchor Analytics Corp. 1,Enterprise,Finance,14,2022-11-18
2267,Orbit Solutions Co.,SMB,Healthcare,19,2021-05-27
2268,Palisade Ventures Ltd. 2,Enterprise,Education,27,2023-06-24
2269,Apex Retail Inc.,Enterprise,Professional Services,5,2025-04-18
2270,Harbor Group LLC 1,SMB,Manufacturing,20,2024-01-18
2271,Nova Ventures Inc.,SMB,Education,3,2019-02-28
2272,Summit Health Co.,SMB,Education,15,2022-07-24
2273,Meridian Health Co.,Mid-Market,Retail,3,2024-02-26
2274,Sterling Consulting Corp.,Mid-Market,Education,12,2022-07-12
2275,Prime Health LLC,Mid-Market,Technology,19,2023-02-20
2276,Nova Materials Ltd.,Mid-Market,Technology,23,2025-05-19
2277,Everest Logistics Inc. 1,SMB,Professional Services,25,2025-02-11
2278,Delta Solutions Ltd.,Mid-Market,Technology,16,2019-07-27
2279,Beacon Retail Co. 1,SMB,Education,8,2022-07-28
2280,Horizon Group Inc. 1,SMB,Finance,28,2023-05-10
2281,Ironclad Analytics Corp. 1,SMB,Education,29,2024-12-17
2282,Palisade Consulting Inc. 2,Enterprise,Retail,30,2020-11-09
2283,Meridian Dynamics Ltd.,Mid-Market,Technology,24,2019-12-24
2284,Vertex Materials Ltd. 1,Mid-Market,Finance,24,2023-03-07
2285,Delta Ventures Inc.,Mid-Market,Retail,3,2022-04-10
2286,Harbor Analytics Co. 1,Mid-Market,Professional Services,18,2020-10-20
2287,Nova Financial LLC,Mid-Market,Education,13,2025-08-07
2288,Anchor Group Corp.,SMB,Professional Services,8,2021-03-22
2289,Falcon Materials LLC,Mid-Market,Professional Services,3,2019-05-22
2290,Ironclad Systems Co.,SMB,Professional Services,7,2019-05-31
2291,Summit Analytics Ltd.,Enterprise,Retail,28,2020-05-28
2292,Palisade Technologies Co. 2,Enterprise,Finance,28,2019-10-26
2293,Granite Holdings LLC,Mid-Market,Manufacturing,23,2021-10-05
2294,Prime Technologies Corp. 1,Enterprise,Education,4,2019-07-25
2295,Nova Foods Corp.,Mid-Market,Finance,21,2022-12-05
2296,Prime Dynamics LLC 2,SMB,Education,4,2021-11-09
2297,Delta Dynamics Co.,Mid-Market,Retail,21,2023-03-09
2298,Ironclad Dynamics Co. 1,Mid-Market,Healthcare,2,2025-12-03
2299,Global Consulting Co. 1,SMB,Professional Services,9,2025-12-10
2300,Brightpath Health Corp.,Mid-Market,Education,4,2021-12-01
2301,Delta Ventures Inc. 1,SMB,Retail,29,2021-07-27
2302,Vertex Solutions Inc.,Mid-Market,Healthcare,18,2023-10-09
2303,Brightpath Logistics Corp.,SMB,Healthcare,28,2021-07-28
2304,Horizon Solutions Co.,Enterprise,Education,1,2024-06-12
2305,Global Technologies Ltd. 1,Mid-Market,Technology,23,2023-03-18
2306,Meridian Technologies Ltd. 1,SMB,Manufacturing,15,2020-05-24
2307,Catalyst Ventures Ltd. 2,SMB,Retail,15,2021-11-26
2308,Palisade Retail Co. 1,Mid-Market,Healthcare,27,2025-01-16
2309,Pioneer Holdings Co.,SMB,Professional Services,2,2022-11-15
2310,Vertex Health LLC,Enterprise,Manufacturing,29,2023-12-20
2311,Ironclad Group Ltd.,Mid-Market,Technology,1,2023-12-20
2312,Northwind Partners LLC 1,Enterprise,Finance,11,2022-05-17
2313,Northwind Solutions Ltd. 3,SMB,Finance,5,2021-01-25
2314,Orbit Systems Inc. 1,Mid-Market,Healthcare,16,2023-03-05
2315,Beacon Consulting Inc.,SMB,Professional Services,18,2019-10-16
2316,Brightpath Networks Inc.,Enterprise,Finance,20,2023-03-07
2317,Everest Solutions Corp. 1,SMB,Manufacturing,24,2019-09-20
2318,Pioneer Manufacturing Co.,SMB,Manufacturing,23,2025-04-23
2319,Orbit Partners Corp. 1,Enterprise,Healthcare,29,2024-03-16
2320,Ironclad Dynamics Corp.,Enterprise,Manufacturing,14,2020-04-08
2321,Beacon Retail Ltd. 1,Enterprise,Finance,6,2024-06-28
2322,Redwood Networks Co.,SMB,Technology,5,2024-01-30
2323,Granite Enterprises Corp.,Mid-Market,Finance,9,2024-02-05
2324,Everest Ventures Ltd.,SMB,Retail,19,2021-05-06
2325,Palisade Retail Corp. 1,Mid-Market,Technology,2,2022-08-29
2326,Cascade Analytics Co.,SMB,Education,29,2023-02-06
2327,Northwind Enterprises Corp.,Mid-Market,Retail,30,2021-08-21
2328,Ironclad Partners Co. 1,SMB,Finance,5,2022-12-03
2329,Orbit Technologies Co.,SMB,Retail,24,2020-09-15
2330,Global Solutions Co. 1,Mid-Market,Finance,18,2025-02-14
2331,Horizon Materials LLC 2,SMB,Retail,15,2025-09-20
2332,Everest Analytics LLC,Enterprise,Healthcare,23,2021-04-15
2333,Orbit Dynamics Ltd. 1,Mid-Market,Retail,18,2021-05-25
2334,Harbor Health Co. 2,SMB,Technology,10,2020-07-06
2335,Prime Financial Ltd. 1,SMB,Technology,17,2025-01-19
2336,Insight Consulting Ltd. 3,SMB,Healthcare,5,2020-02-22
2337,Delta Group Corp.,Mid-Market,Healthcare,8,2024-08-03
2338,Bluepeak Logistics Co.,Mid-Market,Manufacturing,30,2024-10-28
2339,Union Foods Corp. 1,Mid-Market,Healthcare,6,2021-03-19
2340,Insight Logistics Ltd.,SMB,Healthcare,18,2024-06-08
2341,Union Enterprises Corp.,Mid-Market,Technology,9,2022-03-03
2342,Granite Logistics Co.,Mid-Market,Professional Services,14,2021-06-09
2343,Pioneer Foods Ltd. 1,Mid-Market,Education,8,2025-04-02
2344,Nova Networks Co.,Mid-Market,Healthcare,18,2022-03-05
2345,Global Technologies Inc. 2,Mid-Market,Technology,17,2019-05-22
2346,Northwind Logistics LLC,Enterprise,Education,19,2023-06-10
2347,Catalyst Consulting Co. 2,SMB,Retail,10,2023-08-09
2348,Harbor Health Inc. 1,SMB,Professional Services,18,2023-06-11
2349,Ironclad Solutions Ltd. 3,Enterprise,Healthcare,22,2021-07-09
2350,Meridian Health Ltd.,SMB,Finance,22,2023-10-01
2351,Granite Foods LLC 1,SMB,Technology,18,2021-01-14
2352,Brightpath Analytics Inc. 1,Mid-Market,Finance,9,2022-04-01
2353,Ironclad Holdings Inc. 1,Mid-Market,Healthcare,16,2020-07-07
2354,Apex Holdings Co. 1,Enterprise,Technology,17,2023-04-17
2355,Horizon Networks Inc. 1,Enterprise,Manufacturing,29,2024-09-02
2356,Palisade Technologies Ltd.,SMB,Professional Services,12,2019-09-07
2357,Palisade Ventures Inc.,SMB,Retail,10,2019-03-11
2358,Silverline Materials LLC,Enterprise,Education,23,2024-04-29
2359,Anchor Enterprises Inc. 2,SMB,Education,20,2021-04-05
2360,Palisade Ventures Ltd. 3,Enterprise,Professional Services,13,2021-04-07
2361,Summit Materials Inc. 2,SMB,Technology,1,2022-12-14
2362,Everest Health Ltd. 2,SMB,Healthcare,22,2022-05-29
2363,Palisade Ventures Co.,Mid-Market,Retail,23,2019-11-07
2364,Horizon Holdings Ltd.,Enterprise,Education,28,2024-04-27
2365,Horizon Solutions Ltd.,SMB,Education,16,2020-03-26
2366,Harbor Health Co. 3,SMB,Education,16,2024-10-12
2367,Prime Materials Co.,Mid-Market,Finance,7,2024-05-07
2368,Global Foods Ltd. 1,Mid-Market,Finance,14,2020-03-03
2369,Global Networks Corp.,Enterprise,Technology,1,2024-04-21
2370,Horizon Technologies LLC,SMB,Finance,16,2023-08-17
2371,Union Manufacturing Ltd. 1,SMB,Healthcare,22,2025-11-14
2372,Orbit Consulting Inc. 2,SMB,Professional Services,24,2023-12-25
2373,Anchor Holdings Co. 2,SMB,Technology,20,2021-09-24
2374,Horizon Enterprises Co.,SMB,Finance,25,2023-05-04
2375,Horizon Networks LLC 1,SMB,Professional Services,20,2023-08-19
2376,Meridian Group Ltd. 3,Mid-Market,Professional Services,24,2024-03-20
2377,Catalyst Foods Ltd.,SMB,Finance,14,2022-04-12
2378,Redwood Enterprises Co.,Mid-Market,Manufacturing,19,2024-10-16
2379,Beacon Health Co.,Mid-Market,Manufacturing,20,2021-01-03
2380,Apex Systems Ltd. 1,SMB,Education,18,2025-09-28
2381,Meridian Health Co. 1,SMB,Education,18,2021-03-04
2382,Orbit Ventures LLC,SMB,Manufacturing,24,2019-04-06
2383,Apex Analytics Corp.,Mid-Market,Finance,8,2020-05-26
2384,Northwind Group Inc. 1,SMB,Finance,10,2025-06-28
2385,Crestline Industries Co. 1,Mid-Market,Retail,16,2024-07-12
2386,Orbit Holdings LLC,Enterprise,Education,20,2022-01-28
2387,Nova Networks Corp. 1,Mid-Market,Technology,16,2025-05-02
2388,Crestline Partners Inc.,SMB,Education,6,2020-09-22
2389,Harbor Technologies LLC 3,Enterprise,Manufacturing,25,2020-08-19
2390,Nova Systems Ltd.,SMB,Healthcare,17,2019-11-26
2391,Delta Ventures LLC 1,Enterprise,Technology,14,2022-02-04
2392,Ironclad Ventures Corp. 1,Mid-Market,Finance,27,2022-08-07
2393,Apex Technologies Corp.,SMB,Healthcare,14,2020-01-06
2394,Meridian Materials Ltd.,Enterprise,Technology,5,2019-10-20
2395,Redwood Financial LLC 1,SMB,Finance,30,2021-09-24
2396,Crestline Financial Corp.,SMB,Education,12,2020-08-17
2397,Crestline Technologies Inc. 2,Enterprise,Education,27,2023-01-07
2398,Anchor Networks Corp. 1,SMB,Healthcare,16,2022-09-02
2399,Global Industries Inc.,SMB,Retail,8,2020-02-20
2400,Granite Systems Ltd. 1,SMB,Manufacturing,12,2019-02-03
2401,Northwind Foods Co.,SMB,Education,28,2024-05-29
2402,Cascade Financial Corp. 1,SMB,Healthcare,29,2022-06-02
2403,Pioneer Holdings Co. 1,SMB,Technology,5,2023-01-10
2404,Falcon Enterprises LLC,Mid-Market,Finance,30,2025-09-24
2405,Horizon Systems Co. 1,SMB,Professional Services,26,2024-05-16
2406,Delta Foods Corp. 1,SMB,Manufacturing,20,2021-05-03
2407,Northwind Logistics Corp.,SMB,Technology,6,2024-12-13
2408,Global Group Corp. 1,SMB,Professional Services,18,2022-11-02
2409,Meridian Financial Co.,Mid-Market,Education,13,2022-08-27
2410,Redwood Solutions Ltd. 2,SMB,Manufacturing,4,2023-11-04
2411,Silverline Group Corp. 2,SMB,Education,30,2022-01-02
2412,Insight Analytics Ltd.,Mid-Market,Healthcare,19,2025-03-01
2413,Redwood Networks Corp.,Mid-Market,Retail,3,2020-03-03
2414,Catalyst Analytics Co. 1,SMB,Professional Services,11,2021-12-14
2415,Cascade Holdings Corp. 1,Mid-Market,Manufacturing,26,2019-06-15
2416,Nova Ventures Co.,SMB,Technology,14,2023-12-08
2417,Silverline Manufacturing LLC,Enterprise,Education,15,2020-11-21
2418,Ironclad Systems Corp. 1,Mid-Market,Education,5,2021-12-23
2419,Meridian Partners Ltd. 2,SMB,Education,4,2025-03-15
2420,Beacon Group Corp.,SMB,Retail,30,2020-04-21
2421,Harbor Manufacturing Corp.,SMB,Technology,29,2019-01-06
2422,Apex Networks Inc. 1,SMB,Technology,3,2023-01-17
2423,Apex Enterprises Co. 1,SMB,Education,17,2022-01-23
2424,Crestline Technologies LLC,SMB,Education,21,2019-05-21
2425,Brightpath Health Inc.,SMB,Technology,27,2021-01-27
2426,Summit Analytics Co. 2,SMB,Retail,17,2020-09-03
2427,Vertex Ventures Inc.,SMB,Manufacturing,27,2020-10-28
2428,Meridian Group Ltd. 4,Enterprise,Finance,4,2024-07-11
2429,Cascade Ventures LLC,Mid-Market,Retail,1,2021-02-17
2430,Everest Holdings Ltd.,SMB,Professional Services,14,2022-06-05
2431,Ironclad Enterprises LLC,SMB,Education,8,2020-11-09
2432,Falcon Group Ltd. 1,SMB,Healthcare,23,2025-08-26
2433,Beacon Partners Co.,Enterprise,Manufacturing,11,2024-06-01
2434,Meridian Consulting Corp. 1,SMB,Professional Services,13,2021-12-17
2435,Insight Partners Corp. 1,Mid-Market,Healthcare,17,2024-02-02
2436,Everest Analytics Ltd. 1,SMB,Education,29,2021-03-15
2437,Silverline Logistics LLC 1,SMB,Manufacturing,3,2019-07-30
2438,Everest Financial Corp.,SMB,Manufacturing,17,2022-01-05
2439,Prime Technologies Ltd. 2,SMB,Healthcare,12,2022-12-14
2440,Horizon Health Inc.,Mid-Market,Professional Services,2,2021-06-11
2441,Catalyst Solutions Corp. 2,Mid-Market,Manufacturing,25,2021-10-23
2442,Catalyst Logistics Corp. 1,SMB,Retail,28,2024-01-01
2443,Horizon Dynamics LLC 1,SMB,Manufacturing,6,2025-04-07
2444,Beacon Materials Corp. 2,SMB,Technology,23,2025-04-04
2445,Redwood Solutions LLC,Mid-Market,Education,22,2023-01-11
2446,Ironclad Group Corp.,Enterprise,Finance,22,2023-05-28
2447,Everest Holdings LLC 1,Enterprise,Healthcare,14,2022-09-23
2448,Nova Health Co.,Mid-Market,Education,10,2021-08-06
2449,Meridian Logistics Ltd.,Mid-Market,Healthcare,3,2024-03-01
2450,Crestline Technologies Ltd.,SMB,Retail,2,2019-10-12
2451,Ironclad Materials Co. 1,SMB,Manufacturing,6,2025-04-04
2452,Nova Group Inc. 1,Mid-Market,Education,16,2020-12-26
2453,Pioneer Holdings LLC,Enterprise,Technology,5,2020-07-13
2454,Palisade Enterprises Inc.,Mid-Market,Education,21,2020-12-01
2455,Summit Materials Ltd. 1,SMB,Healthcare,19,2024-09-05
2456,Meridian Foods LLC,Mid-Market,Professional Services,11,2020-11-18
2457,Insight Systems Ltd.,SMB,Finance,3,2023-04-07
2458,Insight Retail Co.,SMB,Technology,16,2021-05-27
2459,Vertex Financial LLC,Enterprise,Manufacturing,25,2023-08-05
2460,Granite Partners LLC 1,SMB,Technology,12,2023-02-21
2461,Bluepeak Logistics Corp.,SMB,Healthcare,25,2025-12-25
2462,Vertex Dynamics Corp.,Mid-Market,Education,9,2021-03-05
2463,Redwood Enterprises LLC,Enterprise,Manufacturing,3,2021-06-13
2464,Silverline Ventures LLC,SMB,Retail,20,2020-05-23
2465,Cascade Ventures LLC 1,SMB,Professional Services,27,2022-03-31
2466,Meridian Enterprises Corp.,SMB,Manufacturing,27,2024-11-10
2467,Apex Enterprises Corp.,SMB,Manufacturing,29,2020-06-23
2468,Prime Enterprises Corp. 1,Mid-Market,Technology,4,2025-09-23
2469,Vertex Networks LLC 1,SMB,Finance,2,2019-02-03
2470,Granite Solutions Ltd. 1,Mid-Market,Education,18,2024-08-19
2471,Silverline Dynamics Corp.,Enterprise,Technology,29,2023-11-03
2472,Ironclad Analytics LLC 1,SMB,Finance,30,2025-05-02
2473,Orbit Financial Ltd.,SMB,Technology,9,2022-08-26
2474,Falcon Foods Co. 1,SMB,Professional Services,12,2023-10-07
2475,Catalyst Retail LLC 1,Mid-Market,Manufacturing,20,2019-05-07
2476,Palisade Materials Corp.,Enterprise,Retail,28,2021-10-04
2477,Northwind Logistics Co.,SMB,Retail,6,2024-05-23
2478,Northwind Ventures LLC 1,SMB,Healthcare,30,2019-10-06
2479,Harbor Foods LLC 1,SMB,Technology,25,2024-06-22
2480,Granite Holdings LLC 1,SMB,Finance,3,2021-02-26
2481,Crestline Solutions Corp.,Mid-Market,Healthcare,26,2021-06-21
2482,Bluepeak Group Corp. 3,Mid-Market,Finance,20,2023-07-13
2483,Northwind Logistics Ltd. 1,Enterprise,Finance,30,2019-07-19
2484,Catalyst Materials LLC 1,Enterprise,Education,7,2023-05-16
2485,Harbor Enterprises Corp. 1,Mid-Market,Finance,30,2025-05-24
2486,Falcon Financial Inc. 1,SMB,Healthcare,2,2019-08-28
2487,Everest Partners Co.,Enterprise,Professional Services,3,2020-10-08
2488,Bluepeak Enterprises LLC 1,Mid-Market,Technology,14,2019-02-04
2489,Northwind Health LLC 1,SMB,Healthcare,20,2022-08-16
2490,Falcon Technologies Inc. 1,Mid-Market,Finance,6,2024-02-12
2491,Cascade Foods LLC,Mid-Market,Technology,9,2025-06-25
2492,Horizon Technologies Co.,SMB,Professional Services,12,2021-07-29
2493,Everest Health Corp.,Mid-Market,Finance,4,2020-01-16
2494,Silverline Partners Ltd. 1,SMB,Education,6,2019-03-16
2495,Apex Consulting Corp. 2,SMB,Technology,5,2021-04-10
2496,Falcon Analytics LLC 1,Mid-Market,Manufacturing,29,2022-08-02
2497,Crestline Dynamics Ltd.,SMB,Technology,29,2025-04-21
2498,Northwind Manufacturing LLC,SMB,Healthcare,19,2020-07-07
2499,Redwood Materials Ltd.,SMB,Finance,21,2024-06-20
2500,Crestline Retail Co. 2,SMB,Professional Services,5,2022-05-14
2501,Delta Solutions Inc. 4,SMB,Finance,2,2025-01-26
2502,Palisade Enterprises Inc. 1,SMB,Education,12,2025-01-14
2503,Ironclad Retail Ltd. 1,SMB,Technology,30,2025-01-01
2504,Horizon Manufacturing Inc.,Enterprise,Healthcare,15,2021-10-22
2505,Silverline Systems Ltd.,SMB,Retail,25,2021-06-03
2506,Crestline Solutions LLC,SMB,Manufacturing,12,2020-06-13
2507,Harbor Foods Corp.,SMB,Manufacturing,10,2020-08-06
2508,Catalyst Networks Ltd. 4,Mid-Market,Retail,25,2023-04-25
2509,Pioneer Analytics LLC,Enterprise,Technology,15,2025-09-24
2510,Redwood Retail Co.,SMB,Retail,22,2023-03-29
2511,Catalyst Industries Co.,SMB,Professional Services,22,2021-11-19
2512,Redwood Enterprises LLC 1,Mid-Market,Education,22,2020-09-11
2513,Pioneer Solutions Ltd. 3,Mid-Market,Healthcare,21,2023-07-25
2514,Nova Foods Ltd.,Mid-Market,Finance,25,2020-06-23
2515,Anchor Enterprises LLC 1,SMB,Professional Services,14,2019-08-27
2516,Redwood Retail Co. 1,Mid-Market,Education,10,2019-08-28
2517,Ironclad Group LLC 1,SMB,Professional Services,16,2024-12-13
2518,Crestline Solutions LLC 1,Mid-Market,Professional Services,10,2021-09-04
2519,Prime Retail Ltd.,Mid-Market,Manufacturing,2,2025-07-31
2520,Meridian Consulting Inc.,Mid-Market,Technology,11,2022-06-23
2521,Ironclad Technologies Co.,SMB,Healthcare,16,2023-11-03
2522,Silverline Ventures LLC 1,Mid-Market,Finance,16,2024-10-14
2523,Falcon Networks Corp. 1,SMB,Education,11,2025-02-13
2524,Vertex Systems Ltd.,SMB,Healthcare,22,2020-02-20
2525,Silverline Group Co.,Mid-Market,Finance,9,2020-07-07
2526,Prime Materials Ltd.,SMB,Education,20,2020-01-19
2527,Global Solutions LLC,Enterprise,Healthcare,9,2022-02-12
2528,Meridian Partners Ltd. 3,Mid-Market,Retail,30,2020-02-01
2529,Summit Group LLC 2,Mid-Market,Manufacturing,20,2023-07-22
2530,Cascade Analytics Corp.,Enterprise,Professional Services,17,2021-07-16
2531,Union Retail Ltd. 2,SMB,Manufacturing,13,2025-09-30
2532,Cascade Materials Corp. 1,SMB,Manufacturing,23,2024-09-18
2533,Palisade Analytics Inc.,SMB,Education,13,2024-01-26
2534,Crestline Industries Inc.,SMB,Professional Services,25,2023-10-27
2535,Meridian Health Inc.,SMB,Education,5,2019-04-12
2536,Falcon Technologies Inc. 2,Mid-Market,Retail,25,2019-08-02
2537,Prime Networks Ltd. 2,Enterprise,Professional Services,29,2022-01-09
2538,Redwood Foods Inc. 1,Enterprise,Professional Services,8,2025-05-26
2539,Anchor Holdings LLC,SMB,Education,7,2019-08-29
2540,Bluepeak Holdings LLC,SMB,Finance,29,2021-12-09
2541,Northwind Systems Inc.,Enterprise,Retail,13,2024-07-22
2542,Palisade Dynamics Co. 1,SMB,Healthcare,21,2021-03-28
2543,Apex Enterprises Inc.,SMB,Manufacturing,6,2025-07-03
2544,Prime Enterprises Inc.,SMB,Manufacturing,13,2025-07-17
2545,Meridian Systems LLC,SMB,Professional Services,22,2019-05-26
2546,Horizon Holdings Inc.,SMB,Manufacturing,27,2023-04-25
2547,Ironclad Systems LLC,SMB,Professional Services,14,2020-01-08
2548,Union Holdings Inc.,SMB,Education,3,2022-02-01
2549,Harbor Consulting LLC,Enterprise,Education,13,2025-04-13
2550,Union Systems Inc.,SMB,Healthcare,20,2019-07-07
2551,Brightpath Technologies Co.,Enterprise,Education,27,2025-07-23
2552,Anchor Logistics Ltd. 2,SMB,Healthcare,26,2025-12-16
2553,Horizon Manufacturing Ltd. 1,Enterprise,Retail,23,2023-09-10
2554,Silverline Retail Corp.,Mid-Market,Manufacturing,5,2021-06-29
2555,Delta Manufacturing Ltd.,Enterprise,Healthcare,16,2020-10-03
2556,Vertex Health Co. 2,Mid-Market,Professional Services,18,2022-01-10
2557,Crestline Analytics Inc.,Mid-Market,Professional Services,15,2020-04-04
2558,Horizon Manufacturing Corp.,Mid-Market,Retail,28,2019-02-21
2559,Harbor Dynamics Inc.,Mid-Market,Technology,29,2019-06-10
2560,Bluepeak Solutions Corp.,Mid-Market,Healthcare,7,2023-08-24
2561,Northwind Analytics Co.,SMB,Healthcare,29,2019-02-23
2562,Delta Health Ltd. 1,SMB,Professional Services,26,2021-02-09
2563,Granite Dynamics Ltd. 1,SMB,Finance,22,2023-09-25
2564,Global Dynamics Inc.,Enterprise,Technology,12,2020-03-22
2565,Falcon Industries Co. 1,Mid-Market,Retail,23,2021-04-29
2566,Anchor Manufacturing Ltd. 2,SMB,Professional Services,18,2019-03-22
2567,Everest Partners LLC,Enterprise,Manufacturing,27,2019-10-15
2568,Apex Systems LLC,Mid-Market,Manufacturing,22,2020-07-31
2569,Summit Systems Corp.,SMB,Healthcare,29,2019-11-19
2570,Bluepeak Partners Ltd.,SMB,Professional Services,13,2022-04-21
2571,Everest Enterprises Corp.,Mid-Market,Technology,3,2019-11-21
2572,Silverline Enterprises Co. 1,SMB,Professional Services,15,2021-02-19
2573,Anchor Analytics LLC,Mid-Market,Healthcare,30,2024-01-24
2574,Prime Logistics Ltd. 1,SMB,Technology,20,2023-07-30
2575,Bluepeak Materials Co.,Enterprise,Finance,22,2021-09-05
2576,Falcon Group Ltd. 2,Enterprise,Technology,19,2025-07-07
2577,Silverline Holdings LLC,SMB,Technology,18,2024-07-05
2578,Catalyst Logistics Corp. 2,Mid-Market,Healthcare,2,2023-04-01
2579,Sterling Solutions Corp. 1,SMB,Retail,13,2022-01-21
2580,Vertex Materials LLC,Mid-Market,Education,3,2019-06-03
2581,Harbor Technologies Inc.,SMB,Healthcare,11,2021-11-21
2582,Harbor Health Inc. 2,SMB,Retail,22,2022-10-25
2583,Catalyst Financial Ltd.,Mid-Market,Finance,25,2025-12-08
2584,Silverline Logistics LLC 2,SMB,Manufacturing,7,2025-08-29
2585,Meridian Partners Ltd. 4,Mid-Market,Finance,20,2019-10-14
2586,Crestline Partners Ltd. 2,Mid-Market,Professional Services,7,2025-11-08
2587,Sterling Networks Corp.,Mid-Market,Manufacturing,7,2024-04-12
2588,Northwind Enterprises LLC,SMB,Manufacturing,29,2023-10-10
2589,Vertex Industries Co. 1,SMB,Professional Services,19,2025-04-28
2590,Summit Technologies Inc.,SMB,Retail,6,2021-04-10
2591,Meridian Materials LLC,SMB,Healthcare,5,2021-10-17
2592,Delta Industries Ltd. 1,SMB,Healthcare,2,2025-02-04
2593,Catalyst Networks Co.,Mid-Market,Finance,15,2019-09-23
2594,Everest Retail Corp. 1,SMB,Technology,4,2023-12-18
2595,Union Industries Ltd.,SMB,Retail,18,2024-08-31
2596,Falcon Health LLC,Mid-Market,Manufacturing,14,2025-03-12
2597,Catalyst Enterprises Co. 2,SMB,Technology,20,2020-07-14
2598,Delta Networks Corp.,Mid-Market,Finance,7,2023-10-03
2599,Redwood Analytics Ltd.,Mid-Market,Education,5,2019-08-08
2600,Apex Materials Inc.,Mid-Market,Professional Services,4,2025-01-09
2601,Cascade Enterprises Corp. 1,Enterprise,Professional Services,3,2022-05-16
2602,Everest Industries Ltd. 3,Mid-Market,Professional Services,3,2023-05-15
2603,Beacon Financial Corp.,SMB,Retail,8,2024-12-16
2604,Global Systems Co.,SMB,Professional Services,25,2022-07-17
2605,Apex Retail Co.,SMB,Professional Services,19,2022-07-24
2606,Sterling Networks Inc. 1,Mid-Market,Retail,8,2022-04-02
2607,Insight Logistics Co.,Mid-Market,Finance,28,2023-03-16
2608,Anchor Materials LLC,Mid-Market,Professional Services,23,2024-01-08
2609,Harbor Health Corp.,SMB,Finance,24,2024-08-20
2610,Summit Technologies Corp.,Mid-Market,Healthcare,27,2019-03-18
2611,Falcon Foods Ltd. 1,SMB,Technology,23,2021-06-08
2612,Pioneer Ventures Corp.,SMB,Manufacturing,29,2022-01-10
2613,Falcon Dynamics Corp.,SMB,Technology,10,2019-09-10
2614,Insight Networks Corp. 1,SMB,Technology,26,2024-04-05
2615,Redwood Materials LLC 1,Mid-Market,Healthcare,4,2022-08-29
2616,Redwood Solutions Corp.,SMB,Manufacturing,10,2019-01-05
2617,Silverline Logistics Inc.,SMB,Manufacturing,27,2023-06-02
2618,Ironclad Analytics Inc. 1,SMB,Manufacturing,5,2021-05-16
2619,Delta Logistics Ltd. 1,SMB,Manufacturing,16,2024-02-01
2620,Crestline Networks LLC 1,SMB,Professional Services,11,2020-04-04
2621,Crestline Logistics Ltd.,SMB,Healthcare,4,2019-01-04
2622,Insight Logistics Ltd. 1,Mid-Market,Manufacturing,8,2019-08-10
2623,Everest Foods Ltd.,SMB,Retail,17,2022-01-30
2624,Ironclad Foods Corp. 2,SMB,Healthcare,19,2024-03-26
2625,Horizon Health Corp. 1,Mid-Market,Healthcare,21,2023-03-24
2626,Harbor Industries Ltd.,SMB,Technology,4,2019-02-08
2627,Falcon Partners LLC,Mid-Market,Finance,10,2023-02-21
2628,Northwind Retail Corp.,SMB,Healthcare,4,2022-05-17
2629,Ironclad Consulting LLC 1,Enterprise,Healthcare,1,2024-07-28
2630,Meridian Dynamics LLC 2,Mid-Market,Healthcare,12,2020-10-18
2631,Everest Consulting Inc. 2,SMB,Retail,19,2024-01-12
2632,Palisade Enterprises Inc. 2,Mid-Market,Education,12,2023-06-03
2633,Silverline Retail Inc. 1,Mid-Market,Manufacturing,2,2023-05-12
2634,Insight Manufacturing Ltd. 1,Mid-Market,Technology,7,2021-11-02
2635,Union Networks Ltd. 2,Mid-Market,Education,13,2019-02-02
2636,Silverline Consulting Inc. 1,SMB,Healthcare,11,2020-04-24
2637,Granite Technologies Ltd.,SMB,Technology,25,2023-04-26
2638,Orbit Materials Ltd.,Enterprise,Manufacturing,18,2023-01-17
2639,Meridian Holdings Co. 2,SMB,Finance,30,2022-09-05
2640,Cascade Systems Co. 1,Mid-Market,Finance,6,2019-07-16
2641,Horizon Industries Inc.,SMB,Professional Services,12,2021-06-07
2642,Crestline Industries Corp.,Mid-Market,Technology,3,2023-05-02
2643,Apex Solutions Co. 1,Mid-Market,Technology,1,2019-11-17
2644,Anchor Industries LLC 1,Mid-Market,Retail,28,2025-06-12
2645,Brightpath Partners Corp. 2,SMB,Finance,15,2019-07-05
2646,Granite Financial Inc.,SMB,Education,20,2023-10-04
2647,Union Solutions LLC 1,Mid-Market,Technology,9,2021-02-08
2648,Apex Ventures Co.,SMB,Finance,2,2025-01-16
2649,Union Retail Ltd. 3,SMB,Healthcare,27,2024-10-14
2650,Vertex Foods LLC,Mid-Market,Technology,20,2021-05-01
2651,Summit Dynamics Co.,SMB,Manufacturing,22,2022-03-27
2652,Sterling Industries LLC,SMB,Education,17,2025-09-17
2653,Global Dynamics LLC 2,Mid-Market,Healthcare,13,2023-04-03
2654,Meridian Consulting Corp. 2,SMB,Education,13,2019-01-16
2655,Falcon Materials Ltd. 1,Mid-Market,Manufacturing,23,2024-06-09
2656,Prime Solutions LLC,SMB,Manufacturing,7,2021-07-12
2657,Palisade Partners LLC,Mid-Market,Professional Services,11,2020-12-06
2658,Cascade Consulting Ltd. 1,SMB,Finance,10,2024-10-27
2659,Pioneer Analytics LLC 1,Mid-Market,Healthcare,16,2025-10-08
2660,Vertex Partners Inc. 1,SMB,Education,30,2019-06-08
2661,Apex Foods Inc.,SMB,Technology,28,2021-09-24
2662,Nova Foods LLC 2,Mid-Market,Professional Services,17,2020-12-15
2663,Nova Dynamics Inc. 1,SMB,Education,7,2025-04-13
2664,Falcon Logistics Inc. 1,SMB,Professional Services,29,2025-01-26
2665,Delta Enterprises Ltd.,SMB,Manufacturing,10,2025-04-22
2666,Bluepeak Ventures Corp.,Mid-Market,Retail,11,2019-04-20
2667,Anchor Partners Inc.,SMB,Professional Services,27,2019-05-09
2668,Horizon Partners LLC,Enterprise,Technology,8,2022-11-10
2669,Sterling Networks Ltd. 1,Mid-Market,Finance,14,2020-03-02
2670,Horizon Holdings Co.,SMB,Manufacturing,28,2019-10-15
2671,Sterling Manufacturing Co.,SMB,Retail,10,2020-10-27
2672,Bluepeak Financial LLC 2,SMB,Retail,19,2023-12-19
2673,Everest Partners Co. 1,Mid-Market,Professional Services,2,2023-09-13
2674,Everest Retail Corp. 2,SMB,Manufacturing,30,2024-06-29
2675,Bluepeak Enterprises LLC 2,SMB,Healthcare,13,2019-06-10
2676,Summit Technologies Corp. 1,Mid-Market,Healthcare,21,2024-05-12
2677,Northwind Enterprises Inc. 2,SMB,Education,16,2022-06-08
2678,Crestline Enterprises Corp. 3,Mid-Market,Manufacturing,14,2021-03-11
2679,Meridian Systems Corp. 2,Mid-Market,Retail,13,2023-04-09
2680,Brightpath Enterprises Corp.,SMB,Manufacturing,1,2024-08-05
2681,Insight Technologies Inc. 1,SMB,Education,9,2019-09-23
2682,Summit Materials Inc. 3,Mid-Market,Healthcare,12,2024-08-25
2683,Ironclad Logistics LLC,Mid-Market,Healthcare,12,2022-12-26
2684,Vertex Partners Co.,Enterprise,Education,9,2023-05-04
2685,Ironclad Systems Corp. 2,SMB,Manufacturing,20,2025-02-24
2686,Sterling Manufacturing Corp.,Mid-Market,Education,25,2023-12-20
2687,Delta Analytics Ltd. 2,SMB,Technology,27,2023-01-31
2688,Ironclad Networks Corp. 1,SMB,Healthcare,30,2021-05-08
2689,Vertex Health LLC 1,Enterprise,Professional Services,20,2022-07-28
2690,Granite Technologies Co.,SMB,Education,13,2024-11-08
2691,Meridian Materials LLC 1,SMB,Technology,20,2025-12-19
2692,Silverline Enterprises Ltd. 1,SMB,Education,4,2024-04-16
2693,Sterling Partners Co.,Mid-Market,Technology,25,2024-07-12
2694,Prime Group Ltd. 2,Mid-Market,Technology,17,2023-11-23
2695,Insight Networks Co.,Mid-Market,Professional Services,5,2024-05-14
2696,Summit Industries Inc. 1,SMB,Technology,13,2020-09-13
2697,Nova Ventures Ltd. 1,SMB,Finance,10,2021-12-19
2698,Insight Networks Inc. 1,Enterprise,Technology,11,2022-11-22
2699,Orbit Ventures Corp. 1,Mid-Market,Retail,2,2022-11-05
2700,Falcon Logistics Inc. 2,SMB,Technology,1,2023-03-07
2701,Granite Financial Ltd. 1,Enterprise,Finance,11,2025-10-24
2702,Insight Industries LLC 1,Mid-Market,Finance,10,2024-12-26
2703,Anchor Enterprises Inc. 3,SMB,Retail,30,2024-10-16
2704,Palisade Logistics Co. 2,Mid-Market,Manufacturing,8,2024-10-23
2705,Union Holdings Co.,Mid-Market,Healthcare,10,2024-07-20
2706,Palisade Ventures Inc. 1,Mid-Market,Manufacturing,28,2023-10-03
2707,Prime Dynamics LLC 3,Mid-Market,Manufacturing,26,2020-10-17
2708,Delta Materials Inc.,SMB,Finance,2,2024-12-27
2709,Vertex Health Ltd.,SMB,Manufacturing,3,2020-12-15
2710,Silverline Retail Co.,SMB,Finance,3,2024-01-27
2711,Cascade Consulting LLC 3,Enterprise,Finance,14,2019-10-11
2712,Beacon Analytics Corp. 1,SMB,Education,18,2022-10-30
2713,Prime Retail Ltd. 1,Mid-Market,Healthcare,11,2021-03-25
2714,Horizon Financial Corp.,SMB,Finance,1,2023-12-06
2715,Delta Analytics Ltd. 3,Mid-Market,Technology,7,2024-12-26
2716,Silverline Health Ltd. 1,SMB,Retail,19,2019-02-09
2717,Anchor Financial Ltd. 3,Mid-Market,Retail,12,2019-10-20
2718,Falcon Technologies Ltd.,Mid-Market,Retail,4,2025-06-23
2719,Everest Logistics Corp. 1,Mid-Market,Healthcare,20,2020-09-03
2720,Cascade Dynamics LLC 2,Enterprise,Manufacturing,19,2024-02-11
2721,Vertex Health Ltd. 1,Mid-Market,Finance,15,2024-09-07
2722,Harbor Analytics Inc. 2,SMB,Education,29,2024-03-07
2723,Northwind Retail Corp. 1,SMB,Finance,26,2019-03-24
2724,Catalyst Partners Inc.,Enterprise,Finance,2,2024-02-23
2725,Catalyst Foods Ltd. 1,SMB,Manufacturing,28,2025-09-23
2726,Orbit Industries Ltd.,SMB,Education,2,2021-07-31
2727,Nova Health Corp.,SMB,Retail,15,2023-12-21
2728,Silverline Holdings LLC 1,SMB,Education,28,2020-12-07
2729,Nova Logistics Corp. 1,SMB,Finance,30,2025-12-24
2730,Bluepeak Analytics Ltd.,SMB,Education,1,2020-06-16
2731,Cascade Analytics Ltd.,SMB,Professional Services,3,2021-02-20
2732,Redwood Holdings Co.,SMB,Manufacturing,8,2020-03-05
2733,Vertex Manufacturing Inc. 1,Enterprise,Retail,9,2025-09-07
2734,Everest Logistics Inc. 2,Mid-Market,Professional Services,9,2022-12-31
2735,Apex Materials Ltd.,Enterprise,Education,13,2020-09-23
2736,Insight Partners Inc. 3,SMB,Healthcare,10,2019-12-10
2737,Northwind Materials Inc.,Mid-Market,Education,18,2025-02-14
2738,Silverline Consulting LLC 3,SMB,Manufacturing,26,2019-06-10
2739,Falcon Materials Ltd. 2,SMB,Healthcare,17,2023-07-03
2740,Sterling Retail Inc.,SMB,Finance,10,2023-04-09
2741,Summit Networks LLC 1,Mid-Market,Professional Services,18,2024-05-26
2742,Union Networks Inc.,SMB,Professional Services,19,2023-10-09
2743,Ironclad Materials Co. 2,SMB,Education,27,2024-11-08
2744,Granite Materials Ltd.,Enterprise,Professional Services,29,2019-04-08
2745,Ironclad Retail Inc.,SMB,Retail,9,2022-01-04
2746,Insight Manufacturing LLC 1,Mid-Market,Education,28,2019-07-26
2747,Redwood Consulting Corp. 1,SMB,Healthcare,25,2021-11-01
2748,Vertex Industries Corp.,SMB,Finance,4,2022-12-04
2749,Redwood Enterprises Inc.,Mid-Market,Healthcare,17,2023-02-26
2750,Granite Holdings Corp.,Enterprise,Professional Services,5,2025-06-21
2751,Global Retail Co. 1,Enterprise,Retail,15,2025-06-13
2752,Cascade Solutions LLC 1,Enterprise,Professional Services,2,2021-03-02
2753,Summit Materials Inc. 4,SMB,Finance,9,2023-11-22
2754,Everest Foods LLC,Mid-Market,Finance,18,2023-12-27
2755,Redwood Enterprises Corp. 2,Mid-Market,Retail,10,2025-09-12
2756,Anchor Ventures LLC 2,SMB,Manufacturing,1,2019-08-03
2757,Insight Manufacturing Inc.,SMB,Finance,12,2023-04-27
2758,Delta Ventures Inc. 2,SMB,Finance,17,2021-11-06
2759,Meridian Ventures Ltd.,SMB,Manufacturing,23,2021-06-06
2760,Harbor Group Inc.,Mid-Market,Technology,5,2023-04-28
2761,Silverline Ventures LLC 2,SMB,Healthcare,15,2020-12-15
2762,Insight Health Ltd.,Enterprise,Technology,6,2019-04-02
2763,Insight Partners Corp. 2,SMB,Healthcare,5,2024-06-11
2764,Horizon Partners Inc.,SMB,Healthcare,4,2019-08-10
2765,Catalyst Group Inc.,SMB,Technology,23,2021-04-18
2766,Palisade Health Corp.,SMB,Technology,28,2023-03-01
2767,Catalyst Retail LLC 2,SMB,Education,20,2023-05-14
2768,Vertex Partners Co. 1,Mid-Market,Healthcare,12,2023-08-30
2769,Redwood Health Inc. 1,SMB,Manufacturing,29,2025-12-16
2770,Nova Materials Inc.,SMB,Technology,15,2021-10-22
2771,Falcon Networks Corp. 2,SMB,Professional Services,16,2019-12-18
2772,Falcon Foods Co. 2,Mid-Market,Healthcare,20,2019-12-19
2773,Brightpath Health Inc. 1,Enterprise,Education,20,2022-07-28
2774,Pioneer Retail Co. 1,SMB,Retail,15,2021-09-07
2775,Sterling Enterprises Co.,Enterprise,Education,15,2025-05-23
2776,Orbit Holdings Corp.,Mid-Market,Retail,10,2022-07-29
2777,Catalyst Technologies Corp. 1,Mid-Market,Manufacturing,21,2022-03-01
2778,Apex Foods Co. 1,SMB,Education,21,2025-01-13
2779,Meridian Analytics Ltd.,Mid-Market,Education,14,2024-07-27
2780,Bluepeak Analytics Corp. 1,Mid-Market,Finance,22,2023-12-30
2781,Harbor Systems LLC,Enterprise,Professional Services,5,2022-09-09
2782,Crestline Financial Co. 1,SMB,Professional Services,13,2020-08-22
2783,Insight Solutions LLC 2,SMB,Education,30,2022-12-21
2784,Granite Manufacturing LLC 2,Enterprise,Professional Services,23,2019-10-23
2785,Brightpath Health Co. 3,Enterprise,Technology,22,2022-10-04
2786,Vertex Holdings Corp.,SMB,Manufacturing,26,2024-12-16
2787,Horizon Logistics Ltd.,Mid-Market,Retail,19,2022-08-09
2788,Global Foods Co.,SMB,Professional Services,20,2019-06-25
2789,Catalyst Group Ltd. 2,Mid-Market,Technology,15,2019-03-22
2790,Anchor Solutions Inc.,SMB,Education,25,2025-01-08
2791,Northwind Enterprises Ltd. 1,Mid-Market,Technology,22,2020-07-27
2792,Anchor Materials Corp. 1,SMB,Finance,16,2022-09-05
2793,Brightpath Manufacturing Inc.,Enterprise,Retail,4,2024-06-08
2794,Delta Networks Inc. 1,SMB,Finance,25,2020-10-09
2795,Apex Consulting Co. 1,SMB,Education,10,2024-02-28
2796,Vertex Industries Inc.,SMB,Professional Services,11,2019-07-12
2797,Delta Partners Corp.,Mid-Market,Healthcare,4,2024-03-28
2798,Cascade Retail Co.,Mid-Market,Healthcare,7,2019-06-13
2799,Harbor Dynamics Co. 1,SMB,Technology,4,2020-12-09
2800,Falcon Financial Co.,SMB,Retail,3,2020-10-18
2801,Apex Logistics Ltd. 1,Mid-Market,Professional Services,1,2025-03-28
2802,Meridian Health Corp. 1,Mid-Market,Retail,9,2022-09-28
2803,Anchor Consulting LLC 1,Mid-Market,Technology,23,2024-11-24
2804,Nova Networks Co. 1,SMB,Healthcare,26,2023-01-28
2805,Everest Health Corp. 1,SMB,Technology,7,2024-08-24
2806,Apex Group LLC,SMB,Manufacturing,13,2022-02-23
2807,Pioneer Dynamics Co.,SMB,Education,25,2023-08-09
2808,Ironclad Analytics LLC 2,Mid-Market,Healthcare,22,2021-01-02
2809,Prime Retail Inc. 1,Mid-Market,Education,28,2025-06-06
2810,Sterling Technologies Ltd.,Enterprise,Healthcare,13,2025-05-10
2811,Cascade Financial Corp. 2,SMB,Manufacturing,6,2019-07-05
2812,Crestline Networks Ltd.,Mid-Market,Retail,5,2025-06-01
2813,Everest Partners Ltd.,Mid-Market,Manufacturing,22,2020-04-09
2814,Nova Solutions Ltd.,Mid-Market,Manufacturing,1,2023-10-08
2815,Silverline Systems LLC 3,Mid-Market,Finance,14,2024-10-04
2816,Vertex Manufacturing LLC,SMB,Manufacturing,11,2020-09-08
2817,Nova Consulting LLC,Mid-Market,Healthcare,28,2019-10-15
2818,Horizon Industries Co.,Enterprise,Finance,30,2024-04-16
2819,Prime Health Ltd. 1,SMB,Education,15,2022-02-04
2820,Meridian Logistics LLC 1,Mid-Market,Professional Services,18,2022-05-28
2821,Silverline Industries Co.,Mid-Market,Education,12,2024-05-01
2822,Nova Foods Ltd. 1,Mid-Market,Finance,24,2020-10-10
2823,Summit Technologies Corp. 2,SMB,Finance,9,2019-09-06
2824,Apex Ventures Co. 1,Mid-Market,Technology,23,2025-09-13
2825,Union Ventures Co. 3,SMB,Healthcare,28,2023-11-24
2826,Insight Foods Corp. 1,SMB,Retail,6,2023-07-25
2827,Global Foods Inc.,SMB,Healthcare,7,2021-05-01
2828,Summit Financial Corp. 1,Mid-Market,Education,12,2025-12-20
2829,Catalyst Industries LLC 2,SMB,Technology,25,2020-07-22
2830,Anchor Dynamics Ltd. 1,Mid-Market,Finance,20,2020-03-31
2831,Beacon Dynamics Inc.,Mid-Market,Healthcare,6,2021-03-24
2832,Vertex Dynamics Corp. 1,SMB,Manufacturing,12,2024-03-03
2833,Everest Holdings Corp. 1,Mid-Market,Technology,20,2020-08-28
2834,Union Holdings LLC 2,Enterprise,Finance,29,2021-03-10
2835,Nova Financial Ltd. 2,Mid-Market,Education,14,2022-09-15
2836,Pioneer Retail Corp. 2,Enterprise,Education,3,2023-07-20
2837,Union Ventures LLC 1,Mid-Market,Healthcare,4,2020-01-17
2838,Catalyst Manufacturing Co. 1,SMB,Manufacturing,1,2023-08-01
2839,Catalyst Enterprises Corp. 3,SMB,Retail,4,2021-08-31
2840,Brightpath Ventures Inc. 2,Enterprise,Manufacturing,13,2021-06-03
2841,Redwood Retail Ltd. 1,SMB,Manufacturing,9,2019-07-21
2842,Palisade Networks LLC 1,Mid-Market,Finance,10,2025-10-25
2843,Pioneer Logistics Ltd.,Enterprise,Education,23,2023-11-07
2844,Bluepeak Health Ltd. 1,Mid-Market,Retail,15,2019-09-13
2845,Apex Health Ltd.,Enterprise,Professional Services,22,2021-07-25
2846,Everest Holdings Co. 1,Mid-Market,Education,17,2019-07-24
2847,Union Holdings Ltd.,Mid-Market,Finance,7,2022-10-16
2848,Catalyst Holdings LLC 1,Mid-Market,Finance,29,2023-11-25
2849,Silverline Systems Co.,SMB,Technology,15,2019-05-25
2850,Granite Ventures Corp. 3,Enterprise,Retail,26,2025-06-15
2851,Granite Networks Ltd. 1,Mid-Market,Education,3,2021-08-14
2852,Union Systems LLC,Enterprise,Finance,26,2020-08-23
2853,Everest Holdings Co. 2,SMB,Technology,22,2019-11-28
2854,Sterling Logistics Co.,Mid-Market,Education,8,2020-01-08
2855,Anchor Foods Co.,SMB,Healthcare,24,2024-12-12
2856,Prime Ventures LLC,Mid-Market,Retail,23,2022-05-12
2857,Insight Logistics Co. 1,Enterprise,Technology,27,2024-08-02
2858,Vertex Technologies Ltd.,SMB,Technology,7,2020-08-03
2859,Palisade Group Inc.,Enterprise,Professional Services,27,2021-11-20
2860,Union Materials Co. 1,Enterprise,Retail,23,2022-03-07
2861,Apex Materials Corp.,Enterprise,Technology,11,2019-09-07
2862,Catalyst Retail Corp.,SMB,Technology,11,2019-04-26
2863,Apex Logistics LLC,SMB,Manufacturing,8,2025-12-20
2864,Redwood Group Co.,SMB,Retail,15,2023-08-31
2865,Delta Logistics Inc.,SMB,Finance,27,2019-05-20
2866,Pioneer Retail LLC,Enterprise,Professional Services,26,2024-05-28
2867,Bluepeak Technologies Corp.,SMB,Retail,5,2021-07-12
2868,Redwood Foods Inc. 2,Mid-Market,Retail,4,2024-07-28
2869,Granite Financial LLC 2,SMB,Finance,2,2025-08-24
2870,Cascade Foods Ltd. 1,Mid-Market,Retail,19,2019-03-09
2871,Pioneer Ventures Corp. 1,Mid-Market,Professional Services,10,2025-09-30
2872,Pioneer Networks Co. 1,SMB,Technology,23,2020-02-28
2873,Vertex Retail Co. 1,Enterprise,Education,23,2021-01-29
2874,Everest Technologies Inc.,SMB,Professional Services,6,2023-05-22
2875,Catalyst Materials LLC 2,Mid-Market,Manufacturing,21,2024-01-04
2876,Meridian Networks Co. 1,SMB,Education,23,2020-03-11
2877,Everest Logistics Co. 2,SMB,Finance,30,2019-12-16
2878,Granite Enterprises Inc. 1,Enterprise,Healthcare,22,2021-01-02
2879,Falcon Systems Ltd. 1,SMB,Education,11,2021-04-12
2880,Global Financial LLC 1,SMB,Finance,30,2021-03-24
2881,Apex Ventures Co. 2,SMB,Education,9,2020-03-13
2882,Anchor Consulting Corp. 1,Enterprise,Finance,25,2025-10-17
2883,Cascade Solutions Inc.,SMB,Finance,12,2024-08-01
2884,Nova Materials LLC 2,SMB,Retail,29,2025-11-09
2885,Sterling Financial Co. 1,Mid-Market,Finance,24,2019-09-22
2886,Bluepeak Foods Ltd. 2,Mid-Market,Education,18,2019-07-13
2887,Granite Holdings Inc.,Mid-Market,Technology,7,2022-10-01
2888,Brightpath Technologies Co. 1,SMB,Technology,6,2023-04-20
2889,Prime Dynamics Co. 1,Enterprise,Technology,29,2023-06-12
2890,Harbor Systems Corp. 1,SMB,Healthcare,25,2019-08-27
2891,Union Manufacturing Inc.,SMB,Technology,16,2024-11-26
2892,Crestline Enterprises Corp. 4,Enterprise,Finance,27,2022-06-05
2893,Nova Logistics Inc.,Mid-Market,Technology,24,2021-07-29
2894,Ironclad Financial LLC,SMB,Education,12,2022-07-13
2895,Beacon Ventures LLC,Enterprise,Healthcare,25,2019-04-14
2896,Everest Networks Ltd.,SMB,Professional Services,24,2020-07-03
2897,Pioneer Materials Ltd. 1,SMB,Education,15,2025-12-27
2898,Meridian Dynamics Inc.,SMB,Retail,1,2022-11-13
2899,Insight Materials Co. 1,Mid-Market,Education,23,2019-07-20
2900,Sterling Health Ltd. 1,SMB,Education,11,2021-01-18
2901,Apex Health Ltd. 1,SMB,Education,11,2020-04-17
2902,Granite Logistics Ltd.,Mid-Market,Manufacturing,22,2025-06-21
2903,Palisade Enterprises Ltd. 3,SMB,Retail,25,2024-08-22
2904,Orbit Dynamics Ltd. 2,SMB,Manufacturing,3,2022-10-29
2905,Catalyst Logistics LLC,SMB,Retail,25,2025-08-29
2906,Sterling Health Ltd. 2,Mid-Market,Finance,9,2021-08-11
2907,Prime Retail Co. 1,Mid-Market,Technology,17,2025-01-19
2908,Catalyst Consulting Ltd.,Enterprise,Professional Services,27,2022-04-10
2909,Prime Group Corp.,Mid-Market,Retail,7,2024-12-09
2910,Horizon Dynamics Ltd.,Enterprise,Retail,7,2025-04-21
2911,Brightpath Holdings Co. 1,SMB,Healthcare,30,2022-03-29
2912,Global Technologies Ltd. 2,Mid-Market,Education,12,2020-03-30
2913,Union Systems Ltd.,SMB,Manufacturing,29,2020-05-06
2914,Ironclad Materials Co. 3,Mid-Market,Technology,11,2021-01-08
2915,Anchor Analytics LLC 1,Mid-Market,Professional Services,19,2020-07-23
2916,Nova Technologies LLC,Mid-Market,Professional Services,16,2021-09-19
2917,Brightpath Ventures LLC,Mid-Market,Professional Services,30,2022-07-19
2918,Orbit Technologies LLC 2,SMB,Manufacturing,17,2019-08-11
2919,Vertex Group Ltd.,SMB,Healthcare,16,2025-05-14
2920,Orbit Group Corp.,SMB,Technology,14,2019-01-07
2921,Granite Solutions Co. 2,Mid-Market,Education,12,2019-12-20
2922,Delta Analytics Ltd. 4,SMB,Professional Services,14,2019-01-22
2923,Nova Systems Ltd. 1,Enterprise,Technology,14,2025-11-26
2924,Everest Networks Co. 1,SMB,Retail,23,2021-11-15
2925,Ironclad Enterprises Co.,SMB,Technology,2,2020-05-16
2926,Summit Manufacturing Inc. 2,Mid-Market,Education,16,2019-10-31
2927,Granite Technologies Co. 1,Mid-Market,Technology,17,2021-08-04
2928,Redwood Enterprises Co. 1,Enterprise,Professional Services,23,2025-10-30
2929,Granite Materials LLC 1,Mid-Market,Healthcare,20,2022-11-03
2930,Apex Dynamics LLC,SMB,Finance,13,2021-06-24
2931,Vertex Financial Corp.,SMB,Retail,4,2021-07-20
2932,Granite Networks Co.,SMB,Education,12,2019-10-27
2933,Prime Materials Ltd. 1,Enterprise,Finance,8,2022-08-14
2934,Ironclad Solutions Corp. 2,SMB,Professional Services,7,2021-12-20
2935,Union Retail LLC 2,Mid-Market,Technology,22,2024-02-06
2936,Harbor Enterprises Co. 1,SMB,Manufacturing,15,2020-05-05
2937,Bluepeak Financial Ltd. 2,Mid-Market,Professional Services,24,2019-12-18
2938,Beacon Analytics Inc.,Mid-Market,Healthcare,5,2023-01-26
2939,Anchor Analytics LLC 2,SMB,Manufacturing,30,2024-03-11
2940,Anchor Solutions Co.,Mid-Market,Manufacturing,15,2022-06-25
2941,Redwood Manufacturing Ltd.,Mid-Market,Finance,8,2024-07-12
2942,Apex Analytics Corp. 1,SMB,Education,11,2024-11-19
2943,Prime Foods Corp. 1,Enterprise,Manufacturing,26,2025-05-31
2944,Ironclad Dynamics Inc. 1,SMB,Retail,22,2021-08-24
2945,Meridian Manufacturing Co. 3,SMB,Manufacturing,6,2025-04-30
2946,Vertex Technologies Ltd. 1,SMB,Professional Services,30,2023-12-18
2947,Palisade Networks Corp. 2,SMB,Manufacturing,4,2023-05-17
2948,Orbit Enterprises Ltd. 1,SMB,Education,9,2022-11-16
2949,Catalyst Systems Corp.,SMB,Retail,22,2019-02-20
2950,Ironclad Health Corp. 2,SMB,Education,16,2022-12-03
2951,Cascade Consulting Inc.,SMB,Professional Services,14,2024-06-14
2952,Pioneer Technologies Corp.,Mid-Market,Healthcare,28,2025-12-01
2953,Pioneer Retail Co. 2,Enterprise,Finance,24,2022-01-12
2954,Redwood Ventures Inc.,SMB,Finance,29,2025-12-05
2955,Bluepeak Ventures Corp. 1,Enterprise,Manufacturing,9,2020-03-13
2956,Anchor Health Co. 1,Mid-Market,Manufacturing,26,2025-09-15
2957,Union Networks Corp. 3,Enterprise,Technology,7,2023-02-16
2958,Crestline Dynamics Inc. 1,SMB,Professional Services,25,2023-08-21
2959,Beacon Consulting Co. 1,Mid-Market,Professional Services,17,2023-01-06
2960,Ironclad Retail Inc. 1,SMB,Retail,18,2025-11-17
2961,Falcon Foods Corp.,SMB,Finance,4,2019-04-24
2962,Harbor Materials Inc. 3,SMB,Education,27,2021-11-15
2963,Harbor Materials LLC 2,Mid-Market,Healthcare,9,2025-02-15
2964,Pioneer Systems LLC,SMB,Finance,18,2020-03-03
2965,Redwood Enterprises LLC 2,SMB,Professional Services,5,2022-12-26
2966,Global Dynamics Co. 1,Mid-Market,Professional Services,28,2022-08-31
2967,Falcon Dynamics Corp. 1,SMB,Retail,10,2024-08-25
2968,Anchor Retail LLC,Mid-Market,Healthcare,23,2025-06-05
2969,Prime Dynamics LLC 4,SMB,Technology,23,2020-10-23
2970,Union Foods Corp. 2,Enterprise,Professional Services,17,2023-11-07
2971,Ironclad Health LLC 1,SMB,Healthcare,4,2022-10-31
2972,Ironclad Enterprises Co. 1,SMB,Retail,9,2023-08-22
2973,Ironclad Technologies LLC,Mid-Market,Finance,19,2020-05-27
2974,Insight Ventures Ltd. 1,SMB,Manufacturing,17,2020-11-27
2975,Catalyst Retail Corp. 1,Enterprise,Professional Services,18,2022-11-06
2976,Meridian Networks LLC,SMB,Retail,8,2019-01-08
2977,Catalyst Technologies Corp. 2,SMB,Manufacturing,17,2024-01-06
2978,Nova Logistics Inc. 1,Enterprise,Finance,3,2020-02-17
2979,Crestline Financial Corp. 1,Enterprise,Healthcare,15,2025-07-08
2980,Pioneer Logistics Ltd. 1,SMB,Manufacturing,3,2025-01-08
2981,Falcon Networks Corp. 3,Mid-Market,Manufacturing,20,2023-05-13
2982,Global Networks Inc. 1,SMB,Technology,18,2025-03-27
2983,Falcon Analytics Corp. 1,SMB,Finance,26,2025-11-28
2984,Delta Partners Inc. 3,SMB,Retail,14,2024-06-03
2985,Harbor Analytics LLC,Mid-Market,Technology,5,2023-05-21
2986,Beacon Financial Ltd. 1,SMB,Professional Services,8,2022-02-22
2987,Orbit Materials Co.,SMB,Professional Services,25,2024-09-10
2988,Delta Health Co.,Enterprise,Retail,29,2023-12-06
2989,Insight Materials Corp.,Mid-Market,Technology,2,2022-04-23
2990,Falcon Foods LLC,Mid-Market,Manufacturing,21,2022-07-02
2991,Catalyst Systems Co. 1,Mid-Market,Professional Services,15,2020-08-08
2992,Catalyst Dynamics LLC 1,SMB,Technology,8,2024-07-08
2993,Sterling Group Corp. 2,Mid-Market,Education,16,2025-02-23
2994,Falcon Retail Inc.,SMB,Education,29,2019-02-12
2995,Meridian Holdings LLC,Mid-Market,Technology,6,2019-10-14
2996,Redwood Financial Corp. 2,Enterprise,Healthcare,26,2025-12-08
2997,Everest Ventures Ltd. 1,Mid-Market,Education,3,2020-03-31
2998,Prime Solutions Co.,SMB,Professional Services,22,2024-02-26
2999,Beacon Ventures Inc. 1,SMB,Education,3,2022-05-14
3000,Pioneer Partners Corp.,Mid-Market,Manufacturing,2,2022-08-25
3001,Brightpath Group Co. 2,SMB,Retail,2,2019-10-05
3002,Summit Financial Inc.,Enterprise,Manufacturing,25,2019-12-19
3003,Insight Materials Corp. 1,Mid-Market,Retail,18,2023-01-17
3004,Everest Materials Ltd. 1,Mid-Market,Education,21,2021-08-23
3005,Prime Partners Inc. 1,SMB,Technology,5,2024-07-31
3006,Nova Ventures Ltd. 2,SMB,Healthcare,28,2025-10-20
3007,Sterling Partners Corp.,SMB,Technology,25,2024-09-07
3008,Granite Consulting Ltd. 1,Enterprise,Education,15,2021-11-03
3009,Northwind Dynamics Ltd.,Mid-Market,Education,27,2022-05-17
3010,Harbor Consulting Inc. 1,SMB,Technology,5,2020-02-05
3011,Orbit Analytics Inc.,Mid-Market,Technology,9,2023-11-14
3012,Orbit Partners LLC 2,SMB,Healthcare,2,2022-02-17
3013,Bluepeak Systems LLC,SMB,Healthcare,5,2024-12-31
3014,Crestline Industries LLC,Mid-Market,Manufacturing,26,2023-07-25
3015,Bluepeak Health Co. 1,SMB,Manufacturing,13,2020-03-11
3016,Vertex Financial Ltd.,SMB,Finance,20,2021-11-16
3017,Cascade Ventures LLC 2,Mid-Market,Healthcare,27,2023-09-27
3018,Crestline Solutions Ltd. 1,SMB,Retail,23,2025-01-01
3019,Summit Manufacturing Inc. 3,SMB,Education,12,2021-06-15
3020,Bluepeak Networks Inc.,Mid-Market,Retail,11,2023-09-08
3021,Summit Holdings Inc.,SMB,Education,4,2020-03-19
3022,Vertex Dynamics Corp. 2,Enterprise,Professional Services,25,2025-05-01
3023,Anchor Materials Ltd. 2,SMB,Education,30,2023-01-10
3024,Global Financial Corp. 1,SMB,Retail,16,2024-05-18
3025,Northwind Retail Corp. 2,SMB,Technology,15,2021-10-11
3026,Palisade Holdings Inc. 1,Mid-Market,Finance,26,2025-08-01
3027,Global Logistics Ltd.,SMB,Finance,11,2024-01-15
3028,Beacon Logistics Corp. 2,Mid-Market,Retail,13,2020-01-28
3029,Apex Group Co. 2,Mid-Market,Education,27,2022-11-07
3030,Summit Networks LLC 2,Mid-Market,Retail,12,2020-11-25
3031,Vertex Dynamics Inc.,SMB,Finance,28,2024-10-31
3032,Everest Industries Corp. 1,Mid-Market,Education,5,2024-06-23
3033,Summit Networks Inc.,Mid-Market,Retail,15,2022-06-18
3034,Apex Dynamics Inc.,SMB,Education,15,2021-02-10
3035,Harbor Partners LLC 2,Mid-Market,Retail,10,2024-12-19
3036,Union Consulting Ltd. 2,Mid-Market,Retail,29,2024-12-13
3037,Brightpath Analytics Corp. 1,Mid-Market,Finance,15,2022-07-15
3038,Summit Systems Co.,Mid-Market,Finance,27,2024-01-08
3039,Cascade Partners Inc.,SMB,Healthcare,7,2020-12-30
3040,Brightpath Systems Co. 2,Mid-Market,Healthcare,11,2021-06-10
3041,Redwood Foods Corp. 1,Enterprise,Retail,15,2025-08-10
3042,Redwood Health Corp.,SMB,Finance,17,2024-02-25
3043,Pioneer Enterprises Co.,SMB,Technology,7,2019-07-04
3044,Insight Health Corp.,SMB,Technology,10,2022-03-15
3045,Anchor Consulting Inc. 1,SMB,Professional Services,19,2021-10-08
3046,Prime Retail LLC 2,SMB,Manufacturing,9,2020-08-13
3047,Insight Health Co. 1,Mid-Market,Retail,23,2025-12-18
3048,Northwind Manufacturing Inc.,SMB,Professional Services,15,2019-12-14
3049,Pioneer Networks Co. 2,SMB,Technology,30,2021-03-14
3050,Falcon Analytics Ltd. 1,Mid-Market,Professional Services,8,2024-12-09
3051,Nova Technologies Corp. 2,Mid-Market,Retail,26,2019-12-05
3052,Summit Group LLC 3,Enterprise,Retail,15,2021-08-19
3053,Union Logistics Co. 2,SMB,Manufacturing,3,2023-06-09
3054,Prime Holdings Inc. 2,SMB,Retail,22,2021-05-11
3055,Nova Enterprises Ltd.,SMB,Healthcare,7,2021-11-10
3056,Pioneer Retail LLC 1,Mid-Market,Finance,5,2022-11-07
3057,Pioneer Materials LLC 1,Mid-Market,Professional Services,16,2025-09-01
3058,Harbor Retail Inc.,Mid-Market,Healthcare,24,2025-02-04
3059,Palisade Retail Corp. 2,SMB,Education,8,2019-10-14
3060,Everest Partners Inc. 1,SMB,Professional Services,19,2022-12-26
3061,Union Analytics Inc. 1,SMB,Retail,1,2023-07-28
3062,Ironclad Dynamics LLC 1,SMB,Finance,6,2021-04-12
3063,Horizon Financial Corp. 1,SMB,Education,23,2020-11-06
3064,Insight Technologies Co. 1,SMB,Education,1,2023-03-08
3065,Delta Group Co. 2,Mid-Market,Manufacturing,11,2021-11-26
3066,Redwood Health Corp. 1,Enterprise,Technology,16,2025-05-02
3067,Pioneer Holdings Corp. 1,Enterprise,Manufacturing,2,2020-02-23
3068,Beacon Consulting Ltd. 2,Mid-Market,Manufacturing,30,2019-04-16
3069,Northwind Group LLC,Mid-Market,Healthcare,16,2025-04-18
3070,Horizon Group Ltd.,Mid-Market,Finance,11,2025-04-09
3071,Beacon Ventures Ltd. 1,SMB,Healthcare,30,2021-12-01
3072,Everest Materials Ltd. 2,Mid-Market,Retail,17,2024-04-10
3073,Union Holdings Co. 1,SMB,Manufacturing,21,2024-12-01
3074,Apex Financial LLC 5,SMB,Education,3,2020-10-13
3075,Union Industries Inc. 2,SMB,Manufacturing,5,2023-07-31
3076,Granite Solutions Corp. 2,SMB,Retail,2,2024-02-28
3077,Palisade Financial LLC 2,Mid-Market,Education,16,2021-07-02
3078,Prime Industries Inc.,SMB,Healthcare,26,2025-08-14
3079,Sterling Partners Inc.,Mid-Market,Manufacturing,28,2025-10-08
3080,Prime Solutions Corp.,SMB,Education,18,2022-05-29
3081,Falcon Holdings Co.,Mid-Market,Retail,2,2019-07-14
3082,Everest Industries LLC 2,Mid-Market,Healthcare,19,2025-06-06
3083,Brightpath Dynamics Corp.,SMB,Education,20,2022-08-29
3084,Nova Group Inc. 2,SMB,Healthcare,18,2019-12-21
3085,Meridian Technologies Inc.,Mid-Market,Professional Services,22,2024-02-15
3086,Pioneer Analytics Ltd. 2,SMB,Retail,17,2023-10-23
3087,Beacon Systems Ltd. 1,Mid-Market,Finance,22,2019-12-24
3088,Palisade Enterprises Inc. 3,SMB,Healthcare,15,2020-12-03
3089,Prime Partners Corp. 1,Mid-Market,Professional Services,5,2025-01-18
3090,Everest Ventures Corp. 1,Mid-Market,Manufacturing,3,2025-10-14
3091,Beacon Partners Inc. 1,Mid-Market,Education,28,2021-11-01
3092,Harbor Enterprises LLC,Mid-Market,Education,14,2019-12-11
3093,Crestline Foods Co.,Mid-Market,Technology,10,2021-06-18
3094,Vertex Solutions LLC 1,Mid-Market,Retail,9,2022-07-21
3095,Silverline Networks Ltd. 1,Mid-Market,Finance,2,2021-02-06
3096,Prime Manufacturing Ltd. 1,Mid-Market,Professional Services,29,2023-04-12
3097,Beacon Analytics Inc. 1,SMB,Healthcare,3,2019-01-21
3098,Meridian Logistics Co.,Enterprise,Technology,7,2024-09-17
3099,Union Analytics Co. 1,SMB,Retail,14,2024-11-28
3100,Vertex Materials Ltd. 2,SMB,Manufacturing,11,2024-06-25
3101,Apex Materials Inc. 1,Mid-Market,Manufacturing,2,2021-02-14
3102,Harbor Consulting Co. 2,SMB,Healthcare,10,2023-06-05
3103,Orbit Health Inc. 1,Enterprise,Manufacturing,24,2021-07-22
3104,Nova Systems Corp. 2,Enterprise,Professional Services,8,2021-09-21
3105,Delta Enterprises Corp. 3,SMB,Education,26,2023-12-18
3106,Pioneer Foods Ltd. 2,SMB,Professional Services,11,2024-11-26
3107,Insight Solutions Inc. 1,SMB,Finance,1,2024-10-25
3108,Cascade Foods Co.,Enterprise,Professional Services,4,2020-08-13
3109,Silverline Systems Corp. 1,SMB,Finance,25,2023-08-09
3110,Prime Materials LLC 1,Mid-Market,Professional Services,13,2020-11-13
3111,Apex Technologies LLC,Mid-Market,Professional Services,30,2023-05-26
3112,Meridian Ventures Ltd. 1,Mid-Market,Healthcare,24,2021-07-27
3113,Bluepeak Foods Inc.,SMB,Professional Services,1,2024-07-12
3114,Orbit Foods LLC 1,Enterprise,Retail,10,2025-07-24
3115,Silverline Manufacturing Co.,SMB,Education,22,2021-01-11
3116,Union Health Co. 1,SMB,Retail,2,2025-01-29
3117,Apex Solutions LLC 1,SMB,Healthcare,30,2024-03-06
3118,Bluepeak Holdings Corp. 2,SMB,Professional Services,5,2022-12-17
3119,Everest Solutions Corp. 2,SMB,Technology,24,2022-09-03
3120,Harbor Analytics LLC 1,Mid-Market,Education,26,2021-03-27
3121,Ironclad Retail LLC,Enterprise,Healthcare,16,2020-06-03
3122,Bluepeak Health Inc. 2,SMB,Education,25,2019-08-02
3123,Meridian Logistics Co. 1,Mid-Market,Finance,27,2023-12-27
3124,Catalyst Solutions LLC 2,Enterprise,Healthcare,23,2020-07-22
3125,Cascade Technologies Inc. 1,Mid-Market,Healthcare,22,2022-06-20
3126,Harbor Consulting Ltd. 1,Mid-Market,Finance,12,2025-03-24
3127,Global Retail Inc. 2,Enterprise,Professional Services,9,2023-09-12
3128,Union Financial Co. 2,Enterprise,Education,27,2020-03-08
3129,Redwood Analytics Co. 2,SMB,Retail,7,2024-02-21
3130,Orbit Retail Corp.,Mid-Market,Retail,13,2020-07-03
3131,Silverline Enterprises Inc.,SMB,Finance,16,2024-06-16
3132,Nova Technologies Inc.,SMB,Professional Services,12,2019-07-18
3133,Bluepeak Enterprises Co. 2,Enterprise,Healthcare,12,2019-12-29
3134,Bluepeak Industries Corp. 1,SMB,Professional Services,18,2025-07-15
3135,Sterling Ventures Corp.,SMB,Finance,10,2020-12-17
3136,Brightpath Partners Inc. 2,SMB,Finance,30,2020-01-21
3137,Meridian Partners Co.,Enterprise,Manufacturing,6,2020-07-03
3138,Redwood Systems Corp.,Mid-Market,Education,12,2021-07-11
3139,Brightpath Financial Inc.,Enterprise,Retail,26,2024-11-10
3140,Summit Networks Inc. 1,SMB,Education,15,2020-01-25
3141,Falcon Materials Co.,SMB,Technology,22,2019-02-10
3142,Falcon Logistics Inc. 3,SMB,Healthcare,20,2025-01-19
3143,Bluepeak Consulting LLC,SMB,Education,10,2021-02-04
3144,Beacon Enterprises Inc.,SMB,Professional Services,23,2019-07-16
3145,Cascade Ventures Inc.,SMB,Technology,8,2019-03-12
3146,Apex Technologies Co. 1,Enterprise,Professional Services,23,2025-04-18
3147,Everest Financial Ltd.,SMB,Healthcare,4,2022-08-30
3148,Crestline Networks LLC 2,Mid-Market,Professional Services,21,2023-04-10
3149,Bluepeak Systems Inc. 1,Enterprise,Professional Services,4,2023-04-24
3150,Brightpath Financial LLC,SMB,Retail,27,2022-08-27
3151,Orbit Systems LLC,SMB,Healthcare,19,2024-05-20
3152,Prime Enterprises Ltd. 1,Mid-Market,Education,2,2025-05-04
3153,Delta Materials Corp.,Mid-Market,Technology,4,2023-06-27
3154,Bluepeak Dynamics Corp. 1,Mid-Market,Finance,6,2024-11-26
3155,Brightpath Holdings Inc.,Enterprise,Retail,29,2019-01-25
3156,Sterling Holdings Inc.,Enterprise,Technology,18,2022-05-12
3157,Harbor Ventures LLC 1,SMB,Finance,9,2023-03-24
3158,Silverline Manufacturing LLC 1,SMB,Education,9,2020-05-29
3159,Silverline Logistics Corp.,Enterprise,Technology,1,2020-02-14
3160,Granite Logistics Co. 1,Mid-Market,Finance,7,2019-12-15
3161,Silverline Partners Corp. 1,Mid-Market,Technology,26,2020-12-29
3162,Crestline Health LLC 1,Enterprise,Retail,18,2024-10-05
3163,Summit Holdings Corp. 2,SMB,Technology,12,2019-03-12
3164,Northwind Foods Inc. 2,SMB,Healthcare,1,2023-03-20
3165,Vertex Materials Ltd. 3,SMB,Manufacturing,11,2019-06-24
3166,Northwind Systems Inc. 1,Mid-Market,Healthcare,12,2023-02-25
3167,Ironclad Technologies LLC 1,SMB,Healthcare,4,2020-10-06
3168,Redwood Manufacturing Co. 2,Enterprise,Education,19,2020-02-07
3169,Vertex Technologies Corp.,Mid-Market,Education,20,2022-04-05
3170,Orbit Retail Ltd.,SMB,Technology,30,2020-08-13
3171,Orbit Networks LLC,SMB,Professional Services,11,2021-08-24
3172,Summit Foods Co.,SMB,Manufacturing,9,2023-06-07
3173,Crestline Solutions LLC 2,SMB,Healthcare,25,2025-07-21
3174,Anchor Systems LLC,SMB,Professional Services,11,2023-04-29
3175,Global Consulting Inc.,SMB,Finance,19,2022-07-20
3176,Northwind Foods LLC,Mid-Market,Finance,23,2022-11-24
3177,Silverline Financial Corp. 1,Enterprise,Healthcare,27,2022-04-21
3178,Nova Materials Inc. 1,Enterprise,Professional Services,10,2022-12-09
3179,Sterling Analytics Inc. 1,Enterprise,Finance,19,2022-12-28
3180,Anchor Industries LLC 2,Enterprise,Retail,4,2022-06-12
3181,Bluepeak Consulting Ltd. 1,Mid-Market,Healthcare,24,2024-07-08
3182,Horizon Analytics Corp.,SMB,Professional Services,2,2021-09-25
3183,Catalyst Dynamics Inc.,SMB,Education,21,2019-10-05
3184,Horizon Financial Inc. 2,SMB,Manufacturing,7,2023-07-02
3185,Nova Financial Inc.,Enterprise,Finance,14,2024-07-27
3186,Global Retail LLC,SMB,Retail,3,2024-06-16
3187,Apex Retail LLC,Mid-Market,Manufacturing,21,2020-10-06
3188,Falcon Manufacturing Inc. 1,Enterprise,Professional Services,15,2023-07-12
3189,Harbor Foods Corp. 1,Mid-Market,Retail,20,2025-12-27
3190,Ironclad Industries Corp. 1,Mid-Market,Technology,11,2022-08-29
3191,Granite Holdings Ltd. 3,Mid-Market,Education,1,2021-02-19
3192,Anchor Ventures Co. 1,SMB,Healthcare,18,2024-07-15
3193,Meridian Solutions Ltd.,SMB,Finance,21,2021-04-10
3194,Anchor Foods Co. 1,SMB,Manufacturing,20,2024-02-19
3195,Meridian Technologies Co.,Enterprise,Healthcare,8,2020-02-15
3196,Harbor Partners Co. 2,SMB,Professional Services,22,2019-06-21
3197,Everest Group LLC 1,SMB,Professional Services,17,2019-09-24
3198,Everest Logistics Inc. 3,Mid-Market,Healthcare,7,2020-10-27
3199,Redwood Industries Inc.,SMB,Finance,4,2024-12-11
3200,Redwood Foods Co. 3,Mid-Market,Finance,10,2020-01-20
3201,Pioneer Retail Co. 3,Mid-Market,Retail,1,2019-03-27
3202,Sterling Analytics LLC,Enterprise,Retail,22,2024-12-21
3203,Pioneer Technologies Ltd. 1,SMB,Retail,1,2021-08-16
3204,Ironclad Group Corp. 1,Enterprise,Technology,2,2023-02-13
3205,Pioneer Holdings Inc. 1,Mid-Market,Manufacturing,5,2019-08-03
3206,Silverline Consulting Ltd. 3,Enterprise,Healthcare,10,2025-05-08
3207,Catalyst Retail Inc.,SMB,Healthcare,1,2022-07-13
3208,Northwind Retail Inc. 2,Mid-Market,Education,19,2019-08-17
3209,Union Financial Corp. 1,Mid-Market,Technology,4,2023-06-09
3210,Prime Ventures Inc.,Mid-Market,Technology,25,2021-07-23
3211,Crestline Holdings LLC,SMB,Manufacturing,17,2021-06-22
3212,Vertex Dynamics Ltd. 1,SMB,Education,3,2021-11-09
3213,Nova Group Corp.,SMB,Manufacturing,13,2022-07-22
3214,Cascade Industries Inc. 1,Mid-Market,Healthcare,5,2023-05-02
3215,Pioneer Foods LLC 1,Enterprise,Education,30,2020-01-10
3216,Falcon Manufacturing Co. 3,SMB,Finance,18,2024-04-12
3217,Beacon Financial Co.,Mid-Market,Retail,25,2019-03-11
3218,Horizon Foods Co.,SMB,Healthcare,12,2023-11-23
3219,Falcon Consulting Corp. 1,SMB,Professional Services,5,2020-04-13
3220,Bluepeak Systems Corp. 1,Mid-Market,Healthcare,8,2022-02-16
3221,Redwood Networks Ltd. 1,SMB,Professional Services,13,2022-12-06
3222,Palisade Enterprises Co. 1,SMB,Finance,24,2023-07-13
3223,Catalyst Ventures Inc. 2,Mid-Market,Education,13,2024-07-14
3224,Global Manufacturing Co. 1,Mid-Market,Manufacturing,28,2022-08-12
3225,Crestline Materials Ltd.,Enterprise,Technology,11,2025-02-27
3226,Bluepeak Systems Inc. 2,SMB,Technology,7,2025-09-07
3227,Brightpath Solutions Co.,Enterprise,Finance,15,2025-10-30
3228,Falcon Financial Inc. 2,Mid-Market,Healthcare,4,2021-03-27
3229,Orbit Networks Inc.,SMB,Retail,21,2019-03-24
3230,Orbit Foods LLC 2,Enterprise,Technology,4,2024-01-04
3231,Apex Retail Corp.,Enterprise,Retail,20,2020-10-05
3232,Redwood Solutions Corp. 1,SMB,Healthcare,12,2024-05-16
3233,Silverline Analytics LLC 1,Enterprise,Healthcare,11,2019-01-13
3234,Sterling Technologies Ltd. 1,Mid-Market,Finance,19,2024-06-09
3235,Everest Technologies Corp. 1,Mid-Market,Retail,22,2019-06-29
3236,Brightpath Holdings Inc. 1,Mid-Market,Finance,28,2025-02-25
3237,Summit Materials Co. 3,Mid-Market,Finance,9,2023-07-23
3238,Delta Industries LLC 2,SMB,Finance,25,2020-02-18
3239,Silverline Ventures Ltd. 2,SMB,Finance,26,2022-07-21
3240,Silverline Dynamics LLC,Enterprise,Finance,30,2022-07-15
3241,Falcon Group Ltd. 3,SMB,Education,29,2025-02-24
3242,Brightpath Holdings LLC 2,SMB,Retail,24,2022-09-22
3243,Catalyst Partners LLC,SMB,Finance,9,2022-11-08
3244,Falcon Partners Inc.,SMB,Education,21,2021-03-26
3245,Silverline Partners Co. 3,SMB,Manufacturing,24,2024-02-06
3246,Insight Logistics Ltd. 2,SMB,Professional Services,9,2019-05-09
3247,Vertex Financial Ltd. 1,Mid-Market,Manufacturing,25,2025-10-10
3248,Falcon Enterprises Ltd. 2,SMB,Healthcare,22,2023-03-30
3249,Everest Technologies Inc. 1,Mid-Market,Manufacturing,15,2024-12-01
3250,Apex Consulting Corp. 3,Enterprise,Education,26,2024-06-19
3251,Nova Foods Co. 2,SMB,Healthcare,3,2020-07-11
3252,Summit Manufacturing LLC,Enterprise,Healthcare,21,2021-01-08
3253,Crestline Logistics Inc.,Mid-Market,Retail,24,2020-12-11
3254,Insight Ventures Co.,Enterprise,Professional Services,2,2020-07-30
3255,Pioneer Retail Inc. 1,Mid-Market,Finance,13,2019-02-10
3256,Summit Industries Ltd.,SMB,Manufacturing,16,2024-10-14
3257,Orbit Financial Co.,SMB,Retail,7,2022-10-06
3258,Bluepeak Retail Ltd. 2,Mid-Market,Retail,27,2023-02-20
3259,Union Financial Inc. 2,Enterprise,Healthcare,19,2022-06-10
3260,Union Enterprises Co. 3,Mid-Market,Finance,9,2019-11-14
3261,Delta Retail Inc. 1,Mid-Market,Professional Services,14,2022-01-19
3262,Meridian Industries Co.,SMB,Professional Services,4,2021-01-20
3263,Orbit Networks Inc. 1,SMB,Education,3,2025-03-30
3264,Global Retail Corp. 2,Mid-Market,Technology,23,2023-11-28
3265,Insight Group Co.,Mid-Market,Finance,30,2020-02-20
3266,Horizon Materials LLC 3,SMB,Technology,9,2023-11-30
3267,Brightpath Partners Inc. 3,SMB,Finance,8,2022-11-02
3268,Falcon Manufacturing Inc. 2,Mid-Market,Professional Services,21,2019-07-28
3269,Union Ventures LLC 2,Mid-Market,Finance,16,2019-06-27
3270,Union Retail LLC 3,Enterprise,Healthcare,5,2020-01-12
3271,Vertex Partners LLC 3,SMB,Education,21,2024-09-02
3272,Anchor Materials Corp. 2,Mid-Market,Education,7,2024-10-22
3273,Vertex Networks LLC 2,Mid-Market,Retail,4,2023-04-04
3274,Palisade Dynamics Corp. 2,SMB,Education,14,2019-02-09
3275,Brightpath Industries LLC,SMB,Retail,23,2021-03-21
3276,Silverline Industries LLC,Enterprise,Retail,16,2021-10-21
3277,Anchor Materials Co. 1,Enterprise,Professional Services,20,2020-12-27
3278,Anchor Solutions Ltd.,Enterprise,Finance,8,2023-01-25
3279,Horizon Solutions Ltd. 1,SMB,Manufacturing,15,2019-06-09
3280,Cascade Technologies LLC,Enterprise,Manufacturing,22,2019-02-21
3281,Silverline Partners Co. 4,SMB,Retail,16,2023-02-11
3282,Nova Technologies LLC 1,SMB,Manufacturing,8,2020-11-07
3283,Bluepeak Manufacturing Ltd.,SMB,Manufacturing,29,2023-10-21
3284,Summit Foods Ltd.,SMB,Healthcare,3,2024-06-10
3285,Orbit Logistics LLC 1,Mid-Market,Retail,28,2023-04-11
3286,Horizon Ventures Ltd.,Enterprise,Technology,22,2025-12-04
3287,Horizon Retail Inc.,SMB,Manufacturing,4,2023-07-02
3288,Delta Retail LLC 2,Enterprise,Finance,8,2024-05-29
3289,Nova Ventures Corp.,Enterprise,Education,12,2023-06-27
3290,Pioneer Industries Ltd. 1,Mid-Market,Manufacturing,29,2024-08-20
3291,Northwind Materials LLC 1,Enterprise,Technology,16,2022-01-15
3292,Global Materials Ltd. 3,Mid-Market,Manufacturing,8,2021-05-06
3293,Falcon Partners Ltd. 1,SMB,Healthcare,28,2023-01-13
3294,Insight Technologies Co. 2,SMB,Finance,4,2021-08-15
3295,Delta Solutions Inc. 5,SMB,Finance,25,2025-11-29
3296,Catalyst Group Corp.,SMB,Healthcare,25,2023-03-22
3297,Pioneer Analytics Ltd. 3,Mid-Market,Professional Services,12,2021-05-08
3298,Ironclad Health Corp. 3,SMB,Healthcare,2,2022-07-22
3299,Apex Technologies LLC 1,SMB,Manufacturing,27,2024-06-18
3300,Northwind Networks Corp. 1,Mid-Market,Education,30,2024-08-22
3301,Silverline Foods Corp.,SMB,Finance,12,2023-06-17
3302,Palisade Industries Corp. 1,Mid-Market,Professional Services,6,2019-01-06
3303,Crestline Health Co. 2,Enterprise,Finance,9,2025-01-29
3304,Prime Systems Corp. 2,Mid-Market,Professional Services,5,2025-05-14
3305,Delta Group LLC 1,Mid-Market,Manufacturing,19,2023-09-12
3306,Horizon Systems Inc.,Mid-Market,Technology,16,2019-03-11
3307,Silverline Materials Inc.,SMB,Professional Services,11,2025-08-27
3308,Crestline Networks Corp. 1,SMB,Professional Services,20,2019-06-23
3309,Everest Networks LLC,Mid-Market,Professional Services,19,2020-01-18
3310,Ironclad Logistics Inc. 1,SMB,Technology,1,2023-05-24
3311,Pioneer Group LLC 1,Mid-Market,Education,13,2022-03-26
3312,Nova Materials LLC 3,SMB,Finance,26,2024-04-13
3313,Insight Networks Corp. 2,Mid-Market,Education,24,2023-06-07
3314,Harbor Materials Inc. 4,Enterprise,Professional Services,26,2019-01-11
3315,Catalyst Consulting Co. 3,SMB,Healthcare,29,2023-07-02
3316,Apex Ventures Co. 3,SMB,Finance,2,2025-01-02
3317,Anchor Financial Co.,SMB,Healthcare,9,2024-12-18
3318,Sterling Logistics Inc.,SMB,Finance,14,2020-02-07
3319,Harbor Partners Ltd. 1,SMB,Retail,16,2021-06-06
3320,Silverline Analytics Inc.,Mid-Market,Finance,24,2019-11-02
3321,Silverline Analytics Ltd. 1,Enterprise,Retail,22,2024-04-04
3322,Union Enterprises Ltd.,Enterprise,Retail,22,2023-05-24
3323,Nova Partners LLC,Enterprise,Healthcare,5,2022-05-23
3324,Beacon Health Corp.,Mid-Market,Technology,21,2021-02-05
3325,Silverline Group Co. 1,Mid-Market,Education,24,2024-07-04
3326,Vertex Industries Inc. 1,Mid-Market,Healthcare,23,2024-07-15
3327,Delta Consulting Corp. 2,SMB,Healthcare,18,2022-06-09
3328,Prime Industries LLC 2,Mid-Market,Retail,3,2019-11-15
3329,Everest Materials Inc. 1,SMB,Healthcare,5,2022-04-04
3330,Crestline Foods Ltd.,SMB,Healthcare,23,2025-04-09
3331,Silverline Analytics Co.,Mid-Market,Finance,27,2023-02-01
3332,Orbit Holdings Corp. 1,Mid-Market,Manufacturing,25,2024-04-11
3333,Anchor Health Corp. 1,SMB,Education,13,2021-01-23
3334,Vertex Industries Corp. 1,SMB,Professional Services,18,2021-05-27
3335,Prime Solutions Inc.,Mid-Market,Education,6,2019-10-27
3336,Vertex Partners LLC 4,Mid-Market,Professional Services,18,2021-05-26
3337,Horizon Logistics Ltd. 1,SMB,Manufacturing,6,2020-03-09
3338,Orbit Analytics Corp. 1,SMB,Finance,24,2022-10-09
3339,Brightpath Group LLC,Enterprise,Education,24,2021-10-03
3340,Everest Health Inc. 2,Mid-Market,Finance,2,2024-11-06
3341,Meridian Foods Inc.,SMB,Education,29,2021-09-05
3342,Meridian Holdings Corp.,Enterprise,Professional Services,24,2020-06-26
3343,Nova Industries LLC 2,SMB,Finance,12,2019-08-04
3344,Apex Analytics Ltd. 1,Mid-Market,Retail,14,2020-10-07
3345,Beacon Technologies Corp. 1,SMB,Education,3,2023-11-18
3346,Union Group Inc.,Mid-Market,Education,29,2023-05-20
3347,Redwood Materials LLC 2,Enterprise,Healthcare,4,2023-05-04
3348,Orbit Technologies Inc. 2,SMB,Professional Services,28,2025-01-02
3349,Redwood Dynamics Inc.,Mid-Market,Manufacturing,20,2022-04-18
3350,Everest Health Ltd. 3,SMB,Technology,28,2020-03-05
3351,Vertex Ventures LLC,Mid-Market,Technology,12,2020-07-13
3352,Silverline Consulting Co.,SMB,Education,27,2021-08-06
3353,Prime Financial LLC,SMB,Finance,13,2023-12-13
3354,Pioneer Materials LLC 2,SMB,Technology,11,2024-10-31
3355,Palisade Enterprises Corp.,Mid-Market,Manufacturing,11,2021-02-24
3356,Anchor Ventures LLC 3,SMB,Retail,29,2021-10-13
3357,Everest Logistics Corp. 2,SMB,Technology,14,2025-03-18
3358,Global Dynamics Inc. 1,SMB,Finance,15,2024-06-17
3359,Vertex Financial Inc.,Mid-Market,Manufacturing,20,2023-10-31
3360,Brightpath Manufacturing Co.,Mid-Market,Education,17,2021-11-06
3361,Delta Analytics LLC,Enterprise,Retail,17,2021-05-21
3362,Harbor Networks Inc.,SMB,Technology,12,2024-01-24
3363,Catalyst Technologies LLC 2,SMB,Retail,5,2019-08-27
3364,Granite Solutions Corp. 3,Enterprise,Professional Services,30,2022-10-21
3365,Delta Foods Corp. 2,SMB,Technology,15,2019-06-05
3366,Northwind Logistics Ltd. 2,SMB,Professional Services,30,2023-05-13
3367,Brightpath Logistics Co. 1,Enterprise,Technology,14,2022-12-23
3368,Sterling Solutions LLC 1,Enterprise,Retail,18,2019-06-02
3369,Bluepeak Materials LLC,SMB,Finance,17,2021-12-09
3370,Falcon Group Inc. 1,SMB,Education,29,2020-05-06
3371,Catalyst Manufacturing Inc. 2,Enterprise,Education,4,2024-08-02
3372,Redwood Dynamics Inc. 1,SMB,Education,16,2025-05-23
3373,Silverline Holdings Inc. 2,SMB,Professional Services,5,2021-03-15
3374,Catalyst Technologies Corp. 3,SMB,Education,27,2019-03-16
3375,Horizon Foods Ltd. 1,SMB,Finance,16,2025-04-13
3376,Horizon Industries Co. 1,SMB,Manufacturing,28,2024-11-28
3377,Meridian Systems LLC 1,SMB,Education,9,2024-07-29
3378,Pioneer Partners LLC,Mid-Market,Healthcare,5,2021-06-29
3379,Orbit Retail Ltd. 1,SMB,Retail,19,2019-07-23
3380,Meridian Analytics Ltd. 1,Enterprise,Manufacturing,5,2025-10-27
3381,Redwood Foods Ltd.,SMB,Professional Services,12,2022-06-15
3382,Orbit Holdings Inc.,Enterprise,Technology,10,2021-06-30
3383,Falcon Financial Inc. 3,SMB,Technology,7,2024-06-09
3384,Crestline Solutions Corp. 1,Enterprise,Technology,4,2023-09-11
3385,Meridian Systems Corp. 3,Mid-Market,Manufacturing,20,2019-04-18
3386,Beacon Enterprises LLC 1,Mid-Market,Manufacturing,23,2025-09-15
3387,Crestline Networks Co.,SMB,Retail,12,2022-11-22
3388,Sterling Group Inc.,SMB,Healthcare,9,2020-04-26
3389,Harbor Technologies LLC 4,Enterprise,Finance,5,2019-02-10
3390,Cascade Partners Ltd. 1,SMB,Finance,21,2022-11-12
3391,Prime Dynamics Corp.,SMB,Technology,25,2023-02-27
3392,Vertex Consulting LLC 1,Mid-Market,Education,17,2019-09-12
3393,Global Dynamics Corp.,SMB,Technology,13,2022-10-24
3394,Crestline Holdings Corp. 1,Mid-Market,Retail,20,2022-01-08
3395,Everest Manufacturing LLC 2,Mid-Market,Manufacturing,28,2022-01-23
3396,Prime Manufacturing Ltd. 2,SMB,Professional Services,30,2025-10-28
3397,Harbor Networks Ltd. 1,Enterprise,Retail,6,2021-01-26
3398,Harbor Solutions Inc. 2,SMB,Manufacturing,15,2025-03-09
3399,Palisade Financial Inc. 1,SMB,Retail,27,2021-05-30
3400,Insight Logistics Co. 2,SMB,Technology,19,2020-04-03
3401,Meridian Group LLC 1,SMB,Healthcare,25,2020-01-25
3402,Harbor Analytics Inc. 3,SMB,Manufacturing,30,2025-08-01
3403,Ironclad Networks Corp. 2,SMB,Professional Services,4,2019-03-01
3404,Apex Technologies LLC 2,Mid-Market,Education,19,2020-07-14
3405,Delta Analytics Co. 2,Enterprise,Finance,16,2021-05-20
3406,Harbor Industries Co. 1,SMB,Healthcare,9,2023-08-06
3407,Falcon Group Inc. 2,Mid-Market,Professional Services,20,2021-08-18
3408,Meridian Ventures Inc.,Mid-Market,Manufacturing,4,2019-02-22
3409,Pioneer Analytics Ltd. 4,Enterprise,Technology,15,2022-08-14
3410,Brightpath Financial LLC 1,SMB,Healthcare,13,2025-03-10
3411,Falcon Analytics Inc. 3,Mid-Market,Education,12,2025-03-16
3412,Everest Holdings Corp. 2,Mid-Market,Professional Services,19,2025-12-09
3413,Union Analytics Ltd.,Enterprise,Professional Services,29,2021-05-25
3414,Catalyst Materials Co.,Mid-Market,Technology,29,2019-11-10
3415,Global Ventures Corp.,SMB,Education,22,2019-06-27
3416,Union Analytics Ltd. 1,Mid-Market,Technology,10,2025-01-25
3417,Pioneer Foods Corp. 3,SMB,Education,29,2024-03-27
3418,Beacon Manufacturing Ltd.,SMB,Professional Services,30,2023-05-24
3419,Summit Financial Co. 1,Mid-Market,Finance,26,2022-06-23
3420,Brightpath Consulting Co.,SMB,Healthcare,27,2022-03-14
3421,Harbor Industries Ltd. 1,SMB,Retail,25,2022-06-16
3422,Pioneer Technologies Co. 2,SMB,Technology,23,2021-07-18
3423,Meridian Enterprises Inc. 2,Enterprise,Retail,22,2022-04-28
3424,Summit Networks Ltd.,Enterprise,Finance,20,2020-06-21
3425,Anchor Foods Co. 2,SMB,Finance,20,2019-10-29
3426,Granite Ventures Co. 2,SMB,Education,12,2020-06-24
3427,Global Systems LLC,SMB,Professional Services,27,2025-10-17
3428,Ironclad Enterprises Corp.,SMB,Finance,20,2025-12-07
3429,Catalyst Logistics Ltd. 1,Enterprise,Finance,19,2024-04-04
3430,Global Financial Inc. 1,SMB,Education,23,2024-11-09
3431,Silverline Ventures Ltd. 3,Mid-Market,Finance,3,2019-09-22
3432,Pioneer Technologies LLC 1,SMB,Healthcare,28,2019-11-11
3433,Granite Technologies Co. 2,Enterprise,Professional Services,18,2019-08-25
3434,Redwood Partners Ltd. 1,Mid-Market,Professional Services,29,2019-06-11
3435,Redwood Networks LLC 1,SMB,Finance,4,2024-03-25
3436,Insight Solutions Inc. 2,SMB,Healthcare,8,2019-05-25
3437,Catalyst Materials Ltd.,SMB,Healthcare,29,2025-08-22
3438,Northwind Industries Corp.,Mid-Market,Retail,21,2023-07-30
3439,Union Industries Ltd. 1,Mid-Market,Finance,20,2020-03-12
3440,Crestline Solutions Inc.,SMB,Retail,13,2024-09-20
3441,Redwood Solutions Corp. 2,Mid-Market,Education,17,2024-10-06
3442,Delta Manufacturing Ltd. 1,Mid-Market,Technology,17,2022-12-12
3443,Harbor Foods Co.,SMB,Professional Services,6,2019-08-21
3444,Harbor Health LLC,Mid-Market,Technology,17,2021-10-21
3445,Silverline Foods LLC 1,SMB,Technology,16,2024-03-16
3446,Falcon Ventures Ltd.,Mid-Market,Education,10,2021-02-01
3447,Falcon Manufacturing LLC 1,SMB,Retail,11,2025-02-09
3448,Ironclad Partners Co. 2,SMB,Professional Services,24,2020-10-02
3449,Summit Networks Ltd. 1,SMB,Manufacturing,21,2025-12-26
3450,Pioneer Retail Co. 4,SMB,Finance,15,2019-10-22
3451,Sterling Solutions Inc. 4,Mid-Market,Retail,19,2024-10-30
3452,Delta Foods Inc.,SMB,Education,8,2019-12-04
3453,Granite Foods Co. 1,SMB,Retail,15,2024-04-24
3454,Prime Industries LLC 3,SMB,Finance,17,2025-01-13
3455,Falcon Holdings LLC,SMB,Professional Services,8,2021-03-10
3456,Delta Partners LLC 1,SMB,Finance,6,2019-09-17
3457,Silverline Health Corp.,SMB,Finance,16,2025-12-30
3458,Cascade Networks Co.,SMB,Healthcare,29,2025-10-18
3459,Silverline Materials Ltd. 1,Mid-Market,Finance,14,2024-04-18
3460,Palisade Consulting Inc. 3,Mid-Market,Healthcare,28,2021-09-14
3461,Delta Industries Co. 1,SMB,Retail,26,2019-12-10
3462,Vertex Ventures Corp. 1,Enterprise,Education,23,2021-12-04
3463,Bluepeak Consulting Ltd. 2,SMB,Manufacturing,27,2024-01-16
3464,Pioneer Retail LLC 2,SMB,Professional Services,13,2020-01-25
3465,Harbor Health Inc. 3,Enterprise,Manufacturing,23,2019-02-12
3466,Meridian Manufacturing Corp. 1,SMB,Manufacturing,5,2025-04-29
3467,Prime Retail LLC 3,SMB,Technology,10,2023-11-25
3468,Horizon Solutions Inc.,SMB,Professional Services,17,2023-11-09
3469,Apex Consulting Ltd. 1,Mid-Market,Healthcare,2,2025-08-18
3470,Silverline Manufacturing Co. 1,SMB,Healthcare,23,2022-08-23
3471,Catalyst Technologies Co. 2,Mid-Market,Professional Services,28,2021-03-24
3472,Northwind Logistics LLC 1,SMB,Manufacturing,4,2025-05-13
3473,Meridian Ventures Ltd. 2,Enterprise,Technology,30,2025-11-24
3474,Sterling Networks Corp. 1,SMB,Manufacturing,3,2019-02-22
3475,Bluepeak Ventures Corp. 2,SMB,Retail,4,2021-04-25
3476,Beacon Analytics Ltd.,SMB,Technology,23,2021-07-15
3477,Northwind Manufacturing LLC 1,Mid-Market,Education,21,2019-10-12
3478,Orbit Dynamics LLC 1,SMB,Retail,29,2020-07-20
3479,Insight Group Corp. 1,SMB,Technology,13,2019-03-04
3480,Everest Ventures Ltd. 2,Mid-Market,Retail,18,2023-11-16
3481,Brightpath Health Corp. 1,SMB,Healthcare,5,2019-10-01
3482,Cascade Enterprises LLC 1,SMB,Education,21,2025-03-18
3483,Insight Logistics Inc. 2,SMB,Finance,30,2023-02-01
3484,Orbit Health Corp.,SMB,Healthcare,18,2021-06-29
3485,Bluepeak Group Inc.,SMB,Manufacturing,28,2024-08-29
3486,Brightpath Foods Corp. 3,SMB,Manufacturing,12,2023-07-22
3487,Meridian Group Ltd. 5,SMB,Finance,30,2024-04-08
3488,Falcon Group Corp.,Mid-Market,Professional Services,17,2025-02-21
3489,Horizon Group Corp. 2,SMB,Retail,5,2024-08-26
3490,Summit Industries LLC 1,SMB,Manufacturing,11,2024-06-14
3491,Meridian Enterprises LLC 1,SMB,Healthcare,15,2024-02-09
3492,Harbor Dynamics Co. 2,SMB,Manufacturing,3,2021-08-22
3493,Summit Holdings Co. 1,Enterprise,Technology,27,2023-07-25
3494,Delta Materials Inc. 1,Mid-Market,Professional Services,8,2022-12-16
3495,Global Logistics LLC,SMB,Technology,21,2025-09-28
3496,Ironclad Technologies LLC 2,Mid-Market,Retail,28,2022-07-04
3497,Orbit Technologies Ltd. 1,Enterprise,Finance,14,2020-07-20
3498,Nova Foods Inc. 3,Mid-Market,Education,19,2022-03-15
3499,Beacon Group Ltd. 1,SMB,Finance,16,2021-11-25
3500,Vertex Dynamics Inc. 1,Mid-Market,Technology,23,2022-04-12
3501,Orbit Solutions Co. 1,Enterprise,Professional Services,2,2023-01-25
3502,Ironclad Foods Inc. 1,Enterprise,Education,11,2025-08-20
3503,Redwood Dynamics Co.,Mid-Market,Technology,19,2020-12-19
3504,Global Analytics Co.,Mid-Market,Technology,3,2025-10-13
3505,Orbit Networks Ltd.,SMB,Manufacturing,26,2024-06-15
3506,Sterling Foods Co.,SMB,Professional Services,19,2020-04-12
3507,Redwood Networks Corp. 1,Mid-Market,Retail,1,2020-12-17
3508,Anchor Retail Ltd.,SMB,Technology,1,2025-05-13
3509,Catalyst Analytics Ltd.,Mid-Market,Retail,5,2024-08-10
3510,Vertex Enterprises Inc.,Mid-Market,Finance,20,2020-01-02
3511,Delta Enterprises Co.,SMB,Retail,16,2023-02-03
3512,Falcon Consulting Ltd.,SMB,Finance,15,2020-12-08
3513,Everest Ventures Corp. 2,SMB,Technology,17,2023-05-29
3514,Everest Analytics LLC 1,Mid-Market,Technology,15,2020-03-19
3515,Horizon Systems Ltd.,Mid-Market,Retail,11,2021-06-18
3516,Sterling Group Co. 1,Mid-Market,Retail,1,2021-09-20
3517,Orbit Networks Inc. 2,Mid-Market,Finance,1,2022-10-06
3518,Insight Logistics Co. 3,SMB,Technology,21,2020-09-03
3519,Delta Industries Corp. 1,Enterprise,Education,23,2024-02-04
3520,Nova Technologies Ltd.,SMB,Healthcare,8,2024-08-30
3521,Harbor Enterprises Inc. 1,SMB,Healthcare,8,2023-06-24
3522,Palisade Networks Inc.,SMB,Manufacturing,13,2025-04-27
3523,Ironclad Consulting Ltd.,Mid-Market,Education,20,2024-07-13
3524,Orbit Industries LLC,SMB,Professional Services,18,2019-04-23
3525,Silverline Materials LLC 1,Mid-Market,Retail,17,2019-08-05
3526,Catalyst Partners Ltd.,SMB,Professional Services,2,2023-08-14
3527,Beacon Manufacturing LLC 2,Mid-Market,Retail,13,2024-01-20
3528,Ironclad Health LLC 2,SMB,Education,23,2025-10-09
3529,Insight Dynamics LLC 3,SMB,Healthcare,18,2019-01-09
3530,Horizon Partners LLC 1,SMB,Technology,25,2020-08-28
3531,Meridian Group Ltd. 6,SMB,Retail,21,2024-10-26
3532,Brightpath Ventures Inc. 3,SMB,Professional Services,27,2025-03-28
3533,Nova Financial Co. 1,SMB,Education,18,2022-04-02
3534,Silverline Manufacturing Ltd.,Mid-Market,Finance,18,2022-05-21
3535,Everest Technologies Inc. 2,SMB,Manufacturing,17,2024-12-21
3536,Palisade Health Corp. 1,SMB,Technology,8,2022-03-21
3537,Anchor Systems Inc. 1,SMB,Finance,14,2024-07-05
3538,Nova Networks Inc.,Mid-Market,Retail,6,2025-08-21
3539,Nova Solutions Ltd. 1,SMB,Healthcare,13,2020-10-31
3540,Orbit Systems LLC 1,Mid-Market,Manufacturing,5,2020-12-02
3541,Northwind Financial Corp.,SMB,Finance,15,2025-07-27
3542,Global Industries LLC,Enterprise,Manufacturing,29,2021-12-20
3543,Ironclad Health LLC 3,Mid-Market,Education,14,2019-02-10
3544,Beacon Logistics Ltd. 1,Mid-Market,Professional Services,23,2022-07-08
3545,Anchor Partners Ltd. 2,Mid-Market,Finance,14,2023-04-26
3546,Pioneer Retail Inc. 2,Mid-Market,Education,28,2020-09-17
3547,Catalyst Systems Co. 2,SMB,Retail,7,2024-02-03
3548,Cascade Ventures Corp. 1,Mid-Market,Professional Services,26,2020-08-18
3549,Nova Materials LLC 4,SMB,Education,22,2019-11-02
3550,Silverline Dynamics Inc.,Enterprise,Manufacturing,27,2020-09-29
3551,Horizon Partners Corp. 2,SMB,Retail,4,2022-09-26
3552,Palisade Systems Ltd. 1,SMB,Finance,27,2024-12-27
3553,Beacon Systems Inc.,Mid-Market,Retail,28,2022-09-14
3554,Anchor Systems LLC 1,SMB,Retail,9,2024-12-10
3555,Pioneer Enterprises Co. 1,SMB,Retail,19,2019-06-14
3556,Bluepeak Logistics Inc. 1,SMB,Technology,18,2021-08-10
3557,Silverline Networks Co.,Mid-Market,Manufacturing,2,2022-01-17
3558,Insight Analytics LLC 2,Mid-Market,Retail,16,2024-08-11
3559,Ironclad Dynamics Corp. 1,SMB,Healthcare,20,2023-04-10
3560,Sterling Materials Ltd. 1,Mid-Market,Education,7,2024-06-29
3561,Bluepeak Ventures Co. 1,SMB,Education,11,2021-05-15
3562,Crestline Health Ltd. 1,Mid-Market,Manufacturing,18,2025-07-15
3563,Catalyst Analytics LLC,SMB,Professional Services,28,2024-09-10
3564,Everest Solutions Inc. 2,Enterprise,Professional Services,2,2025-05-28
3565,Summit Manufacturing Ltd.,Enterprise,Manufacturing,29,2020-11-02
3566,Ironclad Ventures Corp. 2,SMB,Professional Services,25,2019-01-17
3567,Catalyst Systems Ltd.,SMB,Professional Services,26,2023-04-23
3568,Nova Systems Co. 2,SMB,Technology,2,2022-06-13
3569,Sterling Systems Co.,SMB,Professional Services,18,2024-06-14
3570,Silverline Technologies Corp. 1,Mid-Market,Technology,12,2019-09-07
3571,Redwood Retail Ltd. 2,Mid-Market,Manufacturing,28,2023-03-02
3572,Brightpath Holdings Ltd.,Enterprise,Professional Services,23,2020-05-23
3573,Falcon Technologies Inc. 3,SMB,Education,20,2020-02-09
3574,Apex Networks LLC 2,Mid-Market,Healthcare,1,2025-05-20
3575,Horizon Dynamics Inc. 2,SMB,Retail,27,2020-04-13
3576,Bluepeak Financial LLC 3,Enterprise,Healthcare,15,2023-01-09
3577,Delta Solutions Inc. 6,Enterprise,Healthcare,5,2019-01-15
3578,Brightpath Foods Co. 1,Mid-Market,Professional Services,27,2020-02-04
3579,Vertex Holdings Co.,Mid-Market,Technology,28,2022-06-30
3580,Global Partners Ltd. 2,Mid-Market,Professional Services,15,2019-04-15
3581,Insight Enterprises Corp.,SMB,Manufacturing,20,2022-10-19
3582,Nova Financial Inc. 1,Mid-Market,Technology,19,2020-04-16
3583,Global Holdings Corp.,SMB,Education,10,2024-02-01
3584,Meridian Partners Inc.,SMB,Technology,23,2024-04-22
3585,Ironclad Ventures Inc.,SMB,Finance,30,2019-06-12
3586,Prime Ventures Inc. 1,SMB,Healthcare,29,2022-06-22
3587,Vertex Dynamics Corp. 3,Mid-Market,Education,21,2019-10-12
3588,Apex Solutions Ltd. 3,Mid-Market,Finance,11,2021-11-11
3589,Meridian Materials Corp. 2,Mid-Market,Retail,28,2024-11-15
3590,Harbor Health Ltd. 1,SMB,Technology,28,2019-04-16
3591,Nova Consulting Corp.,SMB,Retail,1,2020-10-05
3592,Brightpath Retail Co.,Mid-Market,Retail,11,2024-10-13
3593,Vertex Group LLC 1,Mid-Market,Finance,17,2021-11-03
3594,Palisade Retail LLC,SMB,Professional Services,18,2020-08-24
3595,Summit Foods Inc. 1,SMB,Manufacturing,22,2025-08-23
3596,Horizon Health LLC 1,SMB,Retail,16,2020-02-03
3597,Global Health Inc.,SMB,Healthcare,1,2024-07-08
3598,Sterling Partners Inc. 1,SMB,Professional Services,5,2020-03-31
3599,Anchor Solutions Co. 1,SMB,Healthcare,23,2025-09-27
3600,Vertex Analytics Corp. 2,Mid-Market,Retail,21,2024-07-02
3601,Orbit Ventures Ltd. 2,Enterprise,Technology,20,2020-12-07
3602,Crestline Consulting LLC 3,SMB,Technology,14,2025-11-19
3603,Summit Consulting Ltd.,SMB,Technology,9,2019-10-20
3604,Summit Systems Corp. 1,Mid-Market,Professional Services,10,2025-01-06
3605,Harbor Ventures Co.,SMB,Healthcare,21,2023-11-23
3606,Sterling Enterprises Ltd. 2,Enterprise,Professional Services,16,2020-03-20
3607,Sterling Systems Corp. 2,SMB,Retail,4,2022-10-28
3608,Crestline Retail Ltd.,Mid-Market,Technology,12,2019-01-31
3609,Prime Systems Ltd.,SMB,Manufacturing,25,2023-01-04
3610,Catalyst Holdings Co.,SMB,Manufacturing,18,2023-01-28
3611,Orbit Group Corp. 1,Mid-Market,Healthcare,26,2021-11-10
3612,Pioneer Materials Co.,Enterprise,Retail,16,2024-10-08
3613,Silverline Industries Inc.,SMB,Professional Services,15,2025-07-06
3614,Redwood Dynamics Inc. 2,Mid-Market,Professional Services,29,2022-09-26
3615,Brightpath Dynamics LLC,Enterprise,Manufacturing,16,2023-09-19
3616,Ironclad Networks Co. 1,SMB,Professional Services,5,2020-01-08
3617,Everest Retail Co. 1,Mid-Market,Professional Services,13,2025-12-26
3618,Prime Partners Corp. 2,Mid-Market,Technology,20,2025-01-01
3619,Brightpath Dynamics Corp. 1,Mid-Market,Retail,11,2025-08-22
3620,Falcon Networks Corp. 4,SMB,Education,13,2024-06-11
3621,Insight Dynamics LLC 4,Mid-Market,Technology,27,2021-04-05
3622,Harbor Financial Corp.,Mid-Market,Retail,14,2020-07-20
3623,Anchor Group Co. 2,Mid-Market,Professional Services,10,2022-07-30
3624,Pioneer Solutions Ltd. 4,Mid-Market,Healthcare,4,2019-07-31
3625,Insight Networks Inc. 2,Mid-Market,Professional Services,13,2022-11-11
3626,Global Industries LLC 1,Enterprise,Professional Services,23,2021-08-03
3627,Ironclad Materials Ltd. 2,Mid-Market,Retail,9,2024-02-04
3628,Orbit Retail Corp. 1,Mid-Market,Retail,15,2023-05-19
3629,Palisade Foods Ltd. 2,SMB,Manufacturing,20,2020-09-22
3630,Catalyst Foods Ltd. 2,Enterprise,Finance,28,2024-02-18
3631,Beacon Networks LLC 1,Mid-Market,Manufacturing,25,2021-03-06
3632,Horizon Ventures Corp.,SMB,Manufacturing,9,2020-09-27
3633,Beacon Dynamics Inc. 1,SMB,Manufacturing,5,2021-12-05
3634,Beacon Retail Ltd. 2,SMB,Education,21,2020-02-08
3635,Global Technologies Corp. 1,Mid-Market,Education,8,2021-04-11
3636,Sterling Solutions LLC 2,Mid-Market,Finance,12,2020-10-26
3637,Pioneer Financial Ltd. 2,Mid-Market,Manufacturing,4,2019-02-25
3638,Ironclad Dynamics Co. 2,Enterprise,Healthcare,24,2021-02-08
3639,Horizon Partners Co.,Mid-Market,Healthcare,5,2022-04-08
3640,Bluepeak Ventures Inc. 1,SMB,Finance,12,2024-10-21
3641,Crestline Partners Co. 2,Mid-Market,Technology,13,2020-04-06
3642,Everest Analytics Corp. 1,SMB,Education,2,2021-04-16
3643,Granite Networks Inc.,Mid-Market,Technology,24,2019-03-17
3644,Catalyst Materials LLC 3,Mid-Market,Finance,19,2019-07-11
3645,Anchor Industries LLC 3,SMB,Healthcare,17,2021-06-29
3646,Bluepeak Analytics LLC,SMB,Healthcare,6,2022-07-01
3647,Nova Partners Ltd. 3,Mid-Market,Finance,2,2024-03-27
3648,Brightpath Networks Corp.,SMB,Education,2,2024-05-04
3649,Meridian Health Ltd. 1,Mid-Market,Professional Services,19,2025-05-25
3650,Crestline Enterprises Co.,Enterprise,Healthcare,23,2025-05-09
3651,Prime Industries Inc. 1,SMB,Healthcare,24,2019-09-17
3652,Nova Enterprises Co.,Mid-Market,Manufacturing,25,2019-10-14
3653,Delta Holdings Inc. 3,Mid-Market,Finance,12,2022-06-23
3654,Northwind Enterprises Inc. 3,Mid-Market,Education,1,2023-02-15
3655,Granite Holdings Inc. 1,Mid-Market,Healthcare,8,2023-03-09
3656,Palisade Consulting Inc. 4,Enterprise,Finance,24,2022-05-27
3657,Nova Holdings LLC 2,Mid-Market,Manufacturing,23,2025-11-12
3658,Summit Enterprises Co.,SMB,Finance,16,2022-07-24
3659,Meridian Financial Ltd. 2,SMB,Retail,1,2025-07-18
3660,Apex Consulting Corp. 4,Mid-Market,Education,24,2025-11-30
3661,Harbor Analytics Co. 2,Enterprise,Manufacturing,25,2022-02-08
3662,Granite Materials Corp. 2,SMB,Manufacturing,7,2019-12-08
3663,Sterling Health Inc. 1,Enterprise,Professional Services,25,2021-04-13
3664,Crestline Retail Inc.,SMB,Professional Services,20,2021-07-05
3665,Falcon Retail Corp. 1,SMB,Professional Services,27,2025-03-20
3666,Sterling Partners LLC 1,Mid-Market,Technology,19,2025-09-24
3667,Bluepeak Consulting LLC 1,Mid-Market,Education,3,2020-03-09
3668,Falcon Foods LLC 1,Enterprise,Professional Services,20,2019-02-21
3669,Horizon Manufacturing LLC 1,Enterprise,Education,4,2024-10-24
3670,Brightpath Solutions Co. 1,Mid-Market,Education,8,2022-11-28
3671,Palisade Logistics Inc. 1,SMB,Finance,27,2024-04-03
3672,Granite Holdings Inc. 2,Mid-Market,Education,30,2021-04-27
3673,Nova Ventures LLC 1,SMB,Retail,15,2020-02-10
3674,Crestline Retail Ltd. 1,SMB,Education,9,2020-11-07
3675,Everest Analytics LLC 2,Enterprise,Finance,12,2019-05-04
3676,Silverline Manufacturing LLC 2,Mid-Market,Education,8,2021-09-13
3677,Beacon Manufacturing Ltd. 1,Mid-Market,Education,18,2019-09-11
3678,Catalyst Logistics Ltd. 2,SMB,Education,13,2022-03-31
3679,Northwind Networks Ltd. 2,Mid-Market,Healthcare,2,2024-08-04
3680,Northwind Holdings Ltd. 1,SMB,Professional Services,19,2019-05-02
3681,Silverline Ventures Ltd. 4,SMB,Healthcare,20,2025-04-10
3682,Global Partners Corp.,SMB,Professional Services,21,2019-11-11
3683,Catalyst Technologies Corp. 4,SMB,Technology,29,2023-08-04
3684,Pioneer Foods Ltd. 3,SMB,Healthcare,22,2020-09-06
3685,Harbor Manufacturing LLC,SMB,Retail,21,2024-11-29
3686,Catalyst Logistics LLC 1,SMB,Manufacturing,7,2019-01-27
3687,Bluepeak Logistics LLC 1,SMB,Retail,14,2021-12-13
3688,Apex Industries Co.,SMB,Finance,14,2025-09-24
3689,Catalyst Logistics Inc. 1,SMB,Technology,29,2019-10-16
3690,Orbit Logistics LLC 2,Mid-Market,Retail,15,2024-04-28
3691,Vertex Logistics Inc.,SMB,Manufacturing,21,2024-02-01
3692,Meridian Systems LLC 2,SMB,Manufacturing,17,2021-03-26
3693,Granite Materials LLC 2,SMB,Finance,2,2019-06-04
3694,Palisade Consulting Corp. 1,Mid-Market,Professional Services,29,2024-10-30
3695,Palisade Materials Co. 1,SMB,Education,21,2025-05-01
3696,Redwood Logistics Corp.,SMB,Healthcare,7,2019-11-23
3697,Nova Partners Co. 1,SMB,Technology,2,2024-12-07
3698,Harbor Foods LLC 2,Mid-Market,Healthcare,29,2024-10-30
3699,Beacon Dynamics Ltd. 1,SMB,Technology,10,2023-01-14
3700,Redwood Enterprises Inc. 1,SMB,Retail,1,2024-06-25
3701,Anchor Systems Ltd.,SMB,Retail,19,2019-04-11
3702,Bluepeak Technologies Ltd. 1,SMB,Manufacturing,1,2022-06-22
3703,Beacon Solutions Ltd. 1,SMB,Retail,7,2025-10-07
3704,Insight Networks Co. 1,SMB,Education,27,2024-06-04
3705,Bluepeak Group Ltd.,Mid-Market,Education,2,2020-11-16
3706,Global Partners Corp. 1,SMB,Manufacturing,23,2023-05-13
3707,Beacon Materials Ltd.,Mid-Market,Retail,19,2020-06-27
3708,Everest Ventures LLC,SMB,Retail,10,2020-07-21
3709,Delta Materials LLC,SMB,Professional Services,9,2020-04-28
3710,Insight Foods Co.,Mid-Market,Education,15,2020-04-30
3711,Bluepeak Holdings Co. 1,Mid-Market,Finance,16,2022-06-30
3712,Granite Consulting Co.,Mid-Market,Professional Services,27,2021-03-02
3713,Horizon Retail Ltd. 1,SMB,Finance,8,2024-06-11
3714,Brightpath Partners LLC,SMB,Education,18,2025-04-04
3715,Falcon Dynamics LLC,Enterprise,Professional Services,21,2022-05-31
3716,Granite Logistics LLC,SMB,Education,1,2020-05-04
3717,Union Materials Corp. 1,Mid-Market,Technology,27,2025-12-25
3718,Ironclad Solutions LLC 2,SMB,Healthcare,30,2019-05-01
3719,Orbit Enterprises Ltd. 2,Mid-Market,Education,3,2022-11-05
3720,Falcon Holdings Inc. 1,Mid-Market,Technology,8,2020-07-15
3721,Falcon Analytics Co. 1,Enterprise,Technology,24,2025-07-24
3722,Prime Holdings Corp.,SMB,Healthcare,25,2021-04-10
3723,Nova Dynamics LLC 1,Mid-Market,Manufacturing,5,2025-09-14
3724,Delta Partners Corp. 1,SMB,Technology,28,2025-10-22
3725,Delta Industries Corp. 2,Mid-Market,Healthcare,10,2025-08-07
3726,Apex Ventures Corp.,Mid-Market,Finance,9,2024-07-19
3727,Silverline Group LLC 1,Mid-Market,Retail,11,2024-03-09
3728,Redwood Enterprises LLC 3,Mid-Market,Manufacturing,21,2025-09-01
3729,Summit Ventures LLC 1,SMB,Education,7,2020-07-25
3730,Sterling Materials Inc.,Mid-Market,Professional Services,17,2024-09-01
3731,Insight Health LLC,SMB,Technology,3,2019-10-18
3732,Horizon Solutions Corp. 3,Mid-Market,Retail,5,2021-07-13
3733,Catalyst Consulting Inc. 4,Enterprise,Healthcare,24,2021-10-24
3734,Apex Partners Corp. 1,Mid-Market,Finance,12,2025-12-19
3735,Horizon Materials Corp. 3,Enterprise,Finance,24,2021-03-31
3736,Ironclad Dynamics Inc. 2,SMB,Retail,23,2022-11-18
3737,Granite Systems Corp. 1,SMB,Healthcare,30,2023-06-08
3738,Falcon Retail Ltd. 1,Mid-Market,Professional Services,5,2023-09-29
3739,Harbor Materials Ltd. 1,SMB,Finance,29,2019-11-04
3740,Insight Partners LLC,SMB,Education,27,2022-11-30
3741,Delta Foods Corp. 3,SMB,Professional Services,14,2023-06-11
3742,Bluepeak Networks Inc. 1,SMB,Manufacturing,5,2025-04-27
3743,Pioneer Networks LLC 1,SMB,Technology,5,2025-09-12
3744,Delta Group Ltd. 2,SMB,Retail,16,2020-08-23
3745,Vertex Enterprises Corp.,SMB,Finance,1,2020-06-22
3746,Redwood Financial Co. 2,Mid-Market,Finance,3,2023-10-14
3747,Beacon Industries Ltd.,SMB,Manufacturing,16,2022-06-05
3748,Summit Manufacturing Co. 3,Enterprise,Finance,17,2024-03-15
3749,Granite Technologies Corp. 1,SMB,Healthcare,26,2024-12-08
3750,Northwind Solutions Inc. 1,SMB,Professional Services,30,2019-01-28
3751,Horizon Industries Corp.,Enterprise,Healthcare,9,2025-02-24
3752,Cascade Group Co. 2,SMB,Manufacturing,10,2020-11-09
3753,Orbit Analytics Inc. 1,SMB,Education,6,2025-10-13
3754,Orbit Analytics Co. 1,Mid-Market,Healthcare,7,2022-01-04
3755,Nova Materials Inc. 2,SMB,Retail,14,2024-12-18
3756,Vertex Solutions Ltd. 1,SMB,Professional Services,30,2020-05-26
3757,Silverline Solutions Co.,SMB,Education,27,2022-09-04
3758,Horizon Financial LLC 1,Enterprise,Technology,28,2019-06-11
3759,Sterling Health LLC,Mid-Market,Finance,14,2024-02-22
3760,Falcon Analytics Co. 2,SMB,Technology,20,2025-08-05
3761,Global Foods LLC 1,Mid-Market,Retail,22,2024-11-25
3762,Summit Foods Ltd. 1,Mid-Market,Finance,8,2023-10-05
3763,Sterling Manufacturing Inc. 2,Enterprise,Professional Services,14,2019-11-01
3764,Global Enterprises Ltd.,Mid-Market,Healthcare,17,2025-11-20
3765,Sterling Financial Corp.,SMB,Education,12,2021-05-29
3766,Silverline Ventures Corp.,SMB,Finance,15,2023-06-06
3767,Orbit Retail Ltd. 2,SMB,Professional Services,14,2020-11-28
3768,Union Holdings Corp. 1,SMB,Healthcare,2,2024-10-15
3769,Falcon Holdings Ltd. 2,Mid-Market,Healthcare,24,2021-08-25
3770,Pioneer Consulting Corp. 1,Mid-Market,Finance,28,2021-09-25
3771,Nova Financial Co. 2,Enterprise,Professional Services,23,2019-01-12
3772,Palisade Consulting Corp. 2,Mid-Market,Education,29,2023-01-10
3773,Summit Networks LLC 3,Mid-Market,Education,13,2020-10-02
3774,Meridian Systems Co.,Mid-Market,Manufacturing,2,2025-06-14
3775,Silverline Technologies LLC,Enterprise,Education,9,2024-06-24
3776,Cascade Holdings Co. 1,Mid-Market,Retail,26,2025-08-30
3777,Redwood Holdings Co. 1,SMB,Retail,5,2021-09-23
3778,Pioneer Analytics Corp. 1,SMB,Education,17,2023-08-19
3779,Crestline Ventures Corp.,SMB,Professional Services,1,2022-02-28
3780,Global Dynamics LLC 3,SMB,Retail,10,2025-05-13
3781,Harbor Financial Co.,SMB,Manufacturing,4,2021-04-08
3782,Delta Dynamics LLC,Enterprise,Retail,4,2021-04-19
3783,Prime Networks Ltd. 3,SMB,Education,5,2021-07-24
3784,Summit Logistics Co.,Enterprise,Professional Services,17,2022-06-26
3785,Crestline Manufacturing Inc. 1,Mid-Market,Retail,21,2025-03-19
3786,Harbor Technologies Inc. 1,Mid-Market,Professional Services,9,2020-06-14
3787,Delta Partners Co. 1,Mid-Market,Education,25,2023-07-23
3788,Sterling Ventures Co. 2,Mid-Market,Professional Services,12,2021-02-21
3789,Granite Foods LLC 2,SMB,Education,23,2019-07-31
3790,Vertex Networks LLC 3,SMB,Professional Services,16,2025-09-03
3791,Ironclad Solutions Ltd. 4,SMB,Healthcare,22,2024-07-01
3792,Catalyst Retail Corp. 2,SMB,Professional Services,30,2025-08-30
3793,Global Manufacturing LLC,SMB,Finance,30,2021-10-20
3794,Orbit Networks LLC 1,Enterprise,Education,18,2024-04-18
3795,Bluepeak Manufacturing Corp. 1,SMB,Finance,29,2023-07-23
3796,Vertex Foods LLC 1,SMB,Manufacturing,22,2023-05-02
3797,Horizon Systems Corp. 3,Mid-Market,Education,9,2019-04-13
3798,Insight Dynamics Ltd.,Mid-Market,Manufacturing,29,2019-07-03
3799,Redwood Health LLC 1,SMB,Education,5,2020-05-14
3800,Apex Partners Corp. 2,SMB,Technology,15,2024-03-31
3801,Palisade Financial Co. 1,Mid-Market,Education,5,2024-08-02
3802,Brightpath Group Corp.,SMB,Finance,24,2023-07-13
3803,Cascade Enterprises Inc. 1,Mid-Market,Education,27,2020-05-05
3804,Cascade Industries Ltd. 3,Mid-Market,Healthcare,25,2024-06-10
3805,Ironclad Analytics Corp. 2,Mid-Market,Retail,4,2019-10-18
3806,Granite Holdings Ltd. 4,Mid-Market,Retail,9,2025-04-04
3807,Beacon Foods Inc.,SMB,Technology,11,2021-09-10
3808,Meridian Solutions Ltd. 1,Enterprise,Manufacturing,4,2024-02-02
3809,Prime Solutions Ltd. 1,SMB,Retail,16,2020-03-09
3810,Pioneer Enterprises Inc. 2,Mid-Market,Education,2,2021-03-14
3811,Vertex Industries Corp. 2,SMB,Professional Services,19,2022-06-19
3812,Nova Partners Corp. 2,SMB,Finance,18,2022-06-22
3813,Delta Ventures Corp.,SMB,Retail,18,2019-09-06
3814,Brightpath Logistics Ltd.,SMB,Healthcare,28,2022-11-02
3815,Summit Manufacturing Ltd. 1,SMB,Professional Services,24,2019-07-12
3816,Granite Industries Co.,SMB,Professional Services,8,2025-06-18
3817,Nova Ventures Ltd. 3,SMB,Professional Services,18,2021-12-14
3818,Sterling Industries LLC 1,SMB,Manufacturing,25,2022-01-27
3819,Global Manufacturing Co. 2,Mid-Market,Finance,26,2023-01-14
3820,Brightpath Materials Corp. 2,Mid-Market,Education,20,2024-06-20
3821,Ironclad Analytics Co.,Mid-Market,Education,3,2019-06-27
3822,Granite Dynamics Corp.,Mid-Market,Healthcare,14,2023-12-02
3823,Union Technologies LLC 1,Mid-Market,Manufacturing,26,2025-05-16
3824,Silverline Foods Ltd. 1,Mid-Market,Retail,3,2022-01-27
3825,Redwood Holdings Ltd.,SMB,Manufacturing,18,2019-02-03
3826,Union Enterprises Inc.,Mid-Market,Finance,17,2020-09-24
3827,Meridian Holdings Inc. 1,SMB,Healthcare,7,2025-08-02
3828,Anchor Systems Ltd. 1,Mid-Market,Finance,11,2019-10-29
3829,Redwood Networks Inc.,SMB,Healthcare,30,2019-02-04
3830,Insight Manufacturing Corp. 1,Enterprise,Finance,18,2025-07-20
3831,Vertex Materials Corp.,Mid-Market,Healthcare,29,2025-01-14
3832,Anchor Analytics Corp. 2,Enterprise,Finance,15,2022-03-22
3833,Delta Foods Corp. 4,SMB,Retail,26,2019-01-14
3834,Anchor Foods Co. 3,Mid-Market,Finance,19,2023-02-01
3835,Insight Networks Corp. 3,SMB,Technology,28,2024-09-18
3836,Orbit Partners Co.,Mid-Market,Education,10,2021-01-01
3837,Ironclad Consulting Corp.,SMB,Manufacturing,12,2020-03-17
3838,Nova Enterprises Corp. 1,Mid-Market,Retail,2,2025-05-01
3839,Cascade Group Ltd. 1,SMB,Manufacturing,7,2024-05-16
3840,Nova Systems LLC 1,Mid-Market,Manufacturing,5,2022-02-19
3841,Catalyst Enterprises Co. 3,Mid-Market,Manufacturing,6,2025-05-02
3842,Catalyst Enterprises Co. 4,Mid-Market,Education,10,2023-04-04
3843,Vertex Health Inc.,Enterprise,Education,27,2025-08-10
3844,Delta Foods Inc. 1,Enterprise,Professional Services,12,2019-09-21
3845,Northwind Group LLC 1,SMB,Manufacturing,25,2022-01-20
3846,Anchor Solutions Inc. 1,Mid-Market,Finance,25,2023-10-03
3847,Harbor Materials Inc. 5,Enterprise,Technology,30,2021-11-08
3848,Delta Enterprises Co. 1,SMB,Manufacturing,16,2021-06-13
3849,Vertex Systems Inc.,Enterprise,Professional Services,26,2023-11-13
3850,Vertex Materials LLC 1,Mid-Market,Healthcare,13,2023-03-29
3851,Pioneer Partners Co. 1,SMB,Education,19,2020-12-23
3852,Everest Technologies LLC 3,SMB,Education,25,2022-02-08
3853,Ironclad Ventures Inc. 1,SMB,Retail,5,2023-12-12
3854,Nova Materials LLC 5,Mid-Market,Manufacturing,2,2023-05-22
3855,Brightpath Materials LLC,SMB,Education,5,2022-03-03
3856,Redwood Group Corp.,Enterprise,Technology,22,2020-10-26
3857,Brightpath Manufacturing Corp.,SMB,Technology,15,2019-10-20
3858,Sterling Enterprises Inc.,SMB,Healthcare,9,2024-11-17
3859,Nova Retail LLC,SMB,Education,24,2024-09-27
3860,Cascade Technologies Corp.,Mid-Market,Manufacturing,1,2023-04-17
3861,Anchor Foods Corp.,Enterprise,Healthcare,6,2022-12-31
3862,Granite Partners Corp. 3,SMB,Technology,15,2019-12-15
3863,Prime Consulting Co.,SMB,Manufacturing,28,2022-02-15
3864,Brightpath Logistics Corp. 1,SMB,Finance,23,2022-05-21
3865,Harbor Partners Ltd. 2,SMB,Healthcare,21,2022-03-25
3866,Union Holdings Corp. 2,SMB,Technology,22,2020-09-10
3867,Horizon Dynamics Corp. 1,Mid-Market,Education,10,2019-11-13
3868,Brightpath Consulting Inc.,Mid-Market,Education,14,2025-07-08
3869,Global Consulting Ltd. 2,Enterprise,Healthcare,27,2022-11-23
3870,Silverline Consulting Co. 1,Mid-Market,Manufacturing,22,2025-01-13
3871,Brightpath Ventures Co.,Enterprise,Healthcare,18,2023-09-14
3872,Summit Industries Ltd. 1,SMB,Finance,3,2024-09-27
3873,Horizon Dynamics LLC 2,SMB,Technology,22,2020-07-06
3874,Insight Partners Corp. 3,SMB,Professional Services,11,2019-09-29
3875,Union Dynamics Ltd.,Mid-Market,Education,12,2023-04-19
3876,Orbit Dynamics Ltd. 3,SMB,Professional Services,21,2022-11-05
3877,Horizon Technologies Ltd. 1,SMB,Finance,12,2019-09-04
3878,Pioneer Financial Inc.,SMB,Professional Services,18,2023-04-12
3879,Meridian Systems Ltd. 1,SMB,Manufacturing,1,2020-04-09
3880,Ironclad Manufacturing Corp. 1,SMB,Healthcare,6,2019-10-04
3881,Vertex Enterprises Inc. 1,SMB,Finance,17,2025-11-23
3882,Delta Analytics Corp.,Mid-Market,Education,29,2022-11-21
3883,Meridian Foods Ltd.,SMB,Education,23,2021-04-22
3884,Summit Consulting Co. 1,Mid-Market,Education,13,2019-09-08
3885,Nova Materials Ltd. 1,Mid-Market,Healthcare,30,2025-06-01
3886,Everest Group LLC 2,Mid-Market,Retail,9,2025-08-06
3887,Bluepeak Financial Ltd. 3,SMB,Professional Services,27,2020-10-18
3888,Cascade Industries Ltd. 4,SMB,Technology,13,2022-01-16
3889,Vertex Ventures Inc. 1,SMB,Finance,3,2023-07-09
3890,Delta Solutions Co.,Mid-Market,Technology,1,2019-10-12
3891,Delta Holdings Inc. 4,Mid-Market,Technology,30,2022-10-04
3892,Prime Foods Ltd. 2,SMB,Professional Services,20,2020-07-12
3893,Anchor Ventures Ltd. 2,Mid-Market,Healthcare,5,2020-07-29
3894,Orbit Consulting Co.,SMB,Healthcare,30,2023-03-22
3895,Vertex Foods Ltd.,Mid-Market,Technology,2,2021-03-03
3896,Catalyst Group Inc. 1,SMB,Professional Services,11,2022-11-07
3897,Apex Consulting Co. 2,SMB,Manufacturing,23,2020-11-01
3898,Falcon Holdings LLC 1,SMB,Education,2,2022-05-31
3899,Global Enterprises Corp. 1,Enterprise,Healthcare,28,2025-07-10
3900,Northwind Networks Co. 1,SMB,Retail,21,2022-05-23
3901,Horizon Consulting LLC,SMB,Professional Services,29,2022-07-05
3902,Prime Industries Ltd.,SMB,Retail,26,2022-06-13
3903,Silverline Systems Ltd. 1,SMB,Manufacturing,25,2024-12-29
3904,Beacon Systems Corp. 1,Enterprise,Healthcare,7,2023-10-09
3905,Cascade Group Ltd. 2,Mid-Market,Healthcare,7,2019-03-20
3906,Redwood Manufacturing Ltd. 1,Mid-Market,Retail,8,2019-10-29
3907,Insight Technologies Corp.,Mid-Market,Manufacturing,5,2023-01-17
3908,Silverline Financial Inc.,SMB,Technology,20,2024-04-27
3909,Catalyst Networks Ltd. 5,Mid-Market,Healthcare,2,2019-10-27
3910,Cascade Partners Ltd. 2,Enterprise,Manufacturing,13,2022-07-09
3911,Apex Retail LLC 1,Enterprise,Healthcare,18,2023-07-01
3912,Prime Technologies Co. 1,Mid-Market,Manufacturing,17,2021-10-21
3913,Nova Technologies LLC 2,Mid-Market,Finance,15,2023-11-08
3914,Granite Dynamics Inc. 2,SMB,Finance,7,2021-05-25
3915,Global Industries Inc. 1,Mid-Market,Technology,4,2023-05-12
3916,Delta Ventures Corp. 1,SMB,Manufacturing,30,2024-05-11
3917,Nova Materials LLC 6,Mid-Market,Healthcare,14,2025-09-09
3918,Nova Dynamics Ltd.,Enterprise,Retail,18,2023-06-22
3919,Redwood Retail Ltd. 3,SMB,Professional Services,18,2021-06-17
3920,Apex Systems Corp. 3,Mid-Market,Professional Services,12,2024-01-18
3921,Apex Logistics LLC 1,Mid-Market,Retail,22,2024-08-18
3922,Catalyst Analytics Co. 2,SMB,Education,12,2021-11-25
3923,Summit Dynamics Co. 1,SMB,Professional Services,13,2021-07-15
3924,Brightpath Health LLC,SMB,Retail,25,2020-01-25
3925,Pioneer Networks LLC 2,Enterprise,Healthcare,10,2023-09-27
3926,Apex Health Co.,SMB,Manufacturing,21,2022-02-11
3927,Palisade Ventures Ltd. 4,SMB,Education,20,2019-12-06
3928,Cascade Holdings Corp. 2,SMB,Retail,1,2022-12-06
3929,Global Foods Corp. 1,Enterprise,Finance,21,2025-12-05
3930,Palisade Systems Ltd. 2,Mid-Market,Healthcare,25,2019-05-12
3931,Insight Technologies LLC,Mid-Market,Healthcare,9,2022-08-10
3932,Ironclad Materials Co. 4,Enterprise,Finance,28,2025-07-19
3933,Cascade Health Corp.,SMB,Education,1,2025-09-17
3934,Everest Dynamics Inc.,Mid-Market,Manufacturing,6,2021-05-23
3935,Bluepeak Ventures Co. 2,Mid-Market,Technology,29,2020-03-14
3936,Union Ventures Co. 4,Enterprise,Professional Services,26,2021-12-11
3937,Silverline Analytics Co. 1,Mid-Market,Finance,23,2021-03-25
3938,Anchor Health Ltd. 1,Mid-Market,Finance,19,2022-05-18
3939,Redwood Industries LLC 2,Mid-Market,Education,7,2023-03-04
3940,Silverline Technologies Corp. 2,Enterprise,Finance,15,2024-05-17
3941,Meridian Health Corp. 2,SMB,Retail,17,2023-06-09
3942,Crestline Logistics Corp.,Enterprise,Professional Services,3,2025-03-30
3943,Silverline Logistics Inc. 1,SMB,Manufacturing,18,2024-02-24
3944,Summit Networks LLC 4,Mid-Market,Retail,3,2022-08-18
3945,Bluepeak Dynamics Corp. 2,Enterprise,Finance,4,2019-11-01
3946,Apex Holdings Corp.,Mid-Market,Professional Services,6,2024-08-16
3947,Northwind Dynamics LLC 1,Enterprise,Technology,6,2023-12-31
3948,Bluepeak Industries Ltd. 2,Enterprise,Healthcare,3,2021-05-09
3949,Global Group Co. 1,Mid-Market,Professional Services,29,2020-08-15
3950,Crestline Financial Corp. 2,SMB,Manufacturing,25,2023-08-10
3951,Palisade Technologies Ltd. 1,Enterprise,Healthcare,16,2019-08-04
3952,Insight Analytics Inc.,Mid-Market,Finance,12,2024-07-05
3953,Union Systems Inc. 1,SMB,Healthcare,6,2020-08-02
3954,Anchor Analytics Inc.,Mid-Market,Manufacturing,29,2023-02-25
3955,Palisade Group Co. 1,Mid-Market,Healthcare,24,2021-02-14
3956,Harbor Analytics LLC 2,Enterprise,Finance,23,2022-05-04
3957,Harbor Enterprises Ltd. 1,Mid-Market,Professional Services,15,2024-08-08
3958,Pioneer Materials Ltd. 2,Mid-Market,Technology,1,2021-01-03
3959,Silverline Ventures Inc.,SMB,Education,20,2019-03-26
3960,Granite Manufacturing Inc. 2,SMB,Technology,15,2019-07-17
3961,Falcon Analytics Ltd. 2,SMB,Manufacturing,9,2019-07-10
3962,Ironclad Financial Ltd.,Mid-Market,Retail,10,2022-03-19
3963,Orbit Manufacturing Corp.,Enterprise,Professional Services,2,2019-08-01
3964,Summit Technologies LLC 1,Mid-Market,Healthcare,27,2021-11-20
3965,Silverline Solutions Corp.,Mid-Market,Technology,5,2023-11-19
3966,Redwood Logistics Ltd. 2,Enterprise,Education,25,2025-02-26
3967,Union Networks Inc. 1,Enterprise,Professional Services,30,2020-07-19
3968,Redwood Consulting Inc.,Mid-Market,Manufacturing,2,2025-02-18
3969,Horizon Ventures LLC 1,Mid-Market,Technology,19,2025-11-04
3970,Insight Technologies Inc. 2,Mid-Market,Manufacturing,3,2023-05-19
3971,Horizon Analytics Inc.,SMB,Finance,25,2024-02-28
3972,Cascade Financial Corp. 3,Mid-Market,Manufacturing,16,2022-05-19
3973,Redwood Partners Co. 1,SMB,Technology,1,2019-07-11
3974,Crestline Health Ltd. 2,Mid-Market,Finance,24,2025-09-19
3975,Apex Health LLC 4,SMB,Professional Services,23,2025-08-13
3976,Union Networks Corp. 4,Mid-Market,Technology,28,2021-04-05
3977,Prime Materials Corp.,Mid-Market,Professional Services,15,2020-05-15
3978,Falcon Health LLC 1,Mid-Market,Manufacturing,28,2019-06-17
3979,Catalyst Retail Co.,Mid-Market,Retail,20,2022-06-26
3980,Meridian Dynamics Co. 2,SMB,Professional Services,16,2025-06-21
3981,Orbit Ventures Co. 4,Mid-Market,Healthcare,11,2019-04-15
3982,Harbor Manufacturing Corp. 1,Mid-Market,Professional Services,9,2023-04-13
3983,Global Networks Ltd. 1,SMB,Healthcare,19,2024-11-05
3984,Cascade Consulting Ltd. 2,Enterprise,Finance,23,2021-08-28
3985,Summit Health Ltd.,SMB,Manufacturing,2,2023-04-14
3986,Nova Systems Inc.,SMB,Retail,13,2022-02-08
3987,Granite Health Co.,Mid-Market,Finance,2,2019-06-17
3988,Pioneer Dynamics Co. 1,Mid-Market,Education,12,2022-07-13
3989,Harbor Foods Ltd.,Enterprise,Technology,24,2019-08-16
3990,Catalyst Solutions Corp. 3,SMB,Retail,21,2023-10-17
3991,Sterling Retail Corp.,Mid-Market,Retail,4,2021-03-03
3992,Beacon Networks LLC 2,Mid-Market,Manufacturing,22,2024-08-13
3993,Vertex Health Inc. 1,Mid-Market,Retail,1,2023-02-09
3994,Pioneer Networks Co. 3,SMB,Education,1,2025-07-17
3995,Cascade Analytics LLC 1,SMB,Professional Services,28,2024-02-29
3996,Beacon Manufacturing LLC 3,SMB,Healthcare,1,2024-01-27
3997,Northwind Holdings Corp. 1,SMB,Manufacturing,8,2021-02-17
3998,Vertex Holdings Ltd.,SMB,Manufacturing,4,2022-02-03
3999,Catalyst Logistics LLC 2,Mid-Market,Finance,18,2024-03-20
4000,Sterling Enterprises LLC,SMB,Professional Services,16,2024-01-20
4001,Ironclad Consulting LLC 2,SMB,Manufacturing,26,2023-11-05
4002,Meridian Foods LLC 1,Mid-Market,Retail,30,2019-01-21
4003,Catalyst Materials Inc.,SMB,Healthcare,23,2019-02-14
4004,Beacon Industries LLC 1,SMB,Finance,15,2019-06-22
4005,Bluepeak Enterprises Corp. 1,Enterprise,Retail,2,2019-03-22
4006,Pioneer Solutions Corp. 1,Mid-Market,Finance,28,2024-05-29
4007,Falcon Logistics LLC,Mid-Market,Education,17,2022-10-29
4008,Nova Logistics Co.,SMB,Technology,7,2022-07-14
4009,Meridian Financial LLC 2,Mid-Market,Healthcare,17,2019-08-07
4010,Falcon Dynamics Co.,SMB,Finance,12,2019-08-26
4011,Meridian Enterprises Ltd.,Mid-Market,Finance,11,2020-07-20
4012,Delta Logistics Ltd. 2,SMB,Education,14,2024-09-24
4013,Silverline Solutions LLC,Enterprise,Professional Services,23,2023-11-06
4014,Beacon Industries Co. 1,SMB,Manufacturing,5,2019-08-25
4015,Brightpath Analytics Corp. 2,Mid-Market,Manufacturing,29,2019-07-08
4016,Crestline Partners Corp. 1,Mid-Market,Finance,2,2021-11-05
4017,Falcon Dynamics LLC 1,Mid-Market,Manufacturing,5,2023-03-23
4018,Silverline Financial Corp. 2,Mid-Market,Retail,21,2020-09-22
4019,Orbit Holdings Ltd. 1,Mid-Market,Education,5,2023-02-04
4020,Sterling Health Co. 2,SMB,Professional Services,24,2021-07-07
4021,Granite Consulting Co. 1,SMB,Retail,23,2023-02-13
4022,Falcon Group Inc. 3,SMB,Finance,13,2024-01-29
4023,Cascade Financial Inc.,SMB,Technology,14,2024-11-25
4024,Horizon Consulting Co.,Mid-Market,Retail,30,2020-05-15
4025,Northwind Partners Co.,SMB,Education,24,2019-08-06
4026,Prime Enterprises Inc. 1,SMB,Manufacturing,19,2019-10-30
4027,Crestline Dynamics Co. 2,Mid-Market,Professional Services,5,2020-02-27
4028,Meridian Foods Ltd. 1,SMB,Finance,18,2021-04-09
4029,Global Enterprises Co. 1,Mid-Market,Technology,2,2019-03-15
4030,Redwood Systems Inc. 1,SMB,Retail,8,2024-10-28
4031,Everest Ventures Co.,SMB,Technology,21,2024-12-10
4032,Meridian Materials LLC 2,SMB,Technology,13,2023-12-28
4033,Apex Dynamics Corp.,Mid-Market,Retail,30,2021-06-30
4034,Cascade Health LLC 1,SMB,Manufacturing,29,2023-12-12
4035,Bluepeak Networks Inc. 2,Enterprise,Retail,3,2023-01-08
4036,Brightpath Group Ltd.,SMB,Education,27,2023-08-20
4037,Prime Analytics Inc.,Mid-Market,Finance,26,2019-08-13
4038,Northwind Solutions Corp.,SMB,Retail,4,2025-02-13
4039,Beacon Financial Inc. 1,SMB,Manufacturing,12,2021-06-10
4040,Vertex Ventures Co. 1,Mid-Market,Retail,29,2020-11-19
4041,Granite Partners Corp. 4,Mid-Market,Retail,1,2021-09-25
4042,Crestline Industries Inc. 1,SMB,Finance,2,2020-09-24
4043,Delta Manufacturing Co. 1,Mid-Market,Manufacturing,16,2025-12-16
4044,Apex Manufacturing Ltd. 1,Mid-Market,Retail,29,2023-07-10
4045,Northwind Materials Inc. 1,Enterprise,Technology,9,2025-04-10
4046,Cascade Group LLC 1,Mid-Market,Healthcare,24,2025-08-27
4047,Orbit Holdings Corp. 2,SMB,Technology,21,2023-01-25
4048,Apex Networks Ltd.,SMB,Healthcare,5,2024-08-08
4049,Prime Foods Co. 2,Mid-Market,Manufacturing,9,2025-05-02
4050,Falcon Health Co. 1,Mid-Market,Professional Services,19,2020-01-19
4051,Granite Dynamics Inc. 3,Mid-Market,Professional Services,15,2020-11-18
4052,Orbit Systems Corp.,Mid-Market,Education,8,2021-10-23
4053,Pioneer Solutions Inc.,SMB,Manufacturing,7,2023-05-11
4054,Crestline Logistics LLC,Mid-Market,Healthcare,17,2024-05-17
4055,Harbor Systems LLC 1,SMB,Finance,25,2021-05-31
4056,Granite Analytics LLC,SMB,Education,13,2024-11-23
4057,Delta Systems LLC 1,SMB,Professional Services,28,2023-07-31
4058,Everest Networks Corp. 1,SMB,Professional Services,21,2021-08-08
4059,Anchor Materials Corp. 3,Enterprise,Finance,13,2023-10-06
4060,Union Enterprises Co. 4,Mid-Market,Manufacturing,22,2024-12-17
4061,Catalyst Ventures Corp.,Enterprise,Manufacturing,14,2021-05-08
4062,Sterling Partners Inc. 2,SMB,Technology,23,2021-09-16
4063,Bluepeak Materials Corp. 1,SMB,Technology,30,2023-11-04
4064,Sterling Networks LLC,Mid-Market,Technology,24,2022-01-03
4065,Crestline Materials Inc.,Mid-Market,Education,5,2020-03-30
4066,Union Financial Ltd.,Mid-Market,Healthcare,3,2024-12-23
4067,Cascade Dynamics Ltd.,SMB,Retail,25,2020-05-30
4068,Silverline Holdings LLC 2,SMB,Finance,26,2020-09-21
4069,Vertex Health LLC 2,SMB,Education,18,2025-01-27
4070,Harbor Ventures Corp. 1,SMB,Technology,8,2023-06-29
4071,Beacon Retail Corp. 2,Mid-Market,Finance,27,2022-01-08
4072,Pioneer Dynamics Co. 2,SMB,Healthcare,14,2021-09-02
4073,Silverline Partners Inc.,SMB,Manufacturing,9,2020-04-13
4074,Orbit Solutions Inc.,Mid-Market,Manufacturing,11,2019-06-23
4075,Falcon Materials Ltd. 3,SMB,Healthcare,9,2025-05-13
4076,Beacon Foods Co. 1,Enterprise,Retail,9,2019-04-25
4077,Falcon Foods Ltd. 2,SMB,Professional Services,10,2019-06-07
4078,Silverline Group LLC 2,SMB,Technology,21,2024-04-06
4079,Nova Enterprises LLC 2,SMB,Technology,1,2025-04-03
4080,Anchor Enterprises Co. 1,SMB,Professional Services,11,2023-12-20
4081,Horizon Solutions Ltd. 2,Mid-Market,Retail,6,2020-09-10
4082,Sterling Systems Corp. 3,SMB,Professional Services,20,2020-11-22
4083,Meridian Partners Corp.,SMB,Retail,30,2025-09-23
4084,Bluepeak Logistics Inc. 2,SMB,Education,24,2023-11-25
4085,Pioneer Financial Co.,SMB,Healthcare,8,2024-10-16
4086,Delta Retail Inc. 2,Mid-Market,Manufacturing,16,2022-02-14
4087,Palisade Analytics Co.,SMB,Finance,1,2024-06-07
4088,Bluepeak Financial Inc. 1,SMB,Education,13,2025-11-11
4089,Beacon Materials Inc.,Mid-Market,Technology,9,2021-06-30
4090,Insight Logistics Inc. 3,Mid-Market,Technology,16,2021-03-30
4091,Anchor Health Corp. 2,SMB,Manufacturing,13,2019-04-20
4092,Harbor Health Inc. 4,SMB,Professional Services,21,2024-02-27
4093,Silverline Holdings LLC 3,SMB,Professional Services,17,2020-09-07
4094,Cascade Group Ltd. 3,Mid-Market,Retail,29,2020-10-10
4095,Everest Financial Ltd. 1,SMB,Manufacturing,3,2023-06-04
4096,Sterling Systems LLC 2,Mid-Market,Healthcare,29,2024-03-03
4097,Union Logistics Inc. 3,SMB,Professional Services,24,2021-11-07
4098,Sterling Dynamics Inc. 2,Mid-Market,Healthcare,22,2025-08-11
4099,Insight Analytics Corp. 1,SMB,Technology,25,2020-02-18
4100,Palisade Financial Corp.,SMB,Manufacturing,2,2022-09-09
4101,Delta Partners Co. 2,SMB,Finance,7,2023-04-27
4102,Summit Holdings Corp. 3,SMB,Manufacturing,1,2023-04-28
4103,Anchor Partners LLC 1,Mid-Market,Professional Services,24,2023-08-06
4104,Northwind Analytics Ltd. 1,SMB,Healthcare,11,2023-06-09
4105,Pioneer Dynamics Co. 3,SMB,Professional Services,11,2024-07-16
4106,Crestline Consulting Co.,Enterprise,Healthcare,19,2024-09-11
4107,Delta Partners Inc. 4,SMB,Finance,13,2025-11-03
4108,Delta Analytics Corp. 1,SMB,Technology,20,2025-07-29
4109,Northwind Industries Co.,SMB,Retail,29,2022-08-21
4110,Vertex Partners Co. 2,SMB,Professional Services,10,2023-12-10
4111,Meridian Partners Ltd. 5,Mid-Market,Professional Services,27,2021-10-25
4112,Northwind Manufacturing Inc. 1,SMB,Healthcare,16,2023-07-22
4113,Orbit Consulting LLC,Enterprise,Education,12,2019-01-20
4114,Catalyst Analytics Co. 3,Mid-Market,Technology,28,2021-07-28
4115,Northwind Health Inc.,Mid-Market,Retail,15,2025-05-26
4116,Vertex Materials Ltd. 4,Mid-Market,Retail,4,2023-09-22
4117,Pioneer Systems Corp.,Enterprise,Healthcare,9,2019-02-14
4118,Palisade Ventures Ltd. 5,SMB,Technology,26,2022-08-28
4119,Vertex Systems Ltd. 1,Mid-Market,Technology,16,2021-07-24
4120,Horizon Networks Inc. 2,Mid-Market,Retail,17,2024-08-29
4121,Delta Manufacturing Inc. 1,Mid-Market,Retail,21,2019-10-21
4122,Apex Partners LLC,SMB,Technology,6,2023-03-24
4123,Sterling Ventures Co. 3,Mid-Market,Manufacturing,3,2023-12-26
4124,Global Materials Co. 2,Mid-Market,Education,14,2023-03-02
4125,Harbor Consulting Ltd. 2,SMB,Healthcare,28,2020-12-02
4126,Anchor Logistics LLC,Enterprise,Retail,4,2024-07-20
4127,Delta Financial Co.,SMB,Finance,22,2024-07-21
4128,Sterling Ventures Ltd.,Enterprise,Healthcare,30,2021-07-11
4129,Meridian Holdings LLC 1,Mid-Market,Finance,3,2020-11-12
4130,Insight Ventures Ltd. 2,Mid-Market,Finance,4,2023-08-24
4131,Catalyst Enterprises Corp. 4,SMB,Manufacturing,27,2021-07-29
4132,Apex Systems Corp. 4,Mid-Market,Healthcare,4,2021-06-01
4133,Brightpath Health LLC 1,SMB,Finance,23,2022-02-25
4134,Ironclad Materials Ltd. 3,Mid-Market,Retail,24,2022-03-16
4135,Crestline Consulting LLC 4,SMB,Finance,10,2024-10-21
4136,Orbit Ventures Co. 5,Mid-Market,Retail,9,2025-09-01
4137,Insight Manufacturing Inc. 1,Enterprise,Technology,16,2023-12-29
4138,Apex Partners LLC 1,Mid-Market,Technology,16,2019-08-14
4139,Granite Health Inc.,SMB,Professional Services,26,2021-05-13
4140,Anchor Manufacturing LLC,Mid-Market,Manufacturing,18,2020-04-29
4141,Pioneer Partners Ltd. 2,SMB,Retail,30,2023-08-23
4142,Northwind Ventures Co.,SMB,Education,8,2023-03-09
4143,Everest Technologies Inc. 3,SMB,Healthcare,9,2025-11-16
4144,Anchor Partners LLC 2,Mid-Market,Professional Services,8,2022-02-18
4145,Apex Solutions Inc.,SMB,Finance,20,2019-09-27
4146,Nova Industries Co. 1,SMB,Professional Services,2,2023-03-10
4147,Granite Foods Corp. 1,SMB,Finance,26,2021-07-26
4148,Nova Networks LLC 1,SMB,Finance,24,2020-03-30
4149,Union Retail Ltd. 4,SMB,Retail,30,2021-08-06
4150,Insight Consulting Inc. 3,SMB,Healthcare,29,2020-08-31
4151,Nova Holdings Ltd. 1,SMB,Retail,3,2020-05-19
4152,Summit Holdings Inc. 1,Enterprise,Professional Services,23,2022-05-21
4153,Delta Enterprises Corp. 4,SMB,Retail,16,2024-09-01
4154,Harbor Industries Inc. 1,Mid-Market,Technology,23,2025-03-13
4155,Redwood Manufacturing LLC,SMB,Retail,27,2020-10-27
4156,Horizon Enterprises Ltd.,SMB,Technology,18,2022-02-20
4157,Summit Solutions Corp.,Enterprise,Technology,1,2024-11-24
4158,Granite Logistics Corp.,Enterprise,Healthcare,26,2025-12-02
4159,Catalyst Foods Ltd. 3,Enterprise,Finance,14,2024-12-12
4160,Falcon Health Co. 2,Mid-Market,Technology,14,2022-06-16
4161,Catalyst Networks LLC 2,Enterprise,Technology,18,2025-02-02
4162,Meridian Industries Co. 1,SMB,Education,28,2023-12-12
4163,Silverline Retail Inc. 2,SMB,Manufacturing,16,2019-10-18
4164,Cascade Manufacturing Co.,SMB,Healthcare,7,2019-08-04
4165,Anchor Materials Co. 2,Mid-Market,Manufacturing,22,2025-07-21
4166,Pioneer Systems Corp. 1,SMB,Retail,19,2025-06-20
4167,Summit Group Inc.,Enterprise,Education,2,2022-03-17
4168,Harbor Group Corp. 1,SMB,Finance,16,2023-08-19
4169,Northwind Analytics LLC,Mid-Market,Healthcare,24,2021-02-18
4170,Summit Ventures Corp.,Enterprise,Professional Services,27,2023-11-28
4171,Palisade Analytics LLC 1,Mid-Market,Retail,9,2022-02-14
4172,Cascade Dynamics Inc. 2,SMB,Professional Services,16,2021-06-09
4173,Horizon Partners Co. 1,Enterprise,Finance,25,2022-01-31
4174,Orbit Technologies Co. 1,SMB,Technology,18,2022-03-10
4175,Orbit Group Corp. 2,SMB,Finance,13,2025-08-06
4176,Union Technologies Co. 1,SMB,Finance,6,2025-03-12
4177,Granite Foods Co. 2,Mid-Market,Education,2,2020-05-11
4178,Falcon Ventures Co. 1,Enterprise,Education,21,2020-12-12
4179,Delta Ventures Co. 1,Mid-Market,Technology,29,2021-02-04
4180,Silverline Retail Inc. 3,Mid-Market,Retail,19,2019-01-30
4181,Ironclad Analytics Ltd.,SMB,Finance,24,2022-05-18
4182,Pioneer Partners Co. 2,Mid-Market,Retail,21,2019-11-15
4183,Brightpath Partners Inc. 4,Mid-Market,Finance,11,2025-12-06
4184,Palisade Solutions Inc.,Enterprise,Manufacturing,16,2024-04-29
4185,Falcon Analytics LLC 2,SMB,Education,9,2020-04-12
4186,Summit Retail Co.,Mid-Market,Finance,7,2023-12-08
4187,Everest Analytics Co.,SMB,Healthcare,18,2021-05-20
4188,Redwood Enterprises Corp. 3,Enterprise,Retail,20,2023-06-06
4189,Apex Partners Co. 1,SMB,Professional Services,30,2022-04-17
4190,Insight Networks Inc. 3,SMB,Manufacturing,8,2019-12-21
4191,Orbit Group Co. 2,Mid-Market,Professional Services,9,2022-03-21
4192,Meridian Technologies Co. 1,Enterprise,Healthcare,5,2025-09-24
4193,Vertex Networks Co.,Mid-Market,Education,29,2024-03-27
4194,Apex Holdings LLC 1,Mid-Market,Professional Services,24,2023-05-21
4195,Apex Analytics Ltd. 2,Mid-Market,Finance,10,2024-11-26
4196,Crestline Health LLC 2,SMB,Healthcare,30,2024-10-19
4197,Crestline Technologies Corp. 2,SMB,Retail,22,2025-03-20
4198,Orbit Systems Co.,Mid-Market,Professional Services,15,2019-10-06
4199,Union Retail Corp.,SMB,Technology,12,2019-11-27
4200,Insight Group Ltd. 2,Mid-Market,Retail,18,2024-08-03
4201,Catalyst Group Corp. 1,SMB,Professional Services,3,2025-12-19
4202,Silverline Retail Inc. 4,Enterprise,Technology,6,2022-12-08
4203,Granite Foods Inc. 1,SMB,Manufacturing,29,2025-09-30
4204,Ironclad Manufacturing Ltd.,SMB,Technology,7,2023-08-22
4205,Meridian Technologies LLC,Enterprise,Healthcare,5,2019-08-07
4206,Horizon Analytics LLC 1,Mid-Market,Manufacturing,26,2025-06-25
4207,Meridian Analytics Inc. 1,Mid-Market,Finance,29,2024-11-15
4208,Summit Networks Co.,SMB,Technology,25,2022-10-01
4209,Nova Manufacturing Inc.,SMB,Education,4,2024-03-16
4210,Harbor Logistics Corp. 1,SMB,Healthcare,26,2021-06-17
4211,Vertex Ventures LLC 1,SMB,Professional Services,9,2023-04-23
4212,Brightpath Logistics Co. 2,SMB,Healthcare,1,2021-11-22
4213,Pioneer Financial Ltd. 3,Mid-Market,Manufacturing,28,2022-09-09
4214,Union Systems Inc. 2,SMB,Education,9,2023-06-16
4215,Insight Industries Ltd. 2,SMB,Manufacturing,20,2019-05-18
4216,Orbit Technologies Inc. 3,Mid-Market,Finance,3,2019-09-03
4217,Pioneer Solutions Corp. 2,SMB,Education,6,2019-07-30
4218,Global Enterprises LLC 3,Enterprise,Technology,27,2023-03-01
4219,Beacon Industries Ltd. 1,Mid-Market,Education,18,2021-11-21
4220,Pioneer Technologies Corp. 1,SMB,Retail,30,2022-07-02
4221,Northwind Logistics Corp. 1,Mid-Market,Education,6,2022-07-02
4222,Everest Retail Co. 2,Enterprise,Finance,27,2019-04-14
4223,Ironclad Foods Corp. 3,Mid-Market,Finance,27,2024-07-27
4224,Falcon Holdings LLC 2,SMB,Retail,28,2023-11-26
4225,Falcon Industries Corp. 1,SMB,Retail,2,2023-10-25
4226,Sterling Analytics Co.,Enterprise,Professional Services,4,2019-03-29
4227,Harbor Materials Inc. 6,Enterprise,Professional Services,16,2023-07-24
4228,Summit Health LLC 3,Mid-Market,Technology,4,2022-07-03
4229,Prime Networks Corp. 1,SMB,Healthcare,2,2024-04-28
4230,Crestline Industries LLC 1,Mid-Market,Professional Services,25,2019-09-05
4231,Granite Health Ltd.,SMB,Finance,21,2024-03-23
4232,Union Group Inc. 1,SMB,Retail,26,2025-09-24
4233,Prime Dynamics LLC 5,Mid-Market,Technology,29,2024-12-15
4234,Horizon Networks Corp. 2,SMB,Technology,5,2025-04-04
4235,Delta Financial Co. 1,SMB,Finance,25,2019-07-13
4236,Everest Dynamics LLC 1,SMB,Education,2,2022-09-15
4237,Global Manufacturing LLC 1,Mid-Market,Education,12,2020-09-22
4238,Bluepeak Logistics Co. 1,SMB,Professional Services,9,2022-10-24
4239,Ironclad Financial Corp.,SMB,Healthcare,8,2023-12-12
4240,Prime Financial LLC 1,SMB,Healthcare,22,2024-03-23
4241,Anchor Consulting Co. 1,SMB,Manufacturing,4,2025-12-09
4242,Beacon Solutions Inc. 1,Mid-Market,Manufacturing,25,2025-09-13
4243,Everest Partners Ltd. 1,SMB,Technology,27,2020-09-23
4244,Catalyst Ventures Co.,SMB,Manufacturing,20,2025-05-29
4245,Everest Foods Corp.,Mid-Market,Professional Services,3,2025-03-09
4246,Bluepeak Materials Co. 1,Enterprise,Healthcare,18,2024-01-24
4247,Crestline Enterprises Ltd. 2,Mid-Market,Education,19,2020-10-20
4248,Northwind Ventures Corp. 1,SMB,Manufacturing,12,2020-04-26
4249,Everest Partners Inc. 2,Mid-Market,Manufacturing,12,2022-01-18
4250,Sterling Consulting Inc. 1,SMB,Retail,15,2019-04-10
4251,Northwind Enterprises Ltd. 2,Enterprise,Retail,30,2020-12-26
4252,Anchor Ventures Ltd. 3,Mid-Market,Retail,1,2019-07-07
4253,Prime Retail Ltd. 2,SMB,Technology,16,2022-09-02
4254,Prime Foods LLC 1,Enterprise,Finance,10,2023-04-25
4255,Global Analytics Inc.,SMB,Education,17,2019-10-12
4256,Harbor Materials Inc. 7,Mid-Market,Technology,1,2025-02-11
4257,Prime Technologies Inc. 1,SMB,Education,28,2019-09-05
4258,Beacon Technologies LLC 2,Mid-Market,Manufacturing,14,2021-10-09
4259,Pioneer Foods Co.,SMB,Technology,30,2022-07-04
4260,Summit Logistics Ltd. 5,SMB,Technology,5,2023-01-27
4261,Palisade Networks Inc. 1,Enterprise,Professional Services,18,2021-03-26
4262,Apex Ventures LLC 1,Enterprise,Technology,21,2023-12-28
4263,Nova Industries Co. 2,Enterprise,Technology,24,2021-05-22
4264,Northwind Technologies Corp. 2,SMB,Technology,1,2020-10-07
4265,Brightpath Solutions LLC,SMB,Retail,20,2022-03-04
4266,Global Manufacturing LLC 2,Mid-Market,Professional Services,5,2019-10-17
4267,Pioneer Industries LLC,Mid-Market,Healthcare,13,2025-10-05
4268,Bluepeak Systems Corp. 2,SMB,Education,2,2022-11-07
4269,Anchor Ventures Corp.,SMB,Education,2,2020-01-04
4270,Apex Analytics Corp. 2,SMB,Healthcare,23,2024-07-27
4271,Crestline Group Ltd. 1,Mid-Market,Technology,22,2024-01-16
4272,Vertex Ventures LLC 2,SMB,Manufacturing,27,2022-01-05
4273,Northwind Industries Corp. 1,SMB,Technology,22,2025-11-19
4274,Prime Networks Co. 2,Mid-Market,Technology,18,2022-07-03
4275,Sterling Dynamics LLC,Enterprise,Manufacturing,4,2020-06-27
4276,Apex Partners Co. 2,Enterprise,Education,23,2024-07-15
4277,Harbor Retail Corp.,SMB,Professional Services,7,2025-07-01
4278,Prime Industries LLC 4,Mid-Market,Retail,4,2020-11-01
4279,Insight Consulting Ltd. 4,SMB,Healthcare,22,2019-01-18
4280,Anchor Group LLC 1,SMB,Finance,18,2023-04-07
4281,Bluepeak Enterprises LLC 3,SMB,Retail,5,2024-02-16
4282,Northwind Holdings LLC,SMB,Healthcare,17,2020-10-28
4283,Harbor Analytics Corp. 1,Mid-Market,Manufacturing,21,2025-09-29
4284,Insight Industries Inc. 1,SMB,Education,15,2020-03-04
4285,Union Industries LLC 1,Enterprise,Education,22,2024-08-09
4286,Summit Partners Ltd.,SMB,Technology,16,2025-02-17
4287,Granite Retail LLC,SMB,Finance,11,2020-03-12
4288,Silverline Systems Corp. 2,SMB,Healthcare,7,2022-07-05
4289,Global Technologies LLC 1,SMB,Manufacturing,8,2019-03-13
4290,Delta Enterprises Co. 2,Mid-Market,Healthcare,25,2023-06-29
4291,Global Systems LLC 1,SMB,Professional Services,12,2022-10-28
4292,Cascade Logistics Ltd. 1,SMB,Professional Services,22,2024-06-12
4293,Apex Dynamics Ltd.,SMB,Finance,11,2022-07-05
4294,Orbit Consulting Corp. 1,Enterprise,Finance,16,2021-06-23
4295,Delta Industries Co. 2,Mid-Market,Manufacturing,19,2019-12-16
4296,Pioneer Technologies Co. 3,SMB,Technology,15,2019-05-11
4297,Nova Technologies Inc. 1,Enterprise,Professional Services,23,2022-09-13
4298,Harbor Analytics Corp. 2,SMB,Education,28,2025-06-06
4299,Vertex Analytics Inc. 1,SMB,Finance,26,2024-05-11
4300,Pioneer Solutions Co. 1,SMB,Manufacturing,28,2021-10-01
4301,Brightpath Networks Co.,Enterprise,Finance,1,2025-11-19
4302,Crestline Analytics Corp. 1,SMB,Healthcare,23,2020-04-15
4303,Harbor Systems LLC 2,Enterprise,Finance,22,2025-12-24
4304,Nova Solutions Co. 2,Mid-Market,Technology,13,2020-08-11
4305,Brightpath Consulting LLC 1,SMB,Education,10,2020-03-05
4306,Granite Manufacturing Ltd. 1,Enterprise,Retail,2,2025-01-02
4307,Anchor Analytics Ltd.,Enterprise,Professional Services,26,2022-04-13
4308,Global Enterprises LLC 4,Enterprise,Technology,26,2025-03-29
4309,Vertex Health LLC 3,SMB,Retail,3,2024-03-26
4310,Pioneer Solutions Co. 2,SMB,Manufacturing,18,2020-02-05
4311,Granite Technologies Corp. 2,Enterprise,Retail,17,2019-11-08
4312,Horizon Consulting Corp.,Enterprise,Professional Services,6,2022-02-15
4313,Summit Retail Co. 1,SMB,Finance,17,2022-12-06
4314,Cascade Systems Corp. 2,Mid-Market,Technology,25,2021-12-17
4315,Crestline Analytics Corp. 2,SMB,Technology,10,2020-06-25
4316,Nova Financial LLC 1,SMB,Manufacturing,22,2020-07-10
4317,Orbit Manufacturing Ltd. 2,SMB,Healthcare,30,2022-07-27
4318,Granite Foods Inc. 2,SMB,Technology,14,2019-02-06
4319,Horizon Group LLC 1,SMB,Healthcare,4,2022-01-26
4320,Insight Foods Co. 1,SMB,Healthcare,9,2019-03-26
4321,Sterling Enterprises LLC 1,Mid-Market,Technology,5,2025-02-09
4322,Cascade Group Co. 3,Enterprise,Manufacturing,11,2023-05-05
4323,Palisade Technologies Co. 3,SMB,Retail,20,2020-02-14
4324,Bluepeak Retail LLC 1,Enterprise,Finance,7,2024-05-18
4325,Horizon Analytics Co.,SMB,Technology,16,2022-06-13
4326,Prime Materials Ltd. 2,SMB,Retail,30,2022-07-29
4327,Global Analytics Co. 1,SMB,Technology,8,2020-10-16
4328,Sterling Group Corp. 3,Mid-Market,Education,27,2021-10-03
4329,Apex Technologies Inc.,Mid-Market,Finance,10,2025-02-22
4330,Vertex Consulting Corp.,SMB,Finance,19,2020-01-12
4331,Global Group Co. 2,Mid-Market,Healthcare,5,2023-05-14
4332,Summit Consulting Inc. 1,SMB,Healthcare,9,2020-07-08
4333,Granite Health Inc. 1,SMB,Healthcare,27,2022-02-10
4334,Global Analytics Co. 2,SMB,Manufacturing,18,2019-11-08
4335,Union Enterprises Corp. 1,SMB,Healthcare,18,2019-07-20
4336,Northwind Health Corp.,Enterprise,Retail,16,2022-05-22
4337,Nova Manufacturing Ltd.,Mid-Market,Healthcare,8,2021-11-12
4338,Crestline Enterprises Ltd. 3,SMB,Manufacturing,28,2025-06-12
4339,Apex Financial Corp. 2,Enterprise,Manufacturing,12,2023-11-20
4340,Northwind Partners Ltd. 1,Mid-Market,Retail,1,2025-04-11
4341,Delta Holdings Corp.,Mid-Market,Education,28,2025-06-30
4342,Union Solutions LLC 2,Enterprise,Manufacturing,2,2019-02-18
4343,Delta Consulting Ltd.,SMB,Education,27,2025-02-26
4344,Palisade Logistics LLC 2,Mid-Market,Healthcare,8,2025-09-15
4345,Granite Materials Co.,SMB,Education,3,2022-03-02
4346,Pioneer Solutions LLC 1,Mid-Market,Finance,7,2023-06-14
4347,Nova Partners Inc. 2,SMB,Retail,20,2021-06-03
4348,Meridian Solutions Co.,Mid-Market,Manufacturing,17,2019-09-10
4349,Redwood Partners Inc. 1,SMB,Professional Services,5,2020-11-02
4350,Catalyst Financial Co. 2,Enterprise,Healthcare,10,2019-07-25
4351,Pioneer Retail Ltd. 2,SMB,Manufacturing,7,2022-05-29
4352,Pioneer Enterprises Corp.,Mid-Market,Healthcare,20,2023-07-29
4353,Catalyst Industries LLC 3,Mid-Market,Retail,26,2019-01-14
4354,Ironclad Financial LLC 1,Mid-Market,Technology,8,2020-08-07
4355,Meridian Technologies Inc. 1,SMB,Finance,27,2019-07-08
4356,Horizon Solutions Co. 1,SMB,Technology,13,2025-10-04
4357,Palisade Networks LLC 2,Mid-Market,Finance,3,2024-08-14
4358,Delta Health Inc.,Mid-Market,Manufacturing,10,2019-03-21
4359,Global Materials Inc.,SMB,Finance,27,2024-09-11
4360,Summit Dynamics Ltd.,SMB,Finance,25,2024-10-15
4361,Catalyst Enterprises Corp. 5,Mid-Market,Healthcare,22,2024-08-20
4362,Falcon Industries LLC 2,SMB,Education,12,2025-02-23
4363,Horizon Group Co.,SMB,Education,24,2022-04-12
4364,Anchor Ventures LLC 4,SMB,Manufacturing,22,2020-09-03
4365,Everest Networks Co. 2,Mid-Market,Technology,24,2025-02-02
4366,Pioneer Financial Inc. 1,Mid-Market,Technology,17,2024-11-03
4367,Vertex Networks Corp. 1,Mid-Market,Retail,16,2020-12-03
4368,Pioneer Foods Inc. 1,SMB,Professional Services,30,2023-01-24
4369,Catalyst Analytics Inc. 1,Mid-Market,Professional Services,29,2022-11-24
4370,Catalyst Logistics Ltd. 3,SMB,Finance,17,2022-05-31
4371,Nova Retail Ltd. 2,SMB,Manufacturing,7,2023-04-05
4372,Vertex Retail Corp. 1,SMB,Healthcare,13,2019-08-03
4373,Sterling Partners Corp. 1,Enterprise,Technology,16,2022-03-08
4374,Falcon Group LLC,Mid-Market,Education,21,2020-12-16
4375,Catalyst Analytics Ltd. 1,Mid-Market,Finance,10,2019-01-07
4376,Vertex Systems Inc. 1,SMB,Manufacturing,2,2022-08-20
4377,Cascade Analytics Corp. 1,SMB,Finance,25,2021-07-21
4378,Summit Networks Co. 1,Mid-Market,Finance,29,2022-01-07
4379,Prime Materials Ltd. 3,SMB,Professional Services,3,2019-10-12
4380,Ironclad Solutions Co. 1,Mid-Market,Education,10,2022-07-16
4381,Bluepeak Manufacturing LLC,Mid-Market,Retail,14,2019-01-02
4382,Union Logistics Inc. 4,Enterprise,Finance,23,2024-06-16
4383,Crestline Systems Co. 2,SMB,Education,24,2023-05-24
4384,Ironclad Logistics Corp.,Mid-Market,Finance,11,2022-09-11
4385,Union Ventures Ltd. 1,Mid-Market,Manufacturing,10,2023-05-09
4386,Vertex Networks Co. 1,SMB,Healthcare,13,2021-04-07
4387,Summit Consulting LLC 1,SMB,Retail,8,2021-07-01
4388,Bluepeak Partners Inc.,Enterprise,Technology,14,2024-07-09
4389,Summit Consulting Co. 2,Enterprise,Education,8,2023-04-04
4390,Nova Holdings LLC 3,SMB,Retail,2,2024-07-15
4391,Crestline Group Inc.,Mid-Market,Technology,22,2025-04-25
4392,Bluepeak Industries Corp. 2,Mid-Market,Manufacturing,24,2020-09-30
4393,Crestline Industries Inc. 2,SMB,Healthcare,9,2025-05-26
4394,Summit Solutions Inc.,Mid-Market,Manufacturing,13,2023-08-21
4395,Vertex Technologies Ltd. 2,SMB,Technology,13,2022-12-04
4396,Falcon Analytics Inc. 4,Mid-Market,Education,1,2022-07-10
4397,Anchor Holdings Ltd. 1,Mid-Market,Manufacturing,17,2022-04-13
4398,Orbit Dynamics Corp. 1,Enterprise,Finance,14,2019-07-08
4399,Global Technologies Inc. 3,Mid-Market,Professional Services,29,2019-05-20
4400,Bluepeak Networks Co.,Enterprise,Retail,12,2020-06-04
4401,Granite Holdings Inc. 3,Mid-Market,Retail,24,2019-08-10
4402,Delta Partners Ltd.,SMB,Healthcare,12,2019-03-04
4403,Beacon Industries Inc. 2,SMB,Manufacturing,6,2025-11-05
4404,Prime Logistics Corp.,Mid-Market,Retail,11,2020-06-26
4405,Meridian Group Inc. 1,SMB,Professional Services,27,2025-11-21
4406,Global Ventures Co.,SMB,Retail,8,2022-10-23
4407,Everest Financial Corp. 1,SMB,Healthcare,26,2020-05-05
4408,Pioneer Enterprises Inc. 3,Mid-Market,Retail,20,2020-01-07
4409,Union Logistics Inc. 5,Mid-Market,Technology,23,2020-05-28
4410,Crestline Foods Corp. 1,Mid-Market,Finance,23,2021-07-18
4411,Brightpath Partners Corp. 3,Enterprise,Professional Services,16,2020-06-07
4412,Delta Solutions LLC,Mid-Market,Education,19,2024-10-17
4413,Northwind Analytics Ltd. 2,SMB,Professional Services,3,2021-07-27
4414,Global Consulting Ltd. 3,SMB,Finance,21,2022-09-08
4415,Sterling Enterprises Ltd. 3,Enterprise,Retail,22,2022-07-05
4416,Redwood Dynamics Ltd. 1,Mid-Market,Retail,4,2023-08-13
4417,Nova Systems Co. 3,Mid-Market,Healthcare,16,2025-12-24
4418,Summit Manufacturing LLC 1,Mid-Market,Professional Services,16,2022-02-07
4419,Redwood Logistics Inc.,SMB,Professional Services,10,2021-04-04
4420,Union Logistics Inc. 6,Enterprise,Technology,2,2025-10-25
4421,Pioneer Partners Inc. 1,SMB,Education,1,2025-12-24
4422,Brightpath Technologies LLC 1,SMB,Manufacturing,7,2024-06-19
4423,Orbit Manufacturing Inc. 2,SMB,Retail,7,2024-07-31
4424,Nova Consulting Co. 1,SMB,Manufacturing,7,2022-10-09
4425,Union Technologies LLC 2,SMB,Healthcare,19,2021-06-18
4426,Sterling Solutions LLC 3,Mid-Market,Technology,13,2023-05-01
4427,Nova Enterprises Corp. 2,Enterprise,Manufacturing,4,2024-10-11
4428,Palisade Systems Corp.,SMB,Education,3,2021-08-14
4429,Horizon Technologies Inc.,Enterprise,Education,20,2022-09-29
4430,Brightpath Consulting Co. 1,SMB,Healthcare,29,2024-06-03
4431,Delta Group Ltd. 3,Mid-Market,Professional Services,25,2020-06-17
4432,Harbor Enterprises Co. 2,Mid-Market,Finance,23,2023-04-10
4433,Prime Ventures Co.,Mid-Market,Manufacturing,10,2024-06-05
4434,Bluepeak Technologies Co.,SMB,Finance,22,2019-05-14
4435,Apex Holdings LLC 2,Mid-Market,Manufacturing,3,2020-10-10
4436,Insight Group Ltd. 3,Mid-Market,Manufacturing,6,2019-03-06
4437,Northwind Networks Inc. 1,Mid-Market,Retail,5,2019-01-17
4438,Delta Manufacturing LLC 1,SMB,Manufacturing,6,2022-05-05
4439,Harbor Industries Ltd. 2,SMB,Manufacturing,11,2023-11-26
4440,Silverline Enterprises Ltd. 2,Mid-Market,Retail,2,2021-09-06
4441,Palisade Ventures Ltd. 6,SMB,Finance,25,2023-05-07
4442,Silverline Retail Ltd. 1,Mid-Market,Manufacturing,22,2020-05-04
4443,Brightpath Logistics Inc. 1,SMB,Technology,20,2024-11-07
4444,Prime Consulting Corp.,Enterprise,Professional Services,6,2021-07-15
4445,Everest Foods Ltd. 1,Mid-Market,Technology,27,2023-12-13
4446,Pioneer Analytics Inc. 1,SMB,Professional Services,1,2019-11-29
4447,Sterling Logistics LLC,SMB,Education,30,2024-09-22
4448,Granite Manufacturing Corp. 1,Mid-Market,Professional Services,22,2022-08-17
4449,Delta Financial Ltd. 1,SMB,Technology,7,2025-10-16
4450,Beacon Materials Co.,SMB,Healthcare,6,2021-11-02
4451,Sterling Holdings Ltd. 4,Mid-Market,Technology,21,2025-02-09
4452,Harbor Enterprises Co. 3,SMB,Finance,25,2021-11-19
4453,Everest Analytics LLC 3,SMB,Professional Services,14,2019-10-03
4454,Crestline Logistics LLC 1,Mid-Market,Education,2,2023-10-24
4455,Union Networks LLC 1,SMB,Retail,15,2020-04-12
4456,Meridian Consulting Co. 2,Mid-Market,Education,15,2024-08-06
4457,Prime Dynamics Ltd. 1,SMB,Technology,10,2021-05-05
4458,Delta Ventures Corp. 2,Enterprise,Education,28,2024-04-17
4459,Summit Analytics Corp. 1,Mid-Market,Finance,11,2022-05-15
4460,Pioneer Retail LLC 3,SMB,Retail,8,2022-10-04
4461,Pioneer Financial Co. 1,SMB,Education,21,2024-02-21
4462,Horizon Analytics Ltd.,SMB,Retail,19,2023-08-27
4463,Redwood Materials Corp.,SMB,Finance,19,2023-08-25
4464,Harbor Materials Ltd. 2,Enterprise,Retail,16,2023-08-12
4465,Insight Partners Ltd.,Mid-Market,Manufacturing,10,2023-02-04
4466,Granite Health LLC,Mid-Market,Retail,8,2024-08-25
4467,Beacon Logistics Ltd. 2,Mid-Market,Manufacturing,4,2021-02-05
4468,Orbit Retail Ltd. 3,Mid-Market,Finance,6,2020-04-09
4469,Catalyst Holdings Ltd.,SMB,Healthcare,18,2024-02-23
4470,Crestline Partners Inc. 1,SMB,Finance,13,2022-10-11
4471,Sterling Consulting Inc. 2,Enterprise,Education,23,2025-04-20
4472,Global Manufacturing Inc.,Mid-Market,Professional Services,25,2025-10-02
4473,Granite Networks LLC,SMB,Technology,17,2025-01-25
4474,Insight Holdings Inc. 1,Mid-Market,Healthcare,4,2022-10-31
4475,Beacon Holdings Corp. 1,Enterprise,Manufacturing,1,2024-04-11
4476,Vertex Analytics Co.,Mid-Market,Retail,7,2021-05-04
4477,Prime Systems Inc.,Mid-Market,Healthcare,9,2019-02-07
4478,Beacon Solutions LLC,Mid-Market,Finance,3,2024-06-17
4479,Silverline Health Inc. 2,SMB,Technology,24,2024-06-20
4480,Ironclad Financial Inc. 1,Mid-Market,Technology,12,2019-01-21
4481,Meridian Industries Inc.,SMB,Healthcare,23,2025-01-16
4482,Everest Solutions Ltd. 1,SMB,Education,7,2025-03-02
4483,Nova Partners Co. 2,SMB,Professional Services,1,2021-03-30
4484,Orbit Manufacturing Ltd. 3,Enterprise,Manufacturing,5,2019-02-14
4485,Horizon Technologies Ltd. 2,Enterprise,Healthcare,15,2025-02-17
4486,Palisade Financial Inc. 2,Mid-Market,Professional Services,15,2019-06-30
4487,Crestline Enterprises Co. 1,Mid-Market,Healthcare,14,2020-08-16
4488,Crestline Logistics Corp. 1,Mid-Market,Healthcare,29,2022-10-18
4489,Vertex Technologies Co.,SMB,Technology,20,2024-09-18
4490,Everest Partners LLC 1,Mid-Market,Finance,22,2024-06-21
4491,Horizon Analytics Ltd. 1,Enterprise,Education,4,2023-10-08
4492,Falcon Consulting Corp. 2,Mid-Market,Finance,14,2024-10-19
4493,Granite Holdings Corp. 1,SMB,Manufacturing,19,2023-10-18
4494,Harbor Networks Inc. 1,SMB,Finance,18,2023-06-18
4495,Bluepeak Technologies Corp. 1,SMB,Professional Services,29,2020-03-04
4496,Sterling Networks Inc. 2,SMB,Retail,15,2022-01-29
4497,Delta Holdings Ltd. 1,SMB,Retail,12,2022-02-27
4498,Apex Financial Ltd. 2,SMB,Manufacturing,29,2019-02-17
4499,Summit Group Co.,Mid-Market,Manufacturing,11,2021-11-02
4500,Horizon Enterprises Corp. 1,SMB,Professional Services,18,2020-08-03
4501,Insight Consulting Co. 2,SMB,Retail,1,2019-08-18
4502,Apex Systems Co. 1,Mid-Market,Education,5,2022-10-28
4503,Beacon Holdings Corp. 2,SMB,Technology,2,2020-08-28
4504,Everest Financial Co. 2,Mid-Market,Professional Services,13,2020-05-01
4505,Granite Ventures Ltd.,SMB,Professional Services,28,2024-07-04
4506,Redwood Holdings LLC,Enterprise,Retail,3,2024-09-01
4507,Redwood Networks Corp. 2,SMB,Professional Services,30,2023-08-17
4508,Beacon Retail Inc. 1,SMB,Manufacturing,27,2020-04-29
4509,Sterling Technologies LLC,Enterprise,Healthcare,1,2023-06-06
4510,Catalyst Group LLC,Mid-Market,Retail,1,2023-12-29
4511,Bluepeak Holdings LLC 1,Enterprise,Retail,28,2020-08-19
4512,Harbor Ventures LLC 2,Enterprise,Healthcare,18,2019-12-06
4513,Meridian Logistics Inc.,SMB,Healthcare,6,2022-01-13
4514,Prime Logistics Corp. 1,Mid-Market,Finance,29,2021-12-20
4515,Beacon Dynamics LLC,Mid-Market,Manufacturing,17,2020-01-27
4516,Union Partners LLC 1,Mid-Market,Healthcare,20,2020-05-05
4517,Summit Logistics Ltd. 6,SMB,Education,21,2022-07-01
4518,Nova Materials Co. 1,Mid-Market,Technology,7,2022-09-10
4519,Summit Foods Inc. 2,SMB,Professional Services,11,2022-10-06
4520,Brightpath Materials Corp. 3,Mid-Market,Retail,4,2019-04-12
4521,Falcon Systems Co.,Enterprise,Finance,16,2024-07-02
4522,Northwind Enterprises Ltd. 3,SMB,Finance,30,2021-06-18
4523,Pioneer Dynamics Inc. 2,Enterprise,Retail,19,2024-04-08
4524,Everest Health Ltd. 4,SMB,Technology,21,2024-02-23
4525,Anchor Networks Inc.,Mid-Market,Education,6,2023-05-04
4526,Ironclad Holdings Ltd. 1,SMB,Manufacturing,17,2023-06-02
4527,Vertex Group Corp.,SMB,Healthcare,30,2023-08-24
4528,Palisade Technologies Corp. 1,SMB,Professional Services,3,2024-03-25
4529,Bluepeak Networks LLC,Enterprise,Retail,7,2019-12-03
4530,Prime Group Co.,SMB,Healthcare,22,2021-07-11
4531,Crestline Manufacturing Inc. 2,SMB,Retail,1,2024-11-22
4532,Summit Holdings Co. 2,Mid-Market,Finance,7,2022-11-01
4533,Silverline Manufacturing Inc. 1,Mid-Market,Education,29,2019-12-17
4534,Beacon Consulting LLC,SMB,Manufacturing,1,2025-09-23
4535,Delta Ventures Corp. 3,Mid-Market,Professional Services,13,2025-11-29
4536,Anchor Retail Corp.,SMB,Professional Services,10,2022-08-03
4537,Falcon Industries LLC 3,SMB,Technology,12,2022-09-24
4538,Harbor Industries LLC 1,Enterprise,Finance,8,2021-01-16
4539,Horizon Enterprises Corp. 2,SMB,Healthcare,9,2022-08-12
4540,Orbit Logistics Inc.,SMB,Manufacturing,23,2025-10-12
4541,Bluepeak Materials Inc. 2,Mid-Market,Healthcare,1,2020-10-12
4542,Palisade Holdings LLC 2,SMB,Manufacturing,4,2021-02-17
4543,Everest Enterprises Inc. 2,Mid-Market,Healthcare,8,2025-04-13
4544,Falcon Consulting Inc. 1,Mid-Market,Retail,25,2021-09-09
4545,Apex Ventures Inc. 1,SMB,Manufacturing,12,2025-10-21
4546,Redwood Logistics Co. 1,Mid-Market,Professional Services,2,2021-06-12
4547,Pioneer Manufacturing Inc.,SMB,Professional Services,16,2019-01-12
4548,Northwind Technologies Inc.,Enterprise,Retail,19,2025-09-03
4549,Silverline Enterprises Ltd. 3,Mid-Market,Manufacturing,14,2020-08-28
4550,Union Logistics Corp. 2,Enterprise,Education,3,2023-11-10
4551,Catalyst Industries Corp. 3,SMB,Retail,27,2019-05-02
4552,Insight Financial Ltd. 2,SMB,Technology,26,2024-03-27
4553,Bluepeak Consulting Ltd. 3,SMB,Finance,28,2020-07-16
4554,Ironclad Analytics Corp. 3,SMB,Professional Services,29,2024-08-07
4555,Apex Logistics Co. 1,SMB,Finance,10,2025-10-06
4556,Pioneer Health LLC 3,SMB,Technology,13,2019-04-26
4557,Insight Systems LLC 1,SMB,Education,29,2021-07-29
4558,Harbor Financial Corp. 1,SMB,Professional Services,14,2024-01-04
4559,Harbor Holdings Co.,SMB,Retail,26,2025-12-21
4560,Prime Retail Co. 2,SMB,Retail,20,2021-07-16
4561,Sterling Industries Ltd. 1,Mid-Market,Finance,28,2025-12-18
4562,Horizon Partners Inc. 1,Mid-Market,Finance,1,2025-04-17
4563,Palisade Manufacturing Ltd. 2,SMB,Professional Services,22,2024-01-13
4564,Silverline Ventures Inc. 1,Mid-Market,Professional Services,25,2021-09-03
4565,Harbor Systems Co.,Mid-Market,Manufacturing,6,2022-10-04
4566,Cascade Dynamics Inc. 3,SMB,Finance,23,2024-01-16
4567,Sterling Foods Inc. 1,Mid-Market,Healthcare,6,2023-10-19
4568,Sterling Technologies Corp.,Mid-Market,Technology,28,2021-01-07
4569,Catalyst Health Corp. 3,Mid-Market,Manufacturing,28,2022-11-25
4570,Summit Analytics LLC,Mid-Market,Manufacturing,1,2024-11-04
4571,Orbit Financial Corp.,SMB,Retail,16,2022-04-29
4572,Orbit Health Ltd.,SMB,Education,12,2022-12-18
4573,Horizon Holdings Ltd. 1,SMB,Finance,27,2021-04-17
4574,Delta Health Ltd. 2,SMB,Healthcare,10,2020-02-14
4575,Delta Enterprises LLC,SMB,Education,22,2019-06-18
4576,Apex Group Corp. 1,Mid-Market,Education,4,2021-11-03
4577,Palisade Retail Inc. 1,SMB,Manufacturing,7,2023-06-03
4578,Everest Enterprises LLC,Mid-Market,Technology,30,2024-04-26
4579,Crestline Ventures Co. 1,Enterprise,Manufacturing,12,2019-08-03
4580,Union Consulting Inc.,SMB,Retail,23,2021-03-25
4581,Union Group Corp.,SMB,Professional Services,30,2024-08-27
4582,Global Financial Corp. 2,Mid-Market,Manufacturing,29,2019-10-14
4583,Delta Foods LLC 1,SMB,Manufacturing,1,2025-12-13
4584,Beacon Logistics Inc.,Mid-Market,Finance,7,2023-06-06
4585,Crestline Manufacturing Inc. 3,Mid-Market,Finance,22,2025-07-30
4586,Northwind Industries Ltd.,Mid-Market,Technology,28,2024-02-10
4587,Catalyst Analytics Corp. 1,Enterprise,Technology,30,2025-09-29
4588,Delta Health Corp.,SMB,Education,22,2023-08-28
4589,Apex Financial Inc. 2,Mid-Market,Finance,4,2020-11-16
4590,Bluepeak Manufacturing Corp. 2,SMB,Education,23,2024-08-07
4591,Union Financial Inc. 3,Mid-Market,Finance,9,2020-07-31
4592,Pioneer Materials LLC 3,SMB,Professional Services,25,2022-12-15
4593,Insight Logistics Co. 4,SMB,Healthcare,17,2021-08-11
4594,Horizon Foods Corp.,SMB,Healthcare,6,2024-08-04
4595,Everest Technologies Inc. 4,Enterprise,Retail,26,2024-04-25
4596,Summit Ventures Corp. 1,SMB,Education,30,2025-01-17
4597,Falcon Consulting Inc. 2,SMB,Healthcare,16,2020-09-23
4598,Summit Enterprises Inc.,Mid-Market,Manufacturing,25,2025-12-24
4599,Palisade Consulting Ltd.,Mid-Market,Healthcare,2,2024-08-20
4600,Bluepeak Retail Ltd. 3,Mid-Market,Education,9,2021-09-15
4601,Orbit Manufacturing LLC,Mid-Market,Manufacturing,4,2019-11-23
4602,Pioneer Dynamics Ltd.,Mid-Market,Retail,9,2021-06-12
4603,Palisade Networks Inc. 2,Mid-Market,Healthcare,12,2019-09-29
4604,Union Manufacturing Corp. 1,Mid-Market,Finance,13,2023-04-22
4605,Northwind Manufacturing Corp.,SMB,Retail,10,2019-10-16
4606,Silverline Partners Inc. 1,Enterprise,Finance,17,2022-01-05
4607,Ironclad Logistics Ltd. 1,Mid-Market,Retail,7,2023-09-03
4608,Palisade Group Corp.,SMB,Healthcare,11,2022-03-04
4609,Ironclad Health Corp. 4,Mid-Market,Finance,26,2025-03-03
4610,Summit Logistics Ltd. 7,Mid-Market,Technology,17,2020-09-07
4611,Ironclad Foods Ltd.,Mid-Market,Technology,1,2022-09-01
4612,Bluepeak Dynamics Corp. 3,Enterprise,Healthcare,10,2025-05-23
4613,Meridian Dynamics Co. 3,Mid-Market,Manufacturing,25,2021-06-21
4614,Cascade Group Inc. 1,Enterprise,Healthcare,6,2022-04-23
4615,Bluepeak Manufacturing Ltd. 1,Mid-Market,Technology,28,2025-07-12
4616,Prime Consulting LLC 1,SMB,Professional Services,9,2022-06-30
4617,Northwind Manufacturing Corp. 1,SMB,Manufacturing,19,2025-01-18
4618,Anchor Foods Ltd.,Mid-Market,Education,15,2025-07-31
4619,Horizon Logistics Co. 2,Mid-Market,Education,19,2020-10-16
4620,Beacon Foods Corp. 1,Mid-Market,Technology,24,2024-07-01
4621,Orbit Industries Inc. 2,SMB,Retail,5,2023-07-29
4622,Union Dynamics Co.,SMB,Professional Services,11,2025-11-27
4623,Pioneer Analytics Corp. 2,Enterprise,Manufacturing,18,2023-02-05
4624,Horizon Dynamics Inc. 3,Enterprise,Professional Services,8,2024-07-19
4625,Granite Analytics Inc. 2,Mid-Market,Professional Services,12,2021-06-02
4626,Delta Manufacturing Inc. 2,SMB,Manufacturing,27,2023-03-30
4627,Apex Enterprises LLC,SMB,Technology,7,2024-06-13
4628,Granite Manufacturing LLC 3,Enterprise,Retail,6,2025-10-07
4629,Everest Health Co. 1,SMB,Professional Services,18,2020-10-05
4630,Nova Ventures Co. 1,Mid-Market,Retail,3,2019-07-21
4631,Prime Financial Inc. 1,SMB,Education,1,2025-10-31
4632,Vertex Industries LLC,SMB,Manufacturing,27,2023-03-21
4633,Everest Foods LLC 1,Mid-Market,Finance,9,2019-02-14
4634,Everest Retail Corp. 3,Enterprise,Professional Services,4,2022-08-22
4635,Anchor Health Inc.,SMB,Healthcare,20,2025-07-20
4636,Prime Logistics LLC 1,Mid-Market,Manufacturing,15,2025-11-21
4637,Granite Enterprises Corp. 1,SMB,Healthcare,14,2021-04-12
4638,Everest Manufacturing Corp. 1,Mid-Market,Retail,14,2024-06-21
4639,Falcon Health Co. 3,SMB,Professional Services,5,2022-03-18
4640,Bluepeak Retail Co. 1,Mid-Market,Professional Services,26,2021-10-14
4641,Anchor Health LLC 1,Mid-Market,Healthcare,1,2024-04-21
4642,Palisade Financial Co. 2,Mid-Market,Education,15,2020-11-21
4643,Nova Consulting Co. 2,Enterprise,Professional Services,9,2021-12-25
4644,Brightpath Group LLC 1,Mid-Market,Education,20,2020-09-22
4645,Ironclad Technologies Corp. 2,SMB,Manufacturing,17,2019-12-31
4646,Brightpath Retail Ltd. 1,Enterprise,Healthcare,12,2021-08-27
4647,Bluepeak Technologies Co. 1,Enterprise,Manufacturing,17,2025-09-17
4648,Palisade Industries Ltd. 2,Enterprise,Education,7,2021-12-06
4649,Falcon Enterprises Co. 1,Enterprise,Retail,4,2023-10-13
4650,Union Analytics Ltd. 2,SMB,Finance,28,2020-12-29
4651,Falcon Analytics Inc. 5,SMB,Healthcare,19,2025-01-20
4652,Catalyst Group LLC 1,Enterprise,Retail,20,2023-05-17
4653,Northwind Logistics Co. 1,SMB,Finance,30,2025-08-26
4654,Beacon Retail Corp. 3,SMB,Manufacturing,28,2021-04-13
4655,Palisade Materials Inc. 1,SMB,Professional Services,18,2022-10-07
4656,Harbor Health LLC 1,Mid-Market,Technology,24,2020-05-03
4657,Bluepeak Materials Corp. 2,Mid-Market,Healthcare,16,2019-12-14
4658,Nova Industries Corp.,Mid-Market,Professional Services,8,2023-02-05
4659,Palisade Holdings Inc. 2,SMB,Professional Services,19,2024-08-15
4660,Union Technologies LLC 3,SMB,Finance,28,2020-05-25
4661,Union Solutions LLC 3,Mid-Market,Professional Services,27,2023-12-02
4662,Beacon Retail LLC 1,Mid-Market,Healthcare,16,2023-09-13
4663,Redwood Analytics Co. 3,SMB,Technology,29,2022-05-18
4664,Global Health Inc. 1,SMB,Finance,6,2024-05-14
4665,Falcon Partners Ltd. 2,Mid-Market,Manufacturing,2,2023-02-27
4666,Crestline Financial LLC,SMB,Technology,13,2025-08-16
4667,Prime Health Corp.,Mid-Market,Healthcare,7,2024-05-06
4668,Delta Solutions LLC 1,Mid-Market,Education,29,2025-03-16
4669,Catalyst Retail Co. 1,SMB,Retail,4,2021-07-12
4670,Redwood Solutions Co. 1,SMB,Retail,17,2024-09-03
4671,Palisade Enterprises LLC,SMB,Professional Services,24,2025-12-10
4672,Apex Technologies Inc. 1,Mid-Market,Healthcare,4,2020-02-22
4673,Crestline Manufacturing Inc. 4,Mid-Market,Professional Services,2,2022-07-30
4674,Prime Systems Ltd. 1,Mid-Market,Finance,17,2025-01-13
4675,Meridian Foods Co. 1,Enterprise,Professional Services,28,2021-10-10
4676,Bluepeak Enterprises Inc.,Mid-Market,Education,1,2022-07-23
4677,Apex Retail Inc. 1,Enterprise,Healthcare,1,2024-03-25
4678,Palisade Networks Corp. 3,Mid-Market,Healthcare,28,2024-10-08
4679,Brightpath Manufacturing Co. 1,Mid-Market,Manufacturing,19,2020-05-24
4680,Cascade Analytics Ltd. 1,Mid-Market,Manufacturing,22,2021-09-26
4681,Falcon Financial Inc. 4,SMB,Healthcare,9,2021-10-05
4682,Bluepeak Dynamics Co.,Mid-Market,Healthcare,10,2020-01-26
4683,Pioneer Logistics LLC 1,SMB,Professional Services,15,2019-08-21
4684,Everest Partners LLC 2,SMB,Education,7,2024-03-18
4685,Pioneer Systems LLC 1,SMB,Healthcare,14,2024-12-17
4686,Apex Retail Ltd.,Mid-Market,Education,29,2025-08-30
4687,Silverline Manufacturing LLC 3,Mid-Market,Healthcare,23,2025-09-10
4688,Brightpath Dynamics Ltd.,SMB,Manufacturing,27,2025-12-17
4689,Crestline Materials LLC,SMB,Technology,15,2019-08-01
4690,Everest Foods Inc. 3,Enterprise,Retail,24,2021-10-11
4691,Crestline Financial Inc.,Mid-Market,Healthcare,13,2019-07-29
4692,Harbor Networks Corp.,SMB,Healthcare,19,2023-09-29
4693,Sterling Solutions Inc. 5,Mid-Market,Healthcare,22,2025-10-21
4694,Vertex Enterprises Corp. 1,SMB,Healthcare,25,2019-04-04
4695,Meridian Networks Ltd.,Enterprise,Technology,28,2022-09-07
4696,Apex Holdings Corp. 1,Mid-Market,Manufacturing,4,2022-09-25
4697,Everest Manufacturing Corp. 2,SMB,Professional Services,24,2020-02-22
4698,Sterling Networks Inc. 3,Mid-Market,Finance,22,2024-10-31
4699,Meridian Retail Inc. 1,SMB,Education,23,2021-10-05
4700,Palisade Systems Inc. 2,Mid-Market,Manufacturing,1,2021-12-10
4701,Union Analytics Inc. 2,Mid-Market,Healthcare,15,2025-09-24
4702,Brightpath Consulting Corp.,SMB,Technology,29,2020-09-24
4703,Cascade Holdings LLC 2,Mid-Market,Education,28,2021-09-12
4704,Bluepeak Dynamics Ltd.,Mid-Market,Technology,7,2024-05-22
4705,Prime Retail LLC 4,SMB,Finance,15,2022-05-11
4706,Catalyst Dynamics LLC 2,SMB,Technology,26,2023-03-23
4707,Silverline Ventures Corp. 1,SMB,Education,28,2022-05-06
4708,Silverline Logistics LLC 3,Enterprise,Professional Services,10,2020-12-25
4709,Anchor Retail Inc.,Enterprise,Finance,25,2020-02-20
4710,Redwood Ventures Inc. 1,SMB,Finance,26,2024-12-12
4711,Harbor Foods Co. 1,Mid-Market,Manufacturing,5,2020-12-04
4712,Prime Health Inc. 1,Mid-Market,Manufacturing,1,2025-12-24
4713,Summit Solutions LLC,SMB,Finance,2,2019-01-26
4714,Meridian Foods Corp.,Mid-Market,Finance,5,2025-03-04
4715,Redwood Financial Corp. 3,Enterprise,Healthcare,23,2025-08-18
4716,Delta Systems Ltd. 1,Enterprise,Healthcare,12,2019-05-31
4717,Sterling Enterprises Ltd. 4,Mid-Market,Retail,21,2023-05-24
4718,Harbor Group Ltd. 1,SMB,Education,3,2024-06-23
4719,Apex Financial LLC 6,SMB,Education,19,2023-04-22
4720,Ironclad Dynamics Co. 3,Enterprise,Manufacturing,23,2025-02-27
4721,Delta Technologies Inc. 1,Mid-Market,Education,30,2019-12-05
4722,Redwood Industries LLC 3,SMB,Retail,10,2025-08-22
4723,Crestline Materials LLC 1,Mid-Market,Finance,17,2022-11-08
4724,Catalyst Industries LLC 4,Mid-Market,Finance,15,2021-05-30
4725,Falcon Partners Corp.,SMB,Manufacturing,11,2022-09-04
4726,Prime Manufacturing Inc.,SMB,Finance,20,2021-05-17
4727,Ironclad Systems Co. 1,Mid-Market,Education,17,2022-03-10
4728,Delta Technologies Inc. 2,SMB,Healthcare,25,2020-02-04
4729,Nova Financial LLC 2,Enterprise,Technology,1,2024-11-28
4730,Global Enterprises Corp. 2,SMB,Manufacturing,7,2021-09-22
4731,Beacon Partners Co. 1,SMB,Technology,18,2022-04-08
4732,Beacon Retail Corp. 4,SMB,Healthcare,18,2025-05-13
4733,Nova Industries Corp. 1,SMB,Finance,28,2025-05-07
4734,Brightpath Group LLC 2,SMB,Technology,21,2024-07-07
4735,Anchor Retail Ltd. 1,Mid-Market,Healthcare,1,2019-03-18
4736,Harbor Materials Corp. 1,Mid-Market,Manufacturing,15,2025-05-05
4737,Delta Networks Inc. 2,SMB,Finance,26,2020-04-27
4738,Horizon Financial Corp. 2,SMB,Professional Services,27,2022-01-25
4739,Brightpath Manufacturing Co. 2,Mid-Market,Technology,25,2025-04-27
4740,Anchor Analytics Co. 2,SMB,Education,15,2019-08-31
4741,Crestline Financial LLC 1,SMB,Retail,4,2019-12-07
4742,Nova Logistics Ltd.,Mid-Market,Retail,7,2023-01-12
4743,Orbit Enterprises LLC,Enterprise,Retail,26,2022-04-10
4744,Anchor Ventures Ltd. 4,Mid-Market,Technology,11,2021-09-23
4745,Redwood Industries Corp.,Enterprise,Education,23,2024-08-31
4746,Union Networks LLC 2,Enterprise,Finance,2,2025-04-05
4747,Sterling Ventures Co. 4,Mid-Market,Retail,15,2025-12-09
4748,Harbor Dynamics LLC,Enterprise,Finance,29,2019-11-11
4749,Sterling Analytics LLC 1,Mid-Market,Finance,8,2023-09-25
4750,Nova Networks Co. 2,SMB,Retail,1,2025-02-05
4751,Meridian Technologies LLC 1,Mid-Market,Professional Services,9,2020-09-06
4752,Vertex Solutions Inc. 1,SMB,Professional Services,2,2022-05-11
4753,Beacon Logistics Co. 1,SMB,Education,19,2019-01-19
4754,Insight Technologies Corp. 1,SMB,Manufacturing,6,2019-12-11
4755,Catalyst Dynamics Co. 2,SMB,Manufacturing,8,2019-11-17
4756,Prime Logistics Inc. 2,SMB,Professional Services,18,2023-12-14
4757,Palisade Systems Ltd. 3,Mid-Market,Healthcare,10,2023-05-10
4758,Global Networks Inc. 2,SMB,Professional Services,20,2019-04-09
4759,Crestline Partners Corp. 2,Enterprise,Retail,28,2023-03-03
4760,Northwind Partners LLC 2,SMB,Retail,28,2019-06-24
4761,Silverline Health Corp. 1,Mid-Market,Retail,22,2020-05-31
4762,Northwind Health LLC 2,Enterprise,Education,30,2025-04-22
4763,Meridian Partners Co. 1,Mid-Market,Retail,23,2022-02-17
4764,Global Retail Ltd.,SMB,Technology,3,2024-06-20
4765,Delta Holdings Inc. 5,Mid-Market,Education,29,2021-03-14
4766,Cascade Partners Corp.,Mid-Market,Education,18,2019-10-11
4767,Delta Health Ltd. 3,Mid-Market,Professional Services,1,2025-03-20
4768,Summit Solutions Corp. 1,Mid-Market,Professional Services,19,2020-02-23
4769,Everest Dynamics Ltd.,SMB,Professional Services,8,2021-06-12
4770,Union Foods Corp. 3,SMB,Technology,17,2023-11-28
4771,Horizon Health Co. 1,Mid-Market,Retail,20,2023-02-21
4772,Beacon Health Ltd.,Mid-Market,Professional Services,1,2025-06-29
4773,Beacon Retail Corp. 5,Enterprise,Professional Services,14,2025-11-29
4774,Anchor Financial Co. 1,Mid-Market,Manufacturing,2,2020-01-10
4775,Falcon Enterprises LLC 1,SMB,Professional Services,4,2020-08-02
4776,Harbor Partners Ltd. 3,SMB,Professional Services,7,2023-06-22
4777,Nova Dynamics Ltd. 1,Mid-Market,Technology,24,2020-01-11
4778,Crestline Solutions LLC 3,SMB,Professional Services,13,2022-10-17
4779,Summit Solutions Co. 1,Mid-Market,Retail,2,2021-08-10
4780,Summit Financial LLC 2,SMB,Retail,23,2025-03-20
4781,Pioneer Technologies Co. 4,SMB,Healthcare,17,2025-06-04
4782,Palisade Consulting Inc. 5,SMB,Professional Services,5,2020-10-23
4783,Union Holdings LLC 3,SMB,Finance,17,2019-09-02
4784,Summit Ventures LLC 2,SMB,Finance,8,2025-12-08
4785,Meridian Enterprises LLC 2,Mid-Market,Finance,20,2020-01-19
4786,Pioneer Solutions Corp. 3,Enterprise,Professional Services,29,2020-03-19
4787,Vertex Dynamics Ltd. 2,Mid-Market,Manufacturing,10,2020-10-06
4788,Summit Analytics Corp. 2,SMB,Technology,23,2021-05-21
4789,Redwood Foods Corp. 2,SMB,Technology,1,2020-01-13
4790,Apex Group Inc.,SMB,Professional Services,13,2021-04-03
4791,Catalyst Group Inc. 2,SMB,Healthcare,27,2019-02-26
4792,Granite Analytics LLC 1,Mid-Market,Education,3,2024-08-09
4793,Everest Networks Inc.,SMB,Technology,28,2020-11-04
4794,Delta Industries Inc.,SMB,Professional Services,3,2024-09-21
4795,Beacon Solutions Inc. 2,Mid-Market,Retail,15,2023-07-12
4796,Granite Dynamics LLC,Mid-Market,Healthcare,6,2022-05-13
4797,Falcon Group Inc. 4,Mid-Market,Professional Services,1,2025-10-21
4798,Horizon Solutions Inc. 1,Mid-Market,Finance,11,2021-09-15
4799,Union Materials LLC,SMB,Professional Services,18,2020-03-31
4800,Northwind Enterprises LLC 1,SMB,Retail,22,2023-01-15
4801,Everest Analytics Co. 1,SMB,Manufacturing,10,2019-12-25
4802,Global Systems Ltd.,Mid-Market,Technology,15,2020-12-08
4803,Meridian Networks Ltd. 1,SMB,Healthcare,6,2025-05-09
4804,Cascade Enterprises Ltd.,SMB,Technology,22,2025-03-30
4805,Everest Manufacturing Inc. 1,Mid-Market,Education,6,2022-04-05
4806,Crestline Financial Corp. 3,SMB,Technology,26,2022-05-07
4807,Falcon Enterprises Ltd. 3,Enterprise,Technology,6,2022-12-19
4808,Silverline Enterprises Co. 2,Enterprise,Technology,20,2019-08-04
4809,Palisade Retail Corp. 3,Enterprise,Professional Services,10,2020-10-09
4810,Redwood Dynamics LLC 1,Mid-Market,Professional Services,30,2023-01-22
4811,Meridian Dynamics Ltd. 1,SMB,Education,9,2021-03-31
4812,Northwind Technologies Inc. 1,Mid-Market,Technology,29,2020-06-29
4813,Crestline Analytics Co.,Mid-Market,Manufacturing,26,2023-07-13
4814,Sterling Systems LLC 3,Mid-Market,Professional Services,15,2022-12-18
4815,Northwind Holdings Inc.,Mid-Market,Technology,15,2021-04-15
4816,Everest Networks LLC 1,Mid-Market,Education,11,2025-07-23
4817,Pioneer Networks Co. 4,Enterprise,Technology,13,2023-03-04
4818,Horizon Systems Corp. 4,SMB,Education,14,2020-06-19
4819,Summit Logistics Inc. 2,Enterprise,Manufacturing,5,2023-07-15
4820,Everest Financial LLC 2,SMB,Professional Services,10,2023-10-24
4821,Meridian Solutions Ltd. 2,Mid-Market,Finance,27,2023-01-25
4822,Summit Enterprises Inc. 1,SMB,Education,30,2023-06-19
4823,Summit Manufacturing Co. 4,SMB,Education,2,2020-02-19
4824,Granite Partners Ltd. 2,Enterprise,Finance,22,2021-05-06
4825,Falcon Manufacturing Ltd.,Enterprise,Retail,8,2025-03-26
4826,Crestline Partners Ltd. 3,SMB,Manufacturing,20,2019-12-17
4827,Sterling Technologies Inc. 2,Mid-Market,Manufacturing,19,2023-02-16
4828,Prime Foods Co. 3,SMB,Education,27,2025-04-13
4829,Everest Financial LLC 3,Enterprise,Healthcare,22,2019-02-06
4830,Anchor Dynamics Inc.,Mid-Market,Technology,25,2025-10-07
4831,Orbit Industries Inc. 3,SMB,Manufacturing,25,2025-03-07
4832,Granite Technologies Inc. 1,SMB,Education,20,2024-01-02
4833,Horizon Retail Inc. 1,Mid-Market,Healthcare,13,2023-12-18
4834,Insight Retail Co. 1,SMB,Finance,11,2025-01-26
4835,Crestline Enterprises Inc.,SMB,Retail,11,2020-03-13
4836,Falcon Retail Ltd. 2,Enterprise,Manufacturing,11,2023-11-25
4837,Everest Holdings Inc. 2,Mid-Market,Retail,9,2021-05-27
4838,Ironclad Networks Co. 2,Mid-Market,Manufacturing,10,2025-02-16
4839,Pioneer Solutions Corp. 4,Mid-Market,Education,18,2022-09-25
4840,Beacon Logistics Corp. 3,SMB,Professional Services,9,2024-05-11
4841,Palisade Ventures Inc. 2,Mid-Market,Manufacturing,11,2020-03-02
4842,Everest Financial Co. 3,Mid-Market,Manufacturing,22,2020-09-10
4843,Horizon Materials Corp. 4,SMB,Healthcare,10,2024-11-12
4844,Prime Ventures Inc. 2,SMB,Manufacturing,4,2021-10-07
4845,Bluepeak Ventures Ltd. 1,SMB,Education,1,2022-09-11
4846,Cascade Consulting Co. 1,SMB,Manufacturing,23,2024-01-29
4847,Global Networks Inc. 3,Mid-Market,Retail,29,2020-03-09
4848,Nova Logistics LLC 3,SMB,Finance,21,2021-02-12
4849,Silverline Technologies Ltd. 1,Mid-Market,Retail,2,2021-04-12
4850,Insight Systems Inc. 1,Mid-Market,Retail,17,2025-06-01
4851,Pioneer Materials Ltd. 3,Enterprise,Manufacturing,9,2019-12-18
4852,Prime Enterprises Ltd. 2,SMB,Professional Services,10,2021-08-07
4853,Everest Retail Corp. 4,SMB,Professional Services,28,2025-09-18
4854,Summit Solutions LLC 1,Mid-Market,Healthcare,25,2024-11-03
4855,Apex Dynamics Corp. 1,SMB,Healthcare,23,2023-09-10
4856,Falcon Group Inc. 5,SMB,Professional Services,16,2022-11-04
4857,Prime Foods Ltd. 3,Enterprise,Finance,18,2024-11-13
4858,Northwind Dynamics Ltd. 1,SMB,Finance,28,2025-08-15
4859,Global Consulting Corp. 2,Mid-Market,Education,20,2025-06-19
4860,Meridian Industries Ltd. 1,SMB,Retail,18,2023-06-22
4861,Insight Logistics Corp.,Mid-Market,Technology,3,2024-02-04
4862,Insight Networks Corp. 4,Mid-Market,Technology,30,2024-06-04
4863,Sterling Consulting Co. 1,Mid-Market,Education,25,2024-08-30
4864,Palisade Manufacturing Co.,Mid-Market,Education,11,2024-02-17
4865,Sterling Solutions Co. 1,SMB,Finance,8,2020-04-04
4866,Palisade Industries Corp. 2,Mid-Market,Professional Services,30,2024-04-25
4867,Redwood Solutions LLC 1,Mid-Market,Technology,29,2021-09-24
4868,Horizon Holdings Inc. 1,SMB,Professional Services,13,2020-05-25
4869,Falcon Analytics Corp. 2,SMB,Technology,7,2019-09-20
4870,Falcon Group Co. 2,SMB,Retail,24,2020-09-06
4871,Nova Financial Co. 3,Mid-Market,Education,19,2022-07-21
4872,Apex Industries Inc. 1,Mid-Market,Retail,28,2020-09-23
4873,Catalyst Logistics Corp. 3,Mid-Market,Education,17,2023-08-30
4874,Summit Analytics Ltd. 1,SMB,Finance,17,2025-09-30
4875,Delta Industries Ltd. 2,SMB,Finance,5,2019-04-23
4876,Insight Logistics Co. 5,SMB,Healthcare,19,2019-11-30
4877,Summit Industries Inc. 2,SMB,Technology,11,2020-09-24
4878,Catalyst Materials Corp. 1,Enterprise,Healthcare,7,2024-08-17
4879,Pioneer Enterprises Inc. 4,SMB,Healthcare,24,2020-11-24
4880,Crestline Retail Ltd. 2,Mid-Market,Education,11,2020-05-04
4881,Ironclad Ventures Corp. 3,Enterprise,Healthcare,7,2020-01-26
4882,Palisade Partners Corp. 1,Mid-Market,Healthcare,29,2020-01-19
4883,Apex Technologies Co. 2,Mid-Market,Education,29,2024-01-14
4884,Pioneer Technologies Co. 5,SMB,Manufacturing,15,2023-12-15
4885,Crestline Systems LLC,Mid-Market,Healthcare,9,2021-03-06
4886,Palisade Partners Co.,SMB,Retail,5,2022-02-22
4887,Meridian Analytics Co. 1,SMB,Healthcare,19,2023-05-25
4888,Crestline Dynamics Inc. 2,SMB,Education,19,2025-10-28
4889,Nova Solutions Ltd. 2,SMB,Technology,19,2024-03-14
4890,Insight Industries Inc. 2,Mid-Market,Retail,24,2024-08-14
4891,Anchor Networks Ltd. 1,Mid-Market,Retail,15,2025-11-04
4892,Insight Holdings Ltd.,Mid-Market,Finance,21,2021-09-01
4893,Silverline Analytics Co. 2,Mid-Market,Retail,20,2019-06-26
4894,Delta Partners Corp. 2,SMB,Finance,24,2024-03-24
4895,Sterling Solutions LLC 4,Mid-Market,Retail,23,2019-11-06
4896,Redwood Group Ltd.,Mid-Market,Healthcare,2,2022-01-26
4897,Silverline Networks LLC 2,Mid-Market,Manufacturing,19,2024-03-02
4898,Redwood Systems Inc. 2,Mid-Market,Education,30,2022-11-28
4899,Meridian Solutions Inc.,SMB,Professional Services,17,2021-07-27
4900,Sterling Financial Co. 2,Mid-Market,Finance,16,2022-08-07
4901,Silverline Partners LLC 1,SMB,Manufacturing,19,2020-09-18
4902,Insight Analytics Inc. 1,SMB,Manufacturing,17,2019-07-09
4903,Falcon Health Inc.,SMB,Professional Services,13,2021-11-20
4904,Orbit Solutions Inc. 1,Mid-Market,Professional Services,30,2019-05-30
4905,Cascade Ventures Ltd. 1,SMB,Retail,3,2025-11-09
4906,Beacon Foods Inc. 1,Mid-Market,Education,25,2022-02-18
4907,Sterling Systems Co. 1,Mid-Market,Technology,5,2025-03-05
4908,Horizon Partners Corp. 3,SMB,Education,7,2025-08-29
4909,Everest Solutions LLC,SMB,Education,19,2022-02-22
4910,Palisade Systems Co.,Mid-Market,Education,20,2021-12-10
4911,Union Group Corp. 1,SMB,Retail,28,2025-04-02
4912,Catalyst Technologies LLC 3,Enterprise,Professional Services,9,2019-03-30
4913,Horizon Retail Ltd. 2,SMB,Retail,1,2022-05-30
4914,Catalyst Holdings Ltd. 1,SMB,Education,8,2020-11-17
4915,Pioneer Analytics Ltd. 5,SMB,Healthcare,17,2024-04-08
4916,Catalyst Industries Ltd.,SMB,Retail,11,2024-11-08
4917,Brightpath Consulting Co. 2,SMB,Manufacturing,8,2023-05-04
4918,Brightpath Ventures Corp.,SMB,Professional Services,28,2021-11-06
4919,Anchor Technologies LLC 3,SMB,Professional Services,17,2022-11-19
4920,Northwind Networks Inc. 2,SMB,Education,21,2023-01-07
4921,Catalyst Health LLC,Mid-Market,Healthcare,23,2023-06-12
4922,Global Consulting Ltd. 4,SMB,Manufacturing,13,2025-06-15
4923,Palisade Foods Co. 1,Mid-Market,Technology,23,2020-09-28
4924,Catalyst Networks LLC 3,SMB,Professional Services,29,2020-05-30
4925,Global Holdings Inc.,Mid-Market,Healthcare,22,2020-05-01
4926,Palisade Enterprises Ltd. 4,Mid-Market,Retail,9,2023-11-18
4927,Catalyst Networks Ltd. 6,SMB,Manufacturing,24,2025-05-01
4928,Redwood Financial Inc. 1,Mid-Market,Professional Services,8,2021-04-15
4929,Union Networks Inc. 2,Mid-Market,Education,3,2021-12-11
4930,Summit Consulting LLC 2,SMB,Education,14,2025-10-10
4931,Insight Manufacturing Corp. 2,Mid-Market,Retail,16,2020-01-07
4932,Insight Dynamics Inc. 1,Mid-Market,Technology,15,2025-02-26
4933,Beacon Dynamics Corp.,Mid-Market,Professional Services,8,2025-09-17
4934,Global Foods Corp. 2,Mid-Market,Technology,9,2024-08-05
4935,Meridian Holdings Ltd. 1,Mid-Market,Manufacturing,28,2021-05-09
4936,Delta Networks Co.,Enterprise,Finance,9,2023-07-29
4937,Palisade Ventures Inc. 3,Mid-Market,Finance,24,2021-01-14
4938,Granite Industries Corp.,Mid-Market,Professional Services,8,2019-11-05
4939,Union Ventures Co. 5,Enterprise,Healthcare,4,2019-10-02
4940,Anchor Foods Inc.,SMB,Retail,2,2019-01-24
4941,Bluepeak Networks Co. 1,SMB,Healthcare,8,2025-11-05
4942,Delta Manufacturing LLC 2,Enterprise,Professional Services,26,2023-08-02
4943,Ironclad Enterprises Ltd.,Mid-Market,Education,14,2021-04-01
4944,Delta Ventures Ltd. 3,SMB,Finance,21,2023-01-20
4945,Horizon Industries Co. 2,SMB,Technology,29,2023-05-02
4946,Crestline Consulting Inc. 1,Mid-Market,Healthcare,2,2020-04-12
4947,Apex Enterprises Co. 2,Mid-Market,Healthcare,4,2021-01-08
4948,Palisade Systems Corp. 1,Mid-Market,Finance,28,2022-10-30
4949,Anchor Foods Ltd. 1,SMB,Professional Services,18,2024-11-16
4950,Crestline Technologies Ltd. 1,SMB,Technology,19,2019-11-28
4951,Cascade Manufacturing Corp.,SMB,Retail,11,2025-01-02
4952,Brightpath Retail Corp. 1,Mid-Market,Finance,25,2023-04-06
4953,Beacon Health Co. 1,Mid-Market,Technology,20,2022-06-05
4954,Northwind Consulting Corp.,Mid-Market,Retail,8,2020-01-03
4955,Silverline Analytics Co. 3,Mid-Market,Retail,20,2022-11-06
4956,Vertex Manufacturing Ltd.,Mid-Market,Professional Services,1,2021-06-22
4957,Delta Materials Ltd.,SMB,Manufacturing,8,2020-04-28
4958,Falcon Financial Corp. 1,Mid-Market,Finance,7,2025-02-27
4959,Beacon Enterprises LLC 2,SMB,Education,24,2022-03-23
4960,Delta Networks Ltd. 1,Enterprise,Healthcare,23,2019-07-23
4961,Beacon Technologies LLC 3,Enterprise,Retail,3,2021-02-11
4962,Everest Financial Ltd. 2,SMB,Professional Services,28,2020-04-08
4963,Meridian Health Ltd. 2,SMB,Technology,25,2025-07-28
4964,Horizon Analytics Corp. 1,Mid-Market,Professional Services,14,2020-09-13
4965,Harbor Ventures Co. 1,SMB,Healthcare,7,2022-07-18
4966,Global Holdings Inc. 1,Mid-Market,Manufacturing,13,2024-03-20
4967,Meridian Health LLC,Mid-Market,Healthcare,18,2020-02-10
4968,Anchor Industries LLC 4,Mid-Market,Healthcare,19,2022-01-23
4969,Catalyst Consulting Co. 4,Mid-Market,Retail,11,2023-07-28
4970,Palisade Group Corp. 1,SMB,Manufacturing,4,2025-03-04
4971,Silverline Enterprises LLC,Mid-Market,Manufacturing,19,2023-07-30
4972,Granite Industries Co. 1,SMB,Manufacturing,22,2019-07-24
4973,Prime Solutions Corp. 1,SMB,Education,9,2021-04-01
4974,Nova Dynamics LLC 2,Mid-Market,Professional Services,20,2021-06-15
4975,Union Dynamics Co. 1,Enterprise,Manufacturing,18,2021-09-19
4976,Northwind Retail Inc. 3,Mid-Market,Healthcare,16,2025-08-03
4977,Silverline Manufacturing Co. 2,SMB,Finance,1,2019-04-02
4978,Orbit Systems Inc. 2,SMB,Manufacturing,10,2021-02-11
4979,Prime Health Corp. 1,SMB,Technology,12,2022-06-12
4980,Insight Consulting Corp. 2,Mid-Market,Healthcare,26,2019-08-09
4981,Cascade Foods Co. 1,Mid-Market,Healthcare,25,2022-05-20
4982,Palisade Health Co. 2,SMB,Professional Services,27,2019-10-01
4983,Nova Logistics Co. 1,Mid-Market,Finance,14,2024-11-11
4984,Insight Technologies Co. 3,SMB,Professional Services,10,2020-11-21
4985,Insight Networks Co. 2,Mid-Market,Manufacturing,15,2022-08-29
4986,Apex Ventures Corp. 1,Mid-Market,Manufacturing,24,2023-04-30
4987,Sterling Systems Co. 2,SMB,Professional Services,19,2021-02-20
4988,Brightpath Health Ltd. 2,Mid-Market,Retail,19,2021-06-16
4989,Vertex Dynamics LLC,SMB,Healthcare,14,2022-07-28
4990,Catalyst Ventures Co. 1,Mid-Market,Healthcare,21,2024-08-20
4991,Beacon Financial Inc. 2,SMB,Retail,27,2022-03-03
4992,Everest Retail Inc. 1,SMB,Technology,21,2022-06-08
4993,Union Analytics Inc. 3,SMB,Healthcare,13,2023-03-04
4994,Anchor Group Corp. 1,SMB,Technology,26,2021-12-22
4995,Anchor Logistics Inc. 1,SMB,Retail,29,2024-01-30
4996,Catalyst Logistics LLC 3,SMB,Manufacturing,24,2019-01-13
4997,Brightpath Retail LLC 2,Mid-Market,Technology,27,2022-05-19
4998,Beacon Systems LLC 2,Mid-Market,Education,8,2025-06-17
4999,Summit Systems Inc.,SMB,Retail,13,2023-04-24
5000,Union Solutions LLC 4,Enterprise,Education,8,2022-05-28
5001,Horizon Financial LLC 2,Enterprise,Healthcare,11,2024-05-27
5002,Meridian Logistics Ltd. 1,SMB,Professional Services,23,2021-10-01
5003,Catalyst Ventures Corp. 1,Enterprise,Healthcare,21,2022-04-09
5004,Pioneer Industries LLC 1,SMB,Manufacturing,1,2020-05-13
5005,Beacon Systems Inc. 1,SMB,Manufacturing,23,2019-11-14
5006,Prime Ventures Corp.,Mid-Market,Healthcare,6,2019-03-07
5007,Beacon Analytics LLC,SMB,Finance,6,2024-02-13
5008,Beacon Networks Ltd. 1,Mid-Market,Technology,17,2022-04-11
5009,Global Industries LLC 2,SMB,Manufacturing,8,2025-07-28
5010,Prime Enterprises Co. 1,SMB,Retail,29,2020-03-27
5011,Delta Consulting Inc.,Mid-Market,Finance,5,2020-09-15
5012,Bluepeak Holdings Co. 2,Mid-Market,Manufacturing,5,2023-06-21
5013,Orbit Partners Ltd.,Mid-Market,Professional Services,23,2019-05-20
5014,Global Analytics Ltd. 1,Mid-Market,Healthcare,9,2022-07-10
5015,Palisade Holdings Co. 2,Mid-Market,Finance,22,2019-11-12
5016,Apex Industries Corp.,SMB,Technology,21,2020-02-17
5017,Crestline Consulting Ltd. 1,Mid-Market,Manufacturing,6,2022-08-01
5018,Silverline Systems Corp. 3,SMB,Healthcare,18,2022-12-25
5019,Catalyst Networks Ltd. 7,Mid-Market,Education,17,2020-06-25
5020,Silverline Manufacturing Corp. 1,SMB,Finance,3,2020-11-24
5021,Insight Industries Co. 1,Mid-Market,Retail,23,2020-12-27
5022,Redwood Ventures LLC 2,Mid-Market,Healthcare,26,2019-12-29
5023,Prime Foods Ltd. 4,SMB,Finance,29,2025-10-04
5024,Vertex Financial Inc. 1,Enterprise,Healthcare,3,2023-11-05
5025,Catalyst Group Inc. 3,SMB,Manufacturing,6,2019-10-11
5026,Orbit Partners Ltd. 1,Mid-Market,Technology,25,2021-07-01
5027,Union Consulting LLC,SMB,Technology,10,2020-03-17
5028,Cascade Manufacturing Inc.,SMB,Manufacturing,19,2020-08-22
5029,Crestline Consulting Ltd. 2,SMB,Manufacturing,11,2025-07-29
5030,Brightpath Partners Ltd. 1,Enterprise,Finance,7,2019-12-16
5031,Crestline Industries Ltd. 2,Mid-Market,Manufacturing,19,2025-02-26
5032,Insight Systems Corp. 2,Mid-Market,Finance,7,2024-11-21
5033,Anchor Financial Co. 2,Mid-Market,Education,5,2024-03-15
5034,Delta Networks Inc. 3,Enterprise,Manufacturing,16,2022-06-23
5035,Crestline Networks Inc. 1,SMB,Education,6,2020-10-22
5036,Global Consulting LLC,SMB,Healthcare,6,2024-10-24
5037,Summit Holdings Co. 3,SMB,Healthcare,24,2024-11-01
5038,Everest Dynamics Ltd. 1,Mid-Market,Finance,16,2022-09-04
5039,Falcon Networks Corp. 5,Mid-Market,Technology,17,2019-05-02
5040,Palisade Industries Co.,SMB,Retail,5,2020-05-08
5041,Brightpath Consulting Co. 3,Mid-Market,Finance,5,2019-05-24
5042,Horizon Technologies Inc. 1,Mid-Market,Finance,12,2020-04-04
5043,Beacon Systems Corp. 2,Mid-Market,Manufacturing,12,2022-07-23
5044,Redwood Consulting Co. 3,SMB,Technology,14,2024-12-23
5045,Union Partners Inc. 1,SMB,Finance,5,2023-07-28
5046,Global Analytics Inc. 1,Mid-Market,Professional Services,27,2023-03-16
5047,Redwood Logistics LLC 2,Mid-Market,Retail,11,2024-03-26
5048,Palisade Systems Co. 1,Enterprise,Retail,25,2023-06-24
5049,Catalyst Ventures LLC,Mid-Market,Manufacturing,13,2022-02-07
5050,Nova Systems Ltd. 2,SMB,Manufacturing,15,2024-09-15
5051,Global Partners LLC,Mid-Market,Professional Services,4,2021-03-03
5052,Everest Ventures Ltd. 3,SMB,Professional Services,21,2025-06-30
5053,Northwind Networks Co. 2,Mid-Market,Finance,2,2019-10-24
5054,Silverline Dynamics Inc. 1,Enterprise,Professional Services,23,2023-06-18
5055,Union Holdings LLC 4,SMB,Technology,27,2022-07-03
5056,Silverline Networks Corp.,Mid-Market,Finance,11,2021-12-24
5057,Harbor Group Inc. 1,SMB,Finance,27,2022-01-03
5058,Everest Health Ltd. 5,Mid-Market,Retail,21,2019-04-18
5059,Cascade Ventures LLC 3,SMB,Retail,1,2024-04-04
5060,Vertex Health Inc. 2,Mid-Market,Manufacturing,7,2021-06-19
5061,Insight Partners Ltd. 1,Mid-Market,Healthcare,20,2022-05-03
5062,Anchor Financial Inc. 1,SMB,Manufacturing,22,2024-12-06
5063,Beacon Group LLC 1,Mid-Market,Healthcare,3,2023-01-15
5064,Orbit Partners Inc. 1,Mid-Market,Manufacturing,21,2024-12-16
5065,Silverline Group Inc. 1,SMB,Finance,25,2019-12-17
5066,Vertex Manufacturing Corp. 1,SMB,Professional Services,3,2020-12-21
5067,Meridian Consulting Co. 3,SMB,Education,27,2020-08-05
5068,Ironclad Industries LLC,SMB,Healthcare,16,2025-03-15
5069,Pioneer Manufacturing LLC 1,SMB,Professional Services,19,2024-06-20
5070,Sterling Financial Co. 3,SMB,Retail,2,2024-11-01
5071,Union Networks Co.,SMB,Finance,19,2022-12-24
5072,Everest Ventures LLC 1,Mid-Market,Manufacturing,14,2020-07-18
5073,Summit Consulting Inc. 2,Enterprise,Healthcare,12,2021-08-21
5074,Horizon Financial Ltd.,SMB,Technology,24,2022-11-07
5075,Meridian Consulting Ltd.,SMB,Finance,8,2019-02-18
5076,Falcon Enterprises Co. 2,Mid-Market,Education,2,2023-06-23
5077,Prime Systems Ltd. 2,Mid-Market,Finance,15,2024-12-25
5078,Insight Foods Co. 2,Mid-Market,Finance,23,2021-04-12
5079,Harbor Partners Inc.,SMB,Professional Services,5,2023-10-04
5080,Apex Health Inc.,SMB,Professional Services,30,2022-05-20
5081,Bluepeak Holdings Ltd.,Mid-Market,Manufacturing,21,2019-01-11
5082,Prime Networks Ltd. 4,SMB,Technology,29,2020-12-26
5083,Silverline Foods LLC 2,SMB,Retail,15,2022-09-11
5084,Granite Technologies Corp. 3,SMB,Education,4,2024-01-27
5085,Cascade Group LLC 2,Enterprise,Professional Services,6,2021-10-24
5086,Sterling Materials Inc. 1,SMB,Professional Services,16,2020-04-21
5087,Nova Partners Co. 3,SMB,Retail,18,2019-06-06
5088,Brightpath Financial Co.,SMB,Technology,23,2024-01-01
5089,Bluepeak Logistics Co. 2,Enterprise,Healthcare,24,2021-07-22
5090,Granite Foods Corp. 2,SMB,Education,23,2023-07-12
5091,Catalyst Logistics Inc. 2,SMB,Retail,18,2020-07-20
5092,Horizon Systems Corp. 5,Mid-Market,Manufacturing,1,2024-04-12
5093,Union Foods Ltd.,Mid-Market,Finance,16,2021-05-30
5094,Bluepeak Networks Inc. 3,SMB,Retail,25,2019-05-14
5095,Orbit Dynamics Inc. 2,SMB,Finance,26,2022-07-28
5096,Orbit Analytics Co. 2,Enterprise,Healthcare,26,2024-02-13
5097,Delta Group Inc. 1,Mid-Market,Professional Services,1,2025-07-11
5098,Crestline Networks Corp. 2,Mid-Market,Finance,14,2025-10-17
5099,Global Consulting Inc. 1,SMB,Healthcare,19,2022-03-12
5100,Vertex Manufacturing Inc. 2,SMB,Technology,8,2023-04-13
5101,Delta Analytics Ltd. 5,Mid-Market,Manufacturing,13,2022-11-25
5102,Crestline Industries Inc. 3,Mid-Market,Professional Services,3,2022-09-25
5103,Summit Financial Ltd. 1,Mid-Market,Healthcare,6,2019-10-20
5104,Meridian Consulting Co. 4,Mid-Market,Healthcare,1,2023-09-11
5105,Falcon Consulting Corp. 3,SMB,Healthcare,30,2025-10-03
5106,Falcon Retail Inc. 1,SMB,Technology,26,2019-11-21
5107,Harbor Enterprises Co. 4,Enterprise,Retail,13,2021-03-08
5108,Palisade Systems LLC 1,Enterprise,Finance,1,2019-07-16
5109,Delta Solutions Ltd. 1,Mid-Market,Education,11,2021-10-26
5110,Catalyst Health Inc. 2,SMB,Finance,14,2022-05-16
5111,Global Financial Inc. 2,SMB,Retail,6,2021-07-04
5112,Meridian Industries Ltd. 2,SMB,Technology,20,2022-05-03
5113,Redwood Ventures LLC 3,Mid-Market,Finance,30,2024-08-14
5114,Orbit Ventures Corp. 2,SMB,Finance,26,2020-06-30
5115,Delta Technologies Corp.,Mid-Market,Technology,26,2024-04-21
5116,Insight Materials Inc. 2,SMB,Finance,25,2024-07-20
5117,Ironclad Enterprises LLC 1,SMB,Manufacturing,3,2023-01-25
5118,Apex Holdings Inc. 1,Mid-Market,Finance,17,2021-03-16
5119,Bluepeak Manufacturing Inc. 1,SMB,Manufacturing,17,2025-07-21
5120,Vertex Health Co. 3,Mid-Market,Education,4,2021-07-19
5121,Silverline Holdings Inc. 3,SMB,Education,5,2019-05-08
5122,Prime Consulting Co. 1,Enterprise,Technology,17,2019-12-14
5123,Apex Analytics Corp. 3,Mid-Market,Retail,22,2025-03-28
5124,Vertex Consulting LLC 2,Mid-Market,Professional Services,7,2020-01-19
5125,Silverline Ventures Corp. 2,Enterprise,Professional Services,15,2022-02-17
5126,Nova Analytics Co. 1,Enterprise,Finance,3,2023-11-04
5127,Global Holdings Ltd. 1,Mid-Market,Education,4,2023-01-06
5128,Crestline Solutions Inc. 1,SMB,Education,18,2023-07-29
5129,Sterling Financial Ltd.,Mid-Market,Finance,17,2021-06-10
5130,Union Partners Ltd. 2,Mid-Market,Professional Services,23,2023-08-20
5131,Cascade Health Co.,SMB,Retail,28,2019-01-24
5132,Sterling Group LLC 3,SMB,Education,6,2020-11-03
5133,Vertex Group Co. 1,Enterprise,Education,11,2019-11-12
5134,Anchor Systems LLC 2,Mid-Market,Education,26,2022-03-09
5135,Global Networks LLC 1,SMB,Professional Services,2,2020-01-08
5136,Nova Health Ltd. 1,SMB,Professional Services,25,2022-10-31
5137,Granite Retail Corp.,Mid-Market,Finance,29,2020-04-06
5138,Silverline Partners LLC 2,SMB,Manufacturing,3,2021-11-24
5139,Ironclad Networks LLC 2,Enterprise,Retail,5,2019-07-09
5140,Cascade Ventures Ltd. 2,Mid-Market,Education,21,2022-01-29
5141,Sterling Financial Co. 4,SMB,Finance,15,2024-08-27
5142,Beacon Consulting LLC 1,SMB,Finance,30,2021-03-20
5143,Catalyst Holdings Corp. 6,SMB,Education,17,2023-12-11
5144,Prime Dynamics LLC 6,Enterprise,Professional Services,20,2021-12-24
5145,Union Analytics LLC 2,Mid-Market,Professional Services,8,2020-08-21
5146,Catalyst Systems Ltd. 1,Enterprise,Healthcare,10,2021-02-14
5147,Meridian Manufacturing Ltd.,Mid-Market,Professional Services,6,2021-02-12
5148,Cascade Materials Corp. 2,Enterprise,Education,5,2024-03-12
5149,Union Partners Corp. 1,SMB,Healthcare,4,2020-05-28
5150,Brightpath Logistics Corp. 2,SMB,Technology,27,2025-11-04
5151,Prime Analytics Co.,SMB,Healthcare,3,2023-10-24
5152,Harbor Manufacturing Co.,Mid-Market,Professional Services,16,2021-10-22
5153,Ironclad Systems Inc.,Enterprise,Education,16,2025-12-25
5154,Ironclad Manufacturing Co. 1,SMB,Retail,2,2020-07-06
5155,Horizon Holdings LLC,Enterprise,Retail,26,2024-05-04
5156,Palisade Analytics Ltd.,SMB,Finance,16,2020-11-23
5157,Granite Group Co. 1,Enterprise,Professional Services,4,2022-10-21
5158,Anchor Financial Corp.,SMB,Healthcare,4,2019-05-20
5159,Redwood Solutions Corp. 3,SMB,Finance,22,2024-12-03
5160,Sterling Retail Ltd.,SMB,Healthcare,19,2021-07-24
5161,Prime Systems LLC,SMB,Education,13,2023-02-02
5162,Summit Ventures LLC 3,SMB,Manufacturing,13,2025-06-28
5163,Sterling Dynamics Ltd. 1,Enterprise,Retail,2,2019-03-19
5164,Vertex Technologies LLC,SMB,Professional Services,1,2025-10-10
5165,Apex Holdings Ltd.,SMB,Healthcare,17,2022-09-04
5166,Catalyst Systems LLC 1,SMB,Professional Services,11,2024-06-18
5167,Orbit Solutions Inc. 2,Mid-Market,Technology,8,2022-04-24
5168,Everest Dynamics Inc. 1,Mid-Market,Education,12,2024-09-16
5169,Everest Technologies LLC 4,SMB,Retail,19,2025-02-28
5170,Pioneer Financial Inc. 2,SMB,Education,9,2021-09-02
5171,Catalyst Foods LLC 2,Mid-Market,Healthcare,11,2024-01-22
5172,Bluepeak Enterprises Corp. 2,Mid-Market,Professional Services,9,2025-12-27
5173,Anchor Industries LLC 5,Mid-Market,Education,20,2024-04-19
5174,Summit Financial Corp. 2,Mid-Market,Technology,2,2025-09-11
5175,Silverline Analytics LLC 2,Mid-Market,Manufacturing,28,2024-02-26
5176,Union Technologies Inc. 1,Enterprise,Education,17,2021-04-23
5177,Orbit Industries LLC 1,Enterprise,Manufacturing,8,2024-10-15
5178,Ironclad Consulting Inc. 1,SMB,Finance,23,2023-08-31
5179,Global Systems Ltd. 1,Enterprise,Healthcare,29,2019-03-26
5180,Global Consulting Corp. 3,Enterprise,Manufacturing,2,2020-03-16
5181,Union Networks Corp. 5,Mid-Market,Professional Services,7,2020-10-29
5182,Meridian Retail Inc. 2,Mid-Market,Retail,5,2024-03-15
5183,Brightpath Dynamics Corp. 2,SMB,Education,3,2024-07-30
5184,Bluepeak Networks Co. 2,SMB,Education,23,2024-10-14
5185,Global Logistics LLC 1,Mid-Market,Education,6,2019-06-21
5186,Anchor Financial Co. 3,Mid-Market,Finance,12,2019-07-04
5187,Nova Analytics Corp.,Mid-Market,Education,25,2021-02-04
5188,Catalyst Ventures Inc. 3,Enterprise,Finance,19,2023-10-08
5189,Global Partners Inc. 2,Mid-Market,Retail,21,2024-11-22
5190,Granite Enterprises Corp. 2,Enterprise,Finance,3,2025-01-31
5191,Prime Technologies Co. 2,Enterprise,Professional Services,30,2020-06-14
5192,Falcon Dynamics Corp. 2,SMB,Education,3,2024-05-15
5193,Global Foods Inc. 1,Enterprise,Retail,22,2023-06-26
5194,Orbit Industries LLC 2,Enterprise,Manufacturing,20,2025-06-26
5195,Meridian Technologies Co. 2,Mid-Market,Manufacturing,13,2024-05-29
5196,Nova Manufacturing Co. 1,Mid-Market,Education,26,2022-09-13
5197,Silverline Materials Ltd. 2,Enterprise,Healthcare,27,2024-06-24
5198,Horizon Financial Co.,Enterprise,Education,3,2021-02-26
5199,Orbit Manufacturing Co.,Mid-Market,Healthcare,29,2024-07-02
5200,Cascade Ventures Corp. 2,Mid-Market,Technology,8,2024-06-19
5201,Vertex Group Co. 2,SMB,Education,24,2024-12-25
5202,Catalyst Networks Inc.,SMB,Retail,25,2020-09-11
5203,Redwood Partners Co. 2,Mid-Market,Finance,17,2024-12-10
5204,Everest Solutions Corp. 3,Mid-Market,Retail,26,2020-03-08
5205,Delta Dynamics Corp. 3,SMB,Education,25,2024-05-26
5206,Prime Holdings Co. 2,SMB,Education,16,2025-07-04
5207,Crestline Manufacturing LLC,Mid-Market,Professional Services,6,2019-04-02
5208,Harbor Materials Inc. 8,Enterprise,Education,14,2023-05-20
5209,Northwind Financial Ltd.,Mid-Market,Manufacturing,28,2023-08-13
5210,Apex Retail Ltd. 1,SMB,Healthcare,7,2024-09-14
5211,Ironclad Partners Inc.,Enterprise,Technology,30,2019-09-20
5212,Insight Health Corp. 1,Mid-Market,Retail,6,2025-05-13
5213,Prime Health LLC 1,Mid-Market,Retail,20,2025-12-15
5214,Sterling Logistics Co. 1,Mid-Market,Retail,20,2023-09-14
5215,Bluepeak Holdings Co. 3,Mid-Market,Technology,6,2022-01-03
5216,Cascade Materials Inc.,SMB,Retail,15,2023-06-12
5217,Orbit Solutions Corp. 1,SMB,Education,5,2019-05-20
5218,Nova Dynamics Ltd. 2,Mid-Market,Education,11,2024-04-08
5219,Cascade Logistics LLC,Enterprise,Manufacturing,29,2019-06-28
5220,Crestline Retail Co. 3,SMB,Technology,2,2021-04-04
5221,Delta Financial Co. 2,Mid-Market,Manufacturing,27,2019-12-23
5222,Horizon Foods Inc. 1,Enterprise,Retail,21,2024-01-30
5223,Everest Enterprises Inc. 3,Mid-Market,Manufacturing,23,2023-02-28
5224,Global Industries Corp.,SMB,Retail,9,2023-11-23
5225,Meridian Materials Co.,SMB,Manufacturing,29,2019-06-15
5226,Crestline Retail Ltd. 3,SMB,Manufacturing,8,2021-08-04
5227,Orbit Enterprises Ltd. 3,SMB,Finance,16,2021-11-04
5228,Catalyst Manufacturing Ltd. 1,Mid-Market,Retail,2,2023-03-20
5229,Harbor Retail Inc. 1,Mid-Market,Healthcare,27,2019-09-19
5230,Anchor Solutions Inc. 2,Mid-Market,Manufacturing,22,2023-07-13
5231,Redwood Foods Inc. 3,SMB,Finance,5,2021-10-05
5232,Redwood Logistics Co. 2,SMB,Retail,20,2025-05-04
5233,Insight Ventures Co. 1,Mid-Market,Professional Services,6,2022-02-23
5234,Insight Technologies Co. 4,SMB,Retail,14,2019-09-18
5235,Beacon Consulting Inc. 1,Mid-Market,Technology,16,2019-09-22
5236,Nova Group Co. 1,Enterprise,Retail,28,2020-10-11
5237,Prime Logistics Co. 1,Mid-Market,Finance,10,2020-09-04
5238,Crestline Logistics Ltd. 1,SMB,Technology,1,2024-07-29
5239,Horizon Financial Corp. 3,SMB,Healthcare,13,2024-01-21
5240,Insight Ventures Inc. 1,Mid-Market,Professional Services,28,2019-07-15
5241,Nova Manufacturing LLC,SMB,Finance,24,2024-12-16
5242,Everest Networks LLC 2,SMB,Healthcare,2,2019-09-03
5243,Delta Partners Ltd. 1,SMB,Technology,2,2024-07-01
5244,Redwood Ventures Co.,SMB,Retail,23,2019-10-13
5245,Northwind Retail Corp. 3,Mid-Market,Education,22,2021-08-19
5246,Prime Manufacturing Inc. 1,SMB,Finance,17,2024-04-03
5247,Palisade Ventures LLC 2,SMB,Technology,3,2020-10-10
5248,Palisade Partners Ltd.,SMB,Finance,9,2019-10-17
5249,Ironclad Manufacturing Ltd. 1,Mid-Market,Retail,26,2024-07-05
5250,Brightpath Manufacturing Inc. 1,SMB,Technology,5,2023-11-02
5251,Delta Ventures LLC 2,SMB,Healthcare,7,2025-03-28
5252,Beacon Partners LLC 1,Mid-Market,Technology,14,2023-06-28
5253,Beacon Partners Inc. 2,SMB,Manufacturing,23,2019-07-09
5254,Crestline Dynamics LLC,Mid-Market,Healthcare,25,2023-06-21
5255,Summit Networks Co. 2,Mid-Market,Healthcare,18,2024-10-03
5256,Orbit Group Inc. 1,Enterprise,Technology,15,2019-08-02
5257,Bluepeak Technologies Corp. 2,SMB,Education,12,2019-12-13
5258,Bluepeak Logistics Ltd. 2,SMB,Manufacturing,2,2023-09-28
5259,Redwood Retail Ltd. 4,Mid-Market,Professional Services,9,2024-07-15
5260,Granite Systems LLC 3,SMB,Finance,7,2021-06-21
5261,Delta Ventures Corp. 4,Mid-Market,Healthcare,2,2024-02-23
5262,Palisade Foods Ltd. 3,Mid-Market,Healthcare,23,2020-03-03
5263,Anchor Foods Ltd. 2,SMB,Professional Services,11,2022-02-08
5264,Meridian Retail Co. 3,SMB,Retail,16,2024-03-26
5265,Ironclad Partners LLC 1,SMB,Finance,7,2020-05-23
5266,Orbit Solutions Inc. 3,SMB,Retail,18,2021-06-10
5267,Delta Financial Co. 3,SMB,Manufacturing,5,2023-05-27
5268,Insight Ventures Ltd. 3,Mid-Market,Technology,21,2021-06-03
5269,Orbit Dynamics Corp. 2,Mid-Market,Retail,23,2025-02-12
5270,Anchor Retail Corp. 1,Enterprise,Technology,10,2025-09-11
5271,Summit Dynamics Co. 2,SMB,Healthcare,7,2023-06-30
5272,Meridian Analytics Co. 2,SMB,Retail,24,2024-06-22
5273,Falcon Financial Co. 1,SMB,Manufacturing,7,2025-05-06
5274,Palisade Materials Corp. 1,Mid-Market,Healthcare,6,2023-11-29
5275,Redwood Ventures Ltd. 2,Enterprise,Technology,11,2024-05-30
5276,Horizon Technologies Corp.,SMB,Retail,29,2019-07-25
5277,Delta Health Corp. 1,SMB,Retail,14,2024-10-06
5278,Insight Networks Ltd. 1,Mid-Market,Healthcare,8,2020-12-02
5279,Cascade Consulting Inc. 1,Mid-Market,Finance,16,2019-06-30
5280,Delta Consulting Co.,Mid-Market,Finance,11,2023-02-15
5281,Brightpath Holdings LLC 3,Mid-Market,Professional Services,20,2020-08-02
5282,Cascade Consulting Corp.,Mid-Market,Education,14,2019-07-24
5283,Northwind Dynamics Ltd. 2,Mid-Market,Healthcare,18,2023-04-08
5284,Redwood Partners LLC,SMB,Manufacturing,14,2019-09-09
5285,Meridian Retail LLC 2,Mid-Market,Professional Services,15,2025-03-17
5286,Union Analytics Inc. 4,Mid-Market,Finance,14,2025-10-13
5287,Nova Enterprises Inc. 2,Enterprise,Technology,12,2024-03-01
5288,Silverline Systems Co. 1,SMB,Finance,29,2021-01-05
5289,Beacon Analytics Corp. 2,Mid-Market,Retail,8,2022-12-08
5290,Everest Analytics Ltd. 2,Mid-Market,Professional Services,25,2019-03-22
5291,Crestline Technologies Inc. 3,Enterprise,Finance,22,2023-05-08
5292,Union Materials Co. 2,SMB,Technology,16,2020-11-05
5293,Northwind Dynamics LLC 2,SMB,Healthcare,10,2022-03-09
5294,Catalyst Analytics Corp. 2,Enterprise,Finance,15,2020-04-02
5295,Bluepeak Foods Corp. 1,Enterprise,Technology,26,2025-11-26
5296,Palisade Analytics Ltd. 1,Enterprise,Technology,6,2020-06-14
5297,Meridian Health Inc. 1,SMB,Retail,18,2021-12-01
5298,Crestline Industries Co. 2,SMB,Education,23,2020-10-12
5299,Brightpath Partners Inc. 5,Mid-Market,Healthcare,20,2022-10-16
5300,Union Industries Ltd. 2,Mid-Market,Manufacturing,5,2025-05-03
5301,Palisade Technologies LLC,SMB,Retail,16,2020-02-22
5302,Catalyst Dynamics Co. 3,SMB,Retail,6,2019-12-26
5303,Palisade Systems Corp. 2,Mid-Market,Professional Services,28,2019-07-09
5304,Everest Dynamics Co.,Mid-Market,Professional Services,11,2023-02-15
5305,Meridian Solutions Co. 1,Mid-Market,Finance,13,2023-03-19
5306,Redwood Solutions LLC 2,SMB,Professional Services,26,2024-09-30
5307,Silverline Foods LLC 3,SMB,Technology,13,2024-11-06
5308,Brightpath Analytics Inc. 2,SMB,Professional Services,6,2019-09-18
5309,Nova Enterprises Ltd. 1,SMB,Technology,27,2025-05-16
5310,Everest Manufacturing Inc. 2,Mid-Market,Technology,20,2024-10-20
5311,Redwood Group Inc. 2,Mid-Market,Technology,19,2023-07-13
5312,Ironclad Enterprises Co. 2,Enterprise,Technology,3,2021-06-06
5313,Falcon Materials Ltd. 4,SMB,Manufacturing,14,2024-03-20
5314,Orbit Logistics Corp.,SMB,Retail,14,2023-05-06
5315,Orbit Materials Inc.,Mid-Market,Education,8,2021-06-21
5316,Ironclad Enterprises Co. 3,Enterprise,Technology,17,2019-02-03
5317,Harbor Dynamics Co. 3,SMB,Finance,8,2023-02-23
5318,Prime Retail Inc. 2,SMB,Technology,15,2023-01-13
5319,Nova Health Ltd. 2,SMB,Healthcare,25,2020-01-31
5320,Pioneer Holdings LLC 1,Mid-Market,Education,23,2025-05-05
5321,Beacon Enterprises Ltd. 1,SMB,Retail,9,2020-02-12
5322,Global Materials LLC 1,SMB,Healthcare,7,2021-01-03
5323,Anchor Group Inc.,SMB,Finance,1,2021-08-08
5324,Falcon Analytics Ltd. 3,SMB,Professional Services,11,2023-10-12
5325,Palisade Retail Co. 2,SMB,Retail,1,2019-07-28
5326,Vertex Holdings Ltd. 1,SMB,Healthcare,4,2023-12-01
5327,Sterling Technologies Inc. 3,SMB,Professional Services,30,2021-11-25
5328,Orbit Health Corp. 1,Mid-Market,Healthcare,26,2020-04-12
5329,Global Financial Corp. 3,Mid-Market,Finance,17,2019-10-14
5330,Vertex Retail Ltd. 1,SMB,Retail,24,2021-11-19
5331,Beacon Consulting Ltd. 3,SMB,Manufacturing,15,2022-02-13
5332,Ironclad Industries Co.,Enterprise,Technology,19,2019-12-17
5333,Silverline Health Ltd. 2,Enterprise,Education,28,2022-05-18
5334,Catalyst Technologies Co. 3,SMB,Healthcare,3,2022-07-08
5335,Redwood Technologies Co.,SMB,Retail,11,2025-11-12
5336,Insight Analytics LLC 3,SMB,Finance,4,2023-12-29
5337,Summit Dynamics Ltd. 1,Mid-Market,Education,24,2019-02-01
5338,Crestline Retail Inc. 1,SMB,Professional Services,25,2022-05-03
5339,Vertex Retail Ltd. 2,SMB,Education,22,2019-02-25
5340,Meridian Foods LLC 2,Mid-Market,Professional Services,19,2022-07-30
5341,Granite Foods LLC 3,Enterprise,Manufacturing,15,2021-05-13
5342,Meridian Logistics Corp.,SMB,Technology,1,2025-04-28
5343,Northwind Retail LLC,Enterprise,Manufacturing,24,2022-06-14
5344,Apex Health Ltd. 2,SMB,Manufacturing,27,2024-12-12
5345,Cascade Group Corp. 2,SMB,Education,29,2023-02-01
5346,Horizon Networks Ltd. 2,SMB,Healthcare,11,2021-10-10
5347,Vertex Consulting Corp. 1,Mid-Market,Retail,7,2020-08-10
5348,Nova Retail LLC 1,SMB,Manufacturing,20,2020-04-13
5349,Union Dynamics Ltd. 1,Mid-Market,Retail,1,2024-07-23
5350,Anchor Group Co. 3,SMB,Finance,2,2025-03-06
5351,Beacon Partners Corp. 1,Mid-Market,Finance,25,2021-04-08
5352,Summit Materials Ltd. 2,SMB,Healthcare,29,2022-06-18
5353,Granite Logistics Ltd. 1,SMB,Education,13,2021-01-04
5354,Redwood Group Inc. 3,Mid-Market,Technology,16,2022-03-09
5355,Ironclad Analytics Inc. 2,Mid-Market,Healthcare,17,2025-01-31
5356,Falcon Ventures Corp. 2,SMB,Finance,5,2019-12-19
5357,Crestline Logistics LLC 2,Enterprise,Healthcare,7,2021-01-15
5358,Redwood Consulting Ltd. 1,Mid-Market,Professional Services,9,2023-11-13
5359,Apex Holdings Co. 2,Mid-Market,Finance,26,2021-03-04
5360,Silverline Technologies Ltd. 2,SMB,Healthcare,14,2019-07-27
5361,Prime Foods LLC 2,SMB,Healthcare,22,2021-08-14
5362,Vertex Ventures LLC 3,Mid-Market,Healthcare,6,2023-09-25
5363,Union Financial Inc. 4,SMB,Retail,29,2025-11-20
5364,Pioneer Health Inc.,Mid-Market,Manufacturing,27,2025-03-30
5365,Insight Dynamics Ltd. 1,Mid-Market,Healthcare,15,2022-12-07
5366,Horizon Enterprises Ltd. 1,Mid-Market,Professional Services,7,2024-06-09
5367,Apex Foods Inc. 1,Mid-Market,Retail,30,2022-12-31
5368,Orbit Systems Ltd.,Mid-Market,Finance,25,2022-06-16
5369,Cascade Retail Corp. 2,SMB,Manufacturing,16,2020-03-12
5370,Sterling Technologies Co. 1,Enterprise,Retail,9,2021-01-16
5371,Palisade Group Ltd.,SMB,Healthcare,19,2022-03-01
5372,Brightpath Enterprises LLC,Mid-Market,Education,12,2025-11-24
5373,Brightpath Analytics Corp. 3,Mid-Market,Healthcare,21,2023-04-05
5374,Catalyst Dynamics LLC 3,Enterprise,Technology,25,2025-08-12
5375,Sterling Health Co. 3,SMB,Manufacturing,15,2020-10-23
5376,Nova Materials Corp.,SMB,Professional Services,2,2019-06-26
5377,Orbit Analytics Co. 3,Mid-Market,Education,17,2025-11-05
5378,Palisade Materials Corp. 2,Mid-Market,Finance,26,2021-04-22
5379,Crestline Systems Corp.,Mid-Market,Finance,7,2022-09-30
5380,Everest Foods Inc. 4,SMB,Retail,29,2019-07-01
5381,Silverline Consulting Co. 2,Mid-Market,Healthcare,11,2025-01-08
5382,Northwind Technologies Ltd. 1,SMB,Education,21,2019-01-02
5383,Cascade Materials LLC,Mid-Market,Finance,22,2025-05-04
5384,Union Solutions Co. 2,Mid-Market,Healthcare,6,2020-02-27
5385,Anchor Consulting LLC 2,SMB,Technology,2,2020-04-13
5386,Prime Manufacturing Inc. 2,Mid-Market,Retail,29,2024-10-11
5387,Vertex Systems Ltd. 2,Enterprise,Technology,22,2021-09-14
5388,Apex Dynamics Ltd. 1,SMB,Education,19,2020-10-16
5389,Silverline Solutions Corp. 1,Enterprise,Professional Services,10,2023-03-05
5390,Granite Health Ltd. 1,Mid-Market,Technology,4,2020-10-12
5391,Harbor Foods LLC 3,Mid-Market,Technology,9,2021-01-02
5392,Ironclad Financial LLC 2,Mid-Market,Professional Services,17,2019-04-27
5393,Redwood Enterprises LLC 4,SMB,Technology,21,2022-10-10
5394,Redwood Partners LLC 1,Enterprise,Finance,10,2019-11-27
5395,Prime Financial LLC 2,SMB,Professional Services,7,2024-11-09
5396,Meridian Partners Inc. 1,SMB,Technology,8,2024-04-03
5397,Harbor Networks LLC 2,SMB,Retail,29,2020-12-30
5398,Union Solutions Corp. 1,SMB,Finance,19,2022-09-26
5399,Prime Foods LLC 3,SMB,Manufacturing,30,2023-01-15
5400,Apex Solutions Corp. 2,SMB,Professional Services,1,2023-08-31
5401,Beacon Systems Co. 2,Mid-Market,Retail,14,2021-12-06
5402,Granite Foods Inc. 3,Mid-Market,Finance,14,2023-07-26
5403,Pioneer Foods Co. 1,SMB,Professional Services,13,2020-03-08
5404,Cascade Retail Inc.,Mid-Market,Retail,12,2022-04-18
5405,Everest Retail Corp. 5,SMB,Technology,3,2019-08-29
5406,Prime Solutions Inc. 1,Enterprise,Finance,1,2025-08-02
5407,Vertex Dynamics Corp. 4,SMB,Healthcare,24,2021-10-23
5408,Cascade Materials Co. 2,Mid-Market,Retail,14,2023-04-28
5409,Cascade Partners Inc. 1,SMB,Professional Services,5,2022-06-05
5410,Silverline Materials Corp. 3,Mid-Market,Technology,11,2019-03-10
5411,Harbor Health Corp. 1,Enterprise,Education,28,2019-06-10
5412,Insight Financial Corp. 2,SMB,Professional Services,15,2020-11-07
5413,Brightpath Materials Ltd.,SMB,Professional Services,30,2023-09-22
5414,Apex Materials LLC,SMB,Retail,5,2023-06-28
5415,Prime Manufacturing Ltd. 3,SMB,Finance,4,2020-04-25
5416,Vertex Industries LLC 1,Mid-Market,Healthcare,17,2022-06-02
5417,Global Networks LLC 2,SMB,Professional Services,21,2021-07-27
5418,Cascade Financial Corp. 4,Mid-Market,Finance,30,2022-12-24
5419,Global Health Co.,SMB,Finance,14,2021-05-05
5420,Brightpath Holdings Corp. 1,Mid-Market,Education,7,2025-04-09
5421,Crestline Analytics Co. 1,Enterprise,Education,17,2022-04-22
5422,Anchor Partners Inc. 1,SMB,Education,10,2021-12-26
5423,Redwood Networks Inc. 1,SMB,Professional Services,6,2023-12-03
5424,Harbor Consulting Corp. 2,Mid-Market,Professional Services,3,2024-06-18
5425,Silverline Enterprises Co. 3,SMB,Healthcare,22,2022-01-23
5426,Nova Consulting LLC 1,SMB,Healthcare,20,2019-10-06
5427,Granite Industries LLC,Mid-Market,Healthcare,5,2019-08-06
5428,Northwind Group Inc. 2,SMB,Retail,17,2021-04-15
5429,Beacon Foods Co. 2,Mid-Market,Retail,27,2024-02-16
5430,Catalyst Consulting Inc. 5,Enterprise,Professional Services,25,2023-07-29
5431,Granite Foods Ltd. 1,SMB,Education,14,2021-01-05
5432,Sterling Financial LLC 1,Enterprise,Education,2,2019-01-12
5433,Redwood Dynamics Corp. 2,Enterprise,Technology,20,2023-07-01
5434,Cascade Group Ltd. 4,SMB,Retail,16,2022-12-13
5435,Orbit Partners Corp. 2,Enterprise,Education,28,2024-05-28
5436,Catalyst Manufacturing Inc. 3,SMB,Professional Services,17,2023-10-20
5437,Ironclad Group Corp. 2,SMB,Finance,23,2020-09-23
5438,Summit Dynamics Inc.,Enterprise,Education,16,2024-02-17
5439,Cascade Technologies Co.,SMB,Finance,17,2022-05-28
5440,Granite Dynamics Co.,Enterprise,Healthcare,10,2023-01-09
5441,Horizon Health Co. 2,SMB,Finance,13,2021-07-01
5442,Silverline Networks Corp. 1,Enterprise,Healthcare,9,2024-07-13
5443,Everest Materials Corp.,SMB,Professional Services,14,2020-05-16
5444,Crestline Networks Corp. 3,Mid-Market,Healthcare,29,2020-06-06
5445,Palisade Networks Co. 1,SMB,Technology,11,2020-08-29
5446,Catalyst Ventures Ltd. 3,Enterprise,Retail,14,2024-07-11
5447,Northwind Solutions Corp. 1,Mid-Market,Retail,29,2024-02-05
5448,Falcon Dynamics Co. 1,Mid-Market,Manufacturing,5,2020-11-20
5449,Orbit Solutions Corp. 2,SMB,Healthcare,8,2020-01-03
5450,Crestline Technologies Ltd. 2,SMB,Manufacturing,15,2019-03-14
5451,Horizon Analytics LLC 2,Enterprise,Professional Services,13,2023-10-14
5452,Prime Technologies Corp. 2,Enterprise,Technology,11,2022-10-09
5453,Ironclad Holdings Co. 1,Mid-Market,Education,24,2023-12-01
5454,Horizon Manufacturing LLC 2,Mid-Market,Technology,15,2023-12-16
5455,Bluepeak Partners Ltd. 1,SMB,Healthcare,11,2024-11-29
5456,Anchor Solutions LLC 2,SMB,Professional Services,15,2021-11-29
5457,Falcon Financial Corp. 2,SMB,Finance,27,2024-10-15
5458,Palisade Health LLC 1,Enterprise,Manufacturing,30,2022-01-18
5459,Redwood Manufacturing Ltd. 2,Mid-Market,Finance,8,2023-12-15
5460,Palisade Logistics Ltd. 1,SMB,Retail,2,2022-11-09
5461,Meridian Foods Co. 2,Mid-Market,Finance,1,2025-06-13
5462,Crestline Financial LLC 2,SMB,Manufacturing,14,2021-08-04
5463,Beacon Solutions Inc. 3,Mid-Market,Education,19,2023-10-30
5464,Nova Industries Co. 3,Mid-Market,Manufacturing,2,2023-03-09
5465,Granite Partners LLC 2,SMB,Manufacturing,16,2025-12-27
5466,Meridian Partners Ltd. 6,Mid-Market,Education,12,2019-07-17
5467,Delta Retail LLC 3,SMB,Finance,28,2023-03-09
5468,Apex Logistics Co. 2,Mid-Market,Education,19,2020-08-17
5469,Silverline Foods Inc. 1,Enterprise,Education,13,2025-03-09
5470,Meridian Ventures Inc. 1,Mid-Market,Professional Services,18,2024-07-23
5471,Bluepeak Analytics LLC 1,Mid-Market,Manufacturing,5,2023-08-19
5472,Redwood Financial Corp. 4,SMB,Manufacturing,15,2022-05-12
5473,Sterling Manufacturing Ltd. 1,Enterprise,Technology,10,2023-10-08
5474,Harbor Materials Corp. 2,SMB,Technology,6,2022-11-17
5475,Delta Group LLC 2,SMB,Technology,12,2021-01-04
5476,Horizon Group Inc. 2,Mid-Market,Retail,20,2024-09-25
5477,Insight Manufacturing Co. 2,Mid-Market,Finance,18,2022-08-03
5478,Silverline Health Corp. 2,Mid-Market,Finance,29,2020-10-19
5479,Orbit Industries Co. 1,SMB,Retail,9,2023-08-26
5480,Global Logistics LLC 2,SMB,Finance,21,2019-02-17
5481,Palisade Holdings LLC 3,Enterprise,Technology,17,2024-01-15
5482,Falcon Retail LLC,SMB,Manufacturing,27,2022-04-17
5483,Crestline Logistics Corp. 2,Mid-Market,Manufacturing,28,2023-06-10
5484,Falcon Systems Inc. 1,Mid-Market,Technology,22,2020-02-06
5485,Apex Systems Inc. 1,Enterprise,Healthcare,13,2024-01-10
5486,Insight Consulting Ltd. 5,SMB,Healthcare,17,2024-01-23
5487,Prime Holdings Ltd. 1,Mid-Market,Retail,20,2024-03-10
5488,Silverline Systems Corp. 4,Mid-Market,Healthcare,25,2022-04-09
5489,Global Technologies Corp. 2,Enterprise,Technology,7,2023-06-26
5490,Falcon Technologies Corp.,SMB,Healthcare,27,2022-11-04
5491,Redwood Partners Corp. 1,Mid-Market,Manufacturing,25,2019-02-28
5492,Insight Analytics LLC 4,Mid-Market,Education,3,2021-11-23
5493,Cascade Retail Ltd.,Mid-Market,Technology,9,2024-09-13
5494,Summit Logistics Inc. 3,SMB,Professional Services,8,2021-04-03
5495,Palisade Health Ltd. 1,Mid-Market,Finance,18,2024-03-29
5496,Nova Materials Ltd. 2,SMB,Finance,7,2023-06-23
5497,Union Technologies Corp. 1,Mid-Market,Technology,10,2021-06-21
5498,Summit Analytics LLC 1,Mid-Market,Healthcare,6,2019-01-02
5499,Vertex Holdings Co. 1,SMB,Manufacturing,3,2022-01-06
5500,Sterling Financial Co. 5,SMB,Retail,14,2021-10-01
5501,Palisade Foods Co. 2,Mid-Market,Education,10,2019-12-21
5502,Nova Industries Inc.,SMB,Manufacturing,16,2024-09-23
5503,Vertex Technologies Ltd. 3,SMB,Technology,7,2025-09-08
5504,Everest Networks Inc. 1,Mid-Market,Finance,9,2019-11-06
5505,Global Analytics Inc. 2,SMB,Education,27,2020-08-13
5506,Horizon Manufacturing Inc. 1,SMB,Retail,25,2023-06-05
5507,Insight Industries Ltd. 3,Mid-Market,Retail,8,2025-08-27
5508,Ironclad Consulting Ltd. 1,SMB,Manufacturing,5,2025-07-15
5509,Global Consulting Co. 2,Mid-Market,Manufacturing,30,2025-07-08
5510,Falcon Health Ltd.,Enterprise,Professional Services,21,2022-01-30
5511,Bluepeak Group Corp. 4,SMB,Retail,15,2025-11-24
5512,Anchor Systems Inc. 2,SMB,Retail,21,2021-07-21
5513,Sterling Analytics Ltd. 1,SMB,Finance,7,2019-08-10
5514,Cascade Analytics Co. 1,SMB,Manufacturing,13,2023-12-06
5515,Cascade Logistics LLC 1,SMB,Retail,12,2022-11-22
5516,Ironclad Ventures Ltd.,Mid-Market,Professional Services,22,2024-08-05
5517,Cascade Technologies Corp. 1,SMB,Education,6,2023-05-07
5518,Vertex Solutions Corp.,SMB,Retail,15,2024-09-28
5519,Anchor Networks Ltd. 2,SMB,Education,26,2021-05-28
5520,Palisade Retail LLC 1,Mid-Market,Technology,6,2021-01-05
5521,Union Logistics Co. 3,Mid-Market,Healthcare,4,2024-04-19
5522,Beacon Consulting Co. 2,Enterprise,Healthcare,25,2022-06-26
5523,Redwood Financial Inc. 2,Mid-Market,Retail,27,2020-04-03
5524,Granite Partners Corp. 5,Mid-Market,Education,13,2021-08-16
5525,Falcon Enterprises Inc. 1,SMB,Healthcare,2,2024-08-08
5526,Insight Ventures LLC 2,SMB,Healthcare,17,2025-06-19
5527,Pioneer Technologies LLC 2,Mid-Market,Manufacturing,9,2024-04-27
5528,Pioneer Networks Ltd. 2,Mid-Market,Professional Services,18,2024-01-10
5529,Silverline Manufacturing LLC 4,SMB,Technology,5,2024-09-05
5530,Palisade Partners LLC 1,Enterprise,Professional Services,25,2020-05-27
5531,Prime Holdings Ltd. 2,SMB,Healthcare,21,2023-01-21
5532,Pioneer Networks Ltd. 3,Mid-Market,Healthcare,20,2023-02-27
5533,Summit Retail Inc.,Enterprise,Retail,16,2025-08-14
5534,Ironclad Networks LLC 3,Mid-Market,Education,7,2019-02-09
5535,Insight Foods Ltd. 1,SMB,Professional Services,29,2025-10-16
5536,Orbit Ventures Inc.,Mid-Market,Technology,8,2024-01-30
5537,Beacon Solutions Corp. 1,SMB,Technology,11,2019-02-27
5538,Summit Health Corp.,Mid-Market,Manufacturing,28,2022-08-19
5539,Horizon Manufacturing Ltd. 2,Mid-Market,Manufacturing,2,2019-06-28
5540,Palisade Manufacturing Ltd. 3,SMB,Healthcare,4,2023-03-23
5541,Meridian Ventures Corp. 1,Enterprise,Retail,23,2022-02-28
5542,Global Systems Corp. 2,Enterprise,Healthcare,12,2024-05-28
5543,Horizon Group Ltd. 1,SMB,Professional Services,18,2023-01-21
5544,Catalyst Materials LLC 4,SMB,Healthcare,18,2024-07-02
5545,Palisade Consulting Corp. 3,Mid-Market,Retail,25,2021-07-31
5546,Delta Dynamics Corp. 4,Enterprise,Manufacturing,19,2024-12-30
5547,Bluepeak Enterprises LLC 4,SMB,Technology,13,2025-01-23
5548,Granite Consulting Ltd. 2,SMB,Retail,17,2023-08-03
5549,Granite Enterprises Ltd. 1,SMB,Healthcare,23,2020-11-05
5550,Cascade Enterprises Co.,SMB,Manufacturing,12,2025-12-09
5551,Horizon Manufacturing Corp. 1,SMB,Retail,6,2024-09-21
5552,Harbor Group Ltd. 2,Mid-Market,Technology,15,2024-12-16
5553,Bluepeak Manufacturing LLC 1,Mid-Market,Healthcare,30,2019-01-30
5554,Silverline Ventures Co. 3,SMB,Finance,4,2024-10-12
5555,Granite Analytics Co. 3,SMB,Professional Services,6,2020-07-10
5556,Crestline Consulting Corp. 1,SMB,Healthcare,30,2022-07-23
5557,Falcon Enterprises Ltd. 4,SMB,Professional Services,25,2023-12-06
5558,Nova Ventures Corp. 1,Mid-Market,Manufacturing,4,2021-11-14
5559,Crestline Analytics Inc. 1,Mid-Market,Professional Services,7,2020-09-14
5560,Cascade Partners Co. 2,SMB,Education,21,2022-07-02
5561,Silverline Enterprises Ltd. 4,Mid-Market,Finance,24,2021-02-05
5562,Prime Ventures Corp. 1,SMB,Manufacturing,23,2023-04-22
5563,Falcon Ventures LLC 1,SMB,Education,26,2021-11-09
5564,Sterling Enterprises Ltd. 5,Enterprise,Technology,16,2023-02-21
5565,Palisade Group Corp. 2,SMB,Retail,27,2025-12-06
5566,Anchor Health Co. 2,SMB,Manufacturing,18,2022-06-20
5567,Sterling Logistics LLC 1,SMB,Technology,15,2021-12-24
5568,Sterling Logistics Corp. 1,Mid-Market,Professional Services,20,2025-12-03
5569,Sterling Enterprises Inc. 1,SMB,Healthcare,13,2025-06-23
5570,Anchor Materials Ltd. 3,Mid-Market,Professional Services,19,2023-09-17
5571,Granite Partners LLC 3,SMB,Healthcare,26,2022-10-24
5572,Vertex Health Inc. 3,Enterprise,Manufacturing,29,2020-11-23
5573,Redwood Industries Corp. 1,SMB,Finance,18,2023-05-14
5574,Vertex Systems Corp.,SMB,Professional Services,1,2024-11-01
5575,Vertex Logistics LLC 1,SMB,Professional Services,19,2025-11-13
5576,Harbor Retail Co. 1,SMB,Education,8,2020-03-13
5577,Silverline Systems Inc. 1,Enterprise,Education,8,2020-12-01
5578,Anchor Ventures LLC 5,SMB,Education,27,2025-03-10
5579,Anchor Dynamics LLC,Mid-Market,Finance,14,2025-01-09
5580,Global Systems Co. 1,SMB,Professional Services,24,2024-01-06
5581,Silverline Dynamics LLC 1,Enterprise,Manufacturing,12,2019-09-23
5582,Vertex Consulting LLC 3,SMB,Finance,19,2023-12-11
5583,Northwind Consulting Corp. 1,Mid-Market,Healthcare,20,2022-04-13
5584,Vertex Foods LLC 2,SMB,Retail,27,2021-08-06
5585,Sterling Financial LLC 2,SMB,Healthcare,6,2020-10-02
5586,Pioneer Industries LLC 2,Mid-Market,Retail,17,2021-03-23
5587,Orbit Retail Corp. 2,Mid-Market,Technology,13,2022-10-01
5588,Northwind Systems Ltd. 1,SMB,Retail,14,2020-02-18
5589,Harbor Financial Corp. 2,SMB,Retail,26,2022-07-25
5590,Catalyst Materials Co. 1,Enterprise,Manufacturing,5,2019-05-04
5591,Bluepeak Financial LLC 4,Mid-Market,Retail,17,2021-11-15
5592,Crestline Industries Co. 3,Mid-Market,Professional Services,12,2025-09-19
5593,Anchor Industries Ltd. 1,SMB,Education,27,2024-03-03
5594,Union Financial Inc. 5,SMB,Manufacturing,7,2019-06-25
5595,Ironclad Group Ltd. 1,Enterprise,Professional Services,7,2023-10-25
5596,Apex Dynamics Co.,SMB,Professional Services,3,2020-05-16
5597,Apex Group Ltd.,SMB,Healthcare,14,2022-04-26
5598,Sterling Technologies LLC 1,SMB,Finance,1,2021-01-21
5599,Silverline Industries Corp. 1,Enterprise,Education,16,2025-07-15
5600,Delta Solutions Co. 1,Mid-Market,Manufacturing,7,2019-05-20
5601,Global Foods LLC 2,Mid-Market,Technology,13,2025-03-01
5602,Vertex Systems Corp. 1,Mid-Market,Manufacturing,19,2023-11-28
5603,Catalyst Retail Corp. 3,Mid-Market,Finance,21,2021-07-16
5604,Insight Holdings Co.,Enterprise,Education,2,2025-02-26
5605,Beacon Consulting Co. 3,Enterprise,Manufacturing,5,2021-11-04
5606,Global Group Ltd.,SMB,Technology,10,2023-11-21
5607,Summit Retail Corp.,Mid-Market,Technology,16,2024-07-06
5608,Falcon Systems Corp. 2,SMB,Finance,27,2021-01-02
5609,Silverline Analytics Ltd. 2,Enterprise,Healthcare,5,2019-07-04
5610,Silverline Health Inc. 3,SMB,Professional Services,3,2025-01-27
5611,Harbor Networks Corp. 1,Mid-Market,Healthcare,19,2020-08-14
5612,Prime Enterprises LLC 2,SMB,Retail,30,2025-07-09
5613,Crestline Solutions Co. 1,SMB,Technology,25,2021-03-16
5614,Palisade Retail Co. 3,Mid-Market,Manufacturing,17,2021-11-26
5615,Granite Financial LLC 3,SMB,Professional Services,1,2022-01-04
5616,Bluepeak Enterprises Ltd. 1,Mid-Market,Retail,18,2022-04-10
5617,Nova Ventures Corp. 2,SMB,Finance,14,2025-09-26
5618,Summit Materials Co. 4,Enterprise,Education,14,2020-09-18
5619,Global Dynamics Corp. 1,Mid-Market,Manufacturing,15,2023-04-04
5620,Cascade Systems Ltd. 2,Mid-Market,Healthcare,17,2021-01-21
5621,Redwood Solutions Ltd. 3,SMB,Professional Services,22,2019-12-01
5622,Silverline Retail Co. 1,Mid-Market,Professional Services,6,2021-01-08
5623,Prime Materials Ltd. 4,SMB,Manufacturing,3,2022-11-12
5624,Palisade Industries LLC 1,Mid-Market,Technology,2,2023-04-01
5625,Falcon Foods Ltd. 3,Mid-Market,Finance,13,2020-11-05
5626,Horizon Retail LLC,Mid-Market,Manufacturing,16,2025-11-28
5627,Palisade Logistics Ltd. 2,SMB,Professional Services,24,2021-07-16
5628,Ironclad Enterprises Co. 4,SMB,Education,14,2024-10-27
5629,Palisade Financial Corp. 1,Enterprise,Healthcare,16,2019-03-31
5630,Global Retail Co. 2,SMB,Manufacturing,30,2023-11-12
5631,Palisade Dynamics Inc.,Mid-Market,Healthcare,23,2021-02-14
5632,Beacon Enterprises Corp. 1,Enterprise,Manufacturing,21,2022-10-04
5633,Palisade Health Co. 3,SMB,Manufacturing,11,2024-11-08
5634,Everest Health Ltd. 6,Enterprise,Manufacturing,5,2024-01-27
5635,Beacon Consulting LLC 2,Mid-Market,Finance,28,2021-07-08
5636,Insight Consulting Corp. 3,SMB,Manufacturing,17,2024-02-16
5637,Palisade Analytics Inc. 1,Mid-Market,Education,3,2021-11-24
5638,Orbit Group Co. 3,SMB,Manufacturing,15,2019-06-12
5639,Everest Health Inc. 3,SMB,Technology,3,2023-08-29
5640,Palisade Group Corp. 3,SMB,Education,30,2025-07-22
5641,Ironclad Foods Corp. 4,SMB,Retail,16,2019-08-02
5642,Brightpath Foods Ltd.,SMB,Retail,24,2023-10-24
5643,Bluepeak Group Corp. 5,Mid-Market,Retail,15,2024-11-16
5644,Union Foods Inc. 2,SMB,Healthcare,1,2023-03-05
5645,Silverline Retail Ltd. 2,SMB,Professional Services,20,2022-05-25
5646,Pioneer Enterprises Co. 2,SMB,Professional Services,20,2020-08-29
5647,Orbit Logistics Ltd. 1,Mid-Market,Healthcare,7,2020-05-10
5648,Harbor Logistics Inc. 1,SMB,Healthcare,22,2021-10-09
5649,Northwind Systems Inc. 2,SMB,Healthcare,7,2023-06-28
5650,Palisade Logistics LLC 3,Mid-Market,Professional Services,21,2021-03-15
5651,Meridian Ventures LLC 1,SMB,Professional Services,23,2022-06-02
5652,Crestline Manufacturing Inc. 5,Mid-Market,Healthcare,5,2023-03-14
5653,Cascade Enterprises Co. 1,Mid-Market,Retail,9,2020-06-20
5654,Harbor Logistics Ltd.,SMB,Healthcare,5,2024-03-10
5655,Pioneer Logistics Ltd. 2,Mid-Market,Technology,22,2023-05-26
5656,Palisade Health Co. 4,Enterprise,Healthcare,8,2023-02-21
5657,Delta Networks Co. 1,Enterprise,Technology,20,2022-05-07
5658,Vertex Holdings Inc.,Mid-Market,Education,13,2021-07-21
5659,Beacon Industries Inc. 3,SMB,Education,3,2022-11-03
5660,Sterling Retail Ltd. 1,SMB,Healthcare,27,2024-05-11
5661,Bluepeak Technologies Co. 2,SMB,Manufacturing,22,2023-12-10
5662,Vertex Networks Ltd. 2,Enterprise,Healthcare,8,2024-02-29
5663,Harbor Materials Co. 1,SMB,Manufacturing,27,2020-06-19
5664,Vertex Technologies Ltd. 4,SMB,Professional Services,22,2024-06-15
5665,Harbor Holdings Corp.,SMB,Professional Services,25,2021-05-07
5666,Sterling Consulting Inc. 3,Mid-Market,Education,6,2020-08-18
5667,Everest Consulting Ltd.,Enterprise,Healthcare,1,2019-11-07
5668,Crestline Holdings LLC 1,SMB,Healthcare,2,2024-10-23
5669,Global Logistics LLC 3,SMB,Healthcare,17,2023-05-12
5670,Sterling Analytics Co. 1,Enterprise,Technology,24,2024-11-20
5671,Cascade Holdings Ltd. 1,SMB,Retail,28,2022-12-05
5672,Ironclad Networks Corp. 3,Enterprise,Retail,29,2025-01-07
5673,Orbit Group Ltd.,Enterprise,Professional Services,18,2022-11-23
5674,Northwind Health Ltd.,SMB,Technology,19,2023-07-09
5675,Anchor Dynamics Corp.,SMB,Healthcare,9,2019-05-25
5676,Redwood Retail Co. 2,Mid-Market,Education,1,2023-09-08
5677,Sterling Retail Inc. 1,SMB,Retail,6,2023-03-08
5678,Palisade Technologies Corp. 2,SMB,Finance,2,2020-09-10
5679,Palisade Health Corp. 2,Enterprise,Healthcare,21,2019-10-16
5680,Northwind Systems Inc. 3,SMB,Manufacturing,16,2021-06-06
5681,Catalyst Dynamics Ltd.,SMB,Healthcare,24,2019-06-03
5682,Horizon Technologies Inc. 2,SMB,Manufacturing,5,2023-03-16
5683,Harbor Systems Ltd.,SMB,Professional Services,28,2022-10-27
5684,Delta Manufacturing Ltd. 2,SMB,Healthcare,22,2025-06-03
5685,Ironclad Consulting Corp. 1,Enterprise,Technology,28,2022-08-15
5686,Vertex Manufacturing LLC 1,Mid-Market,Education,20,2024-02-09
5687,Granite Networks Co. 1,SMB,Technology,11,2023-08-25
5688,Ironclad Materials Ltd. 4,SMB,Professional Services,19,2023-11-24
5689,Delta Enterprises Inc. 2,Enterprise,Education,19,2021-03-12
5690,Global Logistics Ltd. 1,Enterprise,Finance,6,2021-11-27
5691,Bluepeak Networks Inc. 4,SMB,Finance,4,2019-11-03
5692,Crestline Holdings Ltd.,Enterprise,Finance,20,2023-07-21
5693,Delta Ventures LLC 3,Enterprise,Finance,3,2021-02-12
5694,Orbit Foods Ltd.,SMB,Education,4,2022-11-03
5695,Pioneer Partners Co. 3,SMB,Education,3,2025-06-13
5696,Union Enterprises Ltd. 1,SMB,Healthcare,19,2023-10-12
5697,Nova Retail Ltd. 3,SMB,Healthcare,28,2020-11-15
5698,Orbit Holdings Ltd. 2,Mid-Market,Manufacturing,15,2022-08-08
5699,Insight Networks Ltd. 2,SMB,Retail,5,2023-03-20
5700,Orbit Group Co. 4,Mid-Market,Education,16,2024-12-12
5701,Meridian Partners Co. 2,Mid-Market,Finance,15,2024-07-21
5702,Summit Enterprises Ltd.,SMB,Manufacturing,18,2021-03-16
5703,Orbit Health Corp. 2,SMB,Technology,13,2025-06-08
5704,Harbor Systems LLC 3,SMB,Manufacturing,16,2020-01-12
5705,Harbor Dynamics LLC 1,Mid-Market,Retail,10,2020-12-06
5706,Harbor Retail Ltd.,SMB,Finance,28,2019-03-28
5707,Bluepeak Industries Ltd. 3,SMB,Finance,17,2021-03-06
5708,Summit Logistics Corp. 2,SMB,Manufacturing,10,2021-11-24
5709,Prime Technologies Corp. 3,SMB,Professional Services,1,2020-09-08
5710,Horizon Manufacturing Ltd. 3,Mid-Market,Retail,21,2019-02-02
5711,Apex Analytics Corp. 4,SMB,Professional Services,12,2019-01-27
5712,Anchor Consulting Inc. 2,SMB,Technology,8,2025-06-19
5713,Redwood Manufacturing Inc. 1,SMB,Education,15,2024-02-22
5714,Anchor Analytics LLC 3,SMB,Technology,15,2023-11-21
5715,Vertex Logistics LLC 2,SMB,Finance,25,2024-07-01
5716,Palisade Consulting Ltd. 1,Enterprise,Finance,17,2023-11-10
5717,Summit Industries Corp.,Mid-Market,Healthcare,22,2019-06-07
5718,Anchor Systems Corp.,SMB,Professional Services,20,2025-06-24
5719,Delta Technologies Inc. 3,SMB,Professional Services,26,2022-01-01
5720,Prime Logistics Inc. 3,SMB,Manufacturing,1,2022-03-04
5721,Northwind Dynamics Co. 1,Enterprise,Manufacturing,12,2025-03-16
5722,Orbit Dynamics Co.,Mid-Market,Education,22,2020-06-06
5723,Brightpath Networks Inc. 1,SMB,Retail,5,2021-03-10
5724,Redwood Financial Corp. 5,SMB,Manufacturing,14,2024-12-25
5725,Pioneer Dynamics Co. 4,Enterprise,Education,13,2022-08-21
5726,Cascade Networks Ltd.,SMB,Healthcare,25,2021-12-09
5727,Redwood Logistics Inc. 1,Enterprise,Healthcare,29,2025-09-05
5728,Union Materials Corp. 2,Mid-Market,Technology,4,2025-03-21
5729,Union Analytics Co. 2,Mid-Market,Technology,7,2025-03-18
5730,Sterling Financial LLC 3,Enterprise,Healthcare,24,2020-06-26
5731,Orbit Consulting Corp. 2,Enterprise,Retail,6,2024-11-27
5732,Redwood Financial LLC 2,SMB,Education,15,2023-08-06
5733,Bluepeak Consulting Inc. 1,SMB,Retail,29,2023-11-03
5734,Crestline Logistics Co.,SMB,Manufacturing,30,2019-05-03
5735,Northwind Manufacturing LLC 2,Mid-Market,Healthcare,29,2022-11-21
5736,Orbit Enterprises Corp.,Mid-Market,Technology,5,2020-07-12
5737,Pioneer Holdings LLC 2,Mid-Market,Retail,5,2025-06-27
5738,Horizon Dynamics Ltd. 1,SMB,Technology,6,2022-12-06
5739,Pioneer Consulting Ltd.,Mid-Market,Education,24,2023-04-28
5740,Meridian Consulting Corp. 3,SMB,Finance,6,2020-09-13
5741,Silverline Technologies Inc. 1,SMB,Finance,13,2021-12-13
5742,Nova Foods LLC 3,SMB,Technology,25,2022-09-15
5743,Nova Analytics LLC,Mid-Market,Healthcare,15,2024-09-06
5744,Redwood Logistics Ltd. 3,SMB,Technology,29,2023-04-13
5745,Horizon Enterprises Ltd. 2,Mid-Market,Education,15,2019-10-16
5746,Falcon Manufacturing Inc. 3,Enterprise,Manufacturing,12,2022-02-26
5747,Nova Manufacturing Ltd. 1,SMB,Education,30,2021-01-25
5748,Silverline Networks Corp. 2,SMB,Manufacturing,17,2022-10-09
5749,Delta Retail Corp. 2,SMB,Professional Services,6,2022-04-15
5750,Pioneer Technologies Co. 6,Enterprise,Education,20,2019-02-27
5751,Orbit Dynamics Inc. 3,SMB,Healthcare,24,2020-06-14
5752,Silverline Dynamics Ltd. 1,SMB,Technology,26,2023-08-15
5753,Ironclad Industries Corp. 2,Mid-Market,Professional Services,1,2022-10-23
5754,Falcon Industries LLC 4,SMB,Healthcare,4,2019-05-17
5755,Brightpath Retail LLC 3,Mid-Market,Education,19,2023-03-08
5756,Cascade Materials Inc. 1,SMB,Retail,23,2022-07-10
5757,Cascade Dynamics Ltd. 1,SMB,Retail,20,2020-01-19
5758,Union Group Ltd. 1,SMB,Healthcare,12,2019-01-06
5759,Crestline Networks LLC 3,SMB,Finance,23,2021-05-07
5760,Palisade Analytics LLC 2,Mid-Market,Manufacturing,18,2024-06-15
5761,Cascade Group Co. 4,SMB,Technology,28,2019-12-07
5762,Summit Industries Ltd. 2,SMB,Finance,12,2025-08-10
5763,Ironclad Networks Corp. 4,Enterprise,Manufacturing,23,2022-10-18
5764,Prime Manufacturing Inc. 3,Enterprise,Healthcare,5,2024-04-22
5765,Bluepeak Logistics Corp. 1,SMB,Finance,22,2025-11-01
5766,Northwind Technologies LLC 2,SMB,Professional Services,22,2020-11-02
5767,Nova Foods Co. 3,SMB,Finance,8,2023-01-29
5768,Crestline Consulting Inc. 2,SMB,Professional Services,2,2021-05-20
5769,Granite Analytics Co. 4,SMB,Professional Services,30,2019-08-05
5770,Northwind Financial Co.,Mid-Market,Retail,3,2024-07-21
5771,Anchor Logistics Ltd. 3,Mid-Market,Healthcare,15,2019-01-31
5772,Meridian Manufacturing Corp. 2,SMB,Healthcare,1,2025-01-29
5773,Summit Materials Corp.,SMB,Professional Services,13,2024-07-23
5774,Everest Materials Co.,SMB,Technology,25,2023-06-20
5775,Granite Foods Co. 3,SMB,Manufacturing,16,2023-02-19
5776,Prime Analytics Co. 1,SMB,Retail,8,2024-12-01
5777,Vertex Industries Inc. 2,SMB,Education,12,2019-05-23
5778,Granite Dynamics Corp. 1,SMB,Professional Services,3,2024-02-26
5779,Apex Manufacturing Ltd. 2,Enterprise,Healthcare,18,2020-04-06
5780,Falcon Networks Inc.,SMB,Manufacturing,1,2019-02-22
5781,Vertex Systems Ltd. 3,SMB,Retail,11,2021-03-09
5782,Falcon Group LLC 1,Enterprise,Professional Services,2,2021-04-16
5783,Granite Partners Corp. 6,SMB,Manufacturing,8,2020-05-07
5784,Prime Systems Co. 1,SMB,Technology,3,2023-12-22
5785,Horizon Materials Co. 1,SMB,Professional Services,28,2022-11-29
5786,Pioneer Dynamics LLC 2,SMB,Manufacturing,24,2025-06-09
5787,Catalyst Materials Ltd. 1,Mid-Market,Healthcare,28,2024-04-30
5788,Bluepeak Retail Inc.,Mid-Market,Healthcare,21,2024-10-12
5789,Sterling Retail Ltd. 2,Mid-Market,Healthcare,15,2025-04-25
5790,Union Health Inc.,Mid-Market,Education,6,2024-08-23
5791,Redwood Enterprises Co. 2,SMB,Professional Services,29,2019-10-29
5792,Prime Holdings LLC,SMB,Manufacturing,28,2020-04-19
5793,Bluepeak Industries Ltd. 4,SMB,Technology,13,2021-10-24
5794,Redwood Consulting Ltd. 2,Mid-Market,Professional Services,7,2021-04-28
5795,Apex Solutions LLC 2,Mid-Market,Retail,12,2025-03-13
5796,Meridian Holdings Co. 3,Mid-Market,Manufacturing,12,2022-09-01
5797,Anchor Holdings Inc.,SMB,Technology,28,2025-02-16
5798,Meridian Group Co. 1,Mid-Market,Professional Services,3,2021-09-16
5799,Cascade Dynamics Corp.,SMB,Technology,19,2025-05-06
5800,Everest Partners Corp.,SMB,Retail,24,2019-07-03
5801,Ironclad Logistics LLC 1,SMB,Retail,23,2022-02-12
5802,Beacon Financial Inc. 3,Mid-Market,Manufacturing,6,2025-04-22
5803,Summit Consulting Ltd. 1,Mid-Market,Manufacturing,13,2022-02-23
5804,Granite Ventures Ltd. 1,SMB,Finance,11,2024-02-16
5805,Catalyst Technologies Co. 4,SMB,Retail,13,2021-07-11
5806,Delta Solutions Co. 2,Enterprise,Finance,3,2024-10-20
5807,Palisade Technologies LLC 1,SMB,Manufacturing,3,2023-06-02
5808,Ironclad Foods Corp. 5,SMB,Retail,1,2024-09-06
5809,Redwood Technologies Co. 1,Mid-Market,Education,30,2022-10-03
5810,Union Financial Corp. 2,Mid-Market,Healthcare,13,2023-06-18
5811,Silverline Materials Ltd. 3,Mid-Market,Professional Services,7,2022-09-13
5812,Anchor Foods Ltd. 3,Mid-Market,Technology,24,2022-12-21
5813,Bluepeak Partners Co.,Mid-Market,Healthcare,15,2023-10-28
5814,Catalyst Technologies LLC 4,SMB,Finance,11,2019-11-05
5815,Bluepeak Technologies Inc.,Mid-Market,Finance,4,2024-05-18
5816,Silverline Retail Co. 2,SMB,Finance,12,2021-06-26
5817,Apex Networks Corp.,SMB,Finance,20,2019-02-02
5818,Granite Networks Inc. 1,Mid-Market,Manufacturing,19,2023-07-04
5819,Palisade Holdings Ltd. 1,Enterprise,Education,12,2023-04-18
5820,Prime Dynamics Co. 2,SMB,Education,19,2024-01-30
5821,Summit Dynamics Ltd. 2,SMB,Finance,24,2025-12-26
5822,Everest Analytics LLC 4,SMB,Healthcare,28,2022-03-25
5823,Global Foods Co. 1,Enterprise,Retail,16,2025-10-23
5824,Silverline Enterprises Inc. 1,Mid-Market,Technology,7,2023-01-16
5825,Global Partners Co. 1,Enterprise,Manufacturing,4,2021-07-03
5826,Palisade Enterprises Inc. 4,SMB,Healthcare,5,2023-09-29
5827,Horizon Technologies LLC 1,SMB,Retail,1,2020-05-17
5828,Meridian Industries LLC,SMB,Technology,17,2025-10-05
5829,Brightpath Holdings Corp. 2,SMB,Education,7,2022-02-01
5830,Cascade Systems Inc.,Mid-Market,Healthcare,7,2019-01-28
5831,Palisade Systems Ltd. 4,SMB,Manufacturing,22,2023-08-03
5832,Redwood Holdings Inc. 1,Enterprise,Retail,10,2019-11-04
5833,Meridian Health Inc. 2,SMB,Manufacturing,25,2019-08-16
5834,Northwind Technologies Inc. 2,SMB,Manufacturing,5,2019-03-02
5835,Meridian Ventures Co.,SMB,Healthcare,11,2025-03-06
5836,Northwind Solutions Inc. 2,Mid-Market,Education,2,2019-03-28
5837,Brightpath Enterprises Ltd. 2,SMB,Manufacturing,17,2022-10-05
5838,Beacon Consulting Ltd. 4,SMB,Healthcare,4,2022-06-04
5839,Brightpath Manufacturing Co. 3,Enterprise,Healthcare,8,2025-05-17
5840,Global Materials Corp. 1,Mid-Market,Manufacturing,23,2025-05-17
5841,Everest Group Co. 1,SMB,Education,27,2025-06-11
5842,Catalyst Analytics Corp. 3,Mid-Market,Professional Services,17,2021-10-19
5843,Delta Networks Inc. 4,Enterprise,Finance,29,2022-04-25
5844,Summit Networks Co. 3,Mid-Market,Finance,23,2024-10-11
5845,Delta Partners Corp. 3,Mid-Market,Technology,23,2019-11-04
5846,Silverline Financial Inc. 1,Mid-Market,Manufacturing,30,2019-10-20
5847,Everest Foods Ltd. 2,SMB,Healthcare,3,2025-06-13
5848,Catalyst Enterprises LLC,Mid-Market,Education,7,2019-03-17
5849,Falcon Analytics Co. 3,SMB,Manufacturing,14,2021-09-05
5850,Pioneer Health Inc. 1,Mid-Market,Healthcare,19,2020-05-13
5851,Ironclad Group Ltd. 2,Mid-Market,Professional Services,30,2019-08-03
5852,Anchor Partners Co. 1,Mid-Market,Education,3,2025-10-25
5853,Brightpath Materials Inc. 2,SMB,Finance,7,2020-02-29
5854,Delta Group Corp. 1,SMB,Technology,9,2022-01-09
5855,Anchor Industries Ltd. 2,Mid-Market,Healthcare,21,2020-10-16
5856,Summit Manufacturing Co. 5,Enterprise,Finance,29,2022-06-09
5857,Vertex Holdings LLC 2,Mid-Market,Finance,29,2024-05-14
5858,Sterling Manufacturing Corp. 1,Mid-Market,Education,23,2023-08-14
5859,Bluepeak Solutions Corp. 1,SMB,Professional Services,24,2023-01-01
5860,Bluepeak Enterprises LLC 5,Enterprise,Education,13,2022-07-29
5861,Granite Holdings Co. 4,SMB,Education,19,2019-12-04
5862,Apex Logistics Ltd. 2,SMB,Technology,6,2021-10-25
5863,Redwood Holdings Inc. 2,SMB,Healthcare,16,2025-05-02
5864,Northwind Group Co. 1,SMB,Professional Services,9,2024-09-28
5865,Summit Health Inc.,Enterprise,Retail,28,2019-06-15
5866,Cascade Financial Co. 1,SMB,Healthcare,12,2024-11-18
5867,Meridian Partners Corp. 1,Enterprise,Education,12,2024-10-17
5868,Orbit Consulting Ltd. 1,SMB,Healthcare,13,2024-08-11
5869,Nova Dynamics Co. 1,SMB,Education,28,2024-09-13
5870,Anchor Technologies Co. 1,Enterprise,Professional Services,28,2025-11-17
5871,Bluepeak Industries Inc. 1,SMB,Manufacturing,13,2019-05-22
5872,Brightpath Retail Corp. 2,Enterprise,Retail,30,2021-09-08
5873,Ironclad Industries Inc.,Enterprise,Education,23,2025-10-11
5874,Ironclad Enterprises Ltd. 1,SMB,Professional Services,26,2022-11-13
5875,Redwood Holdings Corp. 1,Mid-Market,Retail,28,2023-10-10
5876,Northwind Materials Co.,SMB,Finance,10,2021-07-13
5877,Silverline Solutions Ltd. 1,SMB,Healthcare,17,2020-06-25
5878,Redwood Manufacturing Corp. 1,SMB,Finance,9,2025-11-05
5879,Global Partners Inc. 3,Mid-Market,Technology,10,2021-07-13
5880,Anchor Logistics LLC 1,Enterprise,Retail,14,2022-12-04
5881,Orbit Technologies Co. 2,SMB,Finance,2,2020-09-15
5882,Crestline Solutions Inc. 2,Enterprise,Retail,7,2025-10-07
5883,Global Technologies Co. 2,SMB,Technology,25,2020-10-22
5884,Northwind Manufacturing Ltd.,Mid-Market,Finance,5,2025-05-25
5885,Meridian Consulting Corp. 4,Mid-Market,Finance,19,2021-01-15
5886,Everest Health Corp. 2,SMB,Technology,23,2025-08-17
5887,Sterling Health Inc. 2,SMB,Education,8,2021-07-27
5888,Meridian Materials LLC 3,SMB,Retail,14,2025-02-06
5889,Pioneer Systems Corp. 2,SMB,Education,27,2023-03-14
5890,Crestline Analytics Corp. 3,Mid-Market,Education,26,2019-10-18
5891,Granite Analytics LLC 2,Mid-Market,Technology,28,2021-01-25
5892,Pioneer Analytics Co.,Enterprise,Professional Services,19,2024-04-28
5893,Union Ventures Corp.,SMB,Technology,27,2023-09-03
5894,Redwood Ventures LLC 4,Mid-Market,Professional Services,12,2021-06-29
5895,Horizon Manufacturing Ltd. 4,SMB,Retail,19,2020-05-14
5896,Falcon Consulting Inc. 3,Mid-Market,Education,21,2024-10-19
5897,Cascade Ventures Inc. 1,SMB,Manufacturing,30,2023-05-10
5898,Sterling Systems LLC 4,SMB,Healthcare,12,2023-10-10
5899,Apex Logistics Inc.,SMB,Healthcare,27,2022-05-09
5900,Harbor Solutions LLC,Enterprise,Technology,16,2021-06-14
5901,Global Health Inc. 2,SMB,Education,4,2021-09-04
5902,Northwind Financial Ltd. 1,Mid-Market,Manufacturing,20,2019-03-21
5903,Granite Technologies Inc. 2,Mid-Market,Healthcare,30,2025-08-09
5904,Sterling Retail LLC,Mid-Market,Technology,14,2021-07-25
5905,Palisade Enterprises LLC 1,Mid-Market,Technology,17,2022-05-19
5906,Northwind Ventures Corp. 2,SMB,Healthcare,28,2021-07-01
5907,Catalyst Ventures Corp. 2,Mid-Market,Education,28,2021-06-26
5908,Granite Solutions Ltd. 2,Mid-Market,Professional Services,13,2023-10-19
5909,Union Health Ltd. 1,SMB,Retail,23,2023-09-10
5910,Horizon Consulting LLC 1,SMB,Professional Services,19,2024-09-01
5911,Granite Enterprises Inc. 2,SMB,Finance,20,2019-07-03
5912,Global Consulting Co. 3,SMB,Finance,22,2025-02-12
5913,Falcon Financial LLC,Enterprise,Retail,10,2025-09-11
5914,Global Consulting Corp. 4,SMB,Technology,10,2025-12-03
5915,Summit Ventures Co.,Enterprise,Professional Services,1,2019-11-26
5916,Summit Retail Ltd. 1,Mid-Market,Education,26,2022-05-28
5917,Vertex Ventures Corp. 2,Enterprise,Technology,9,2025-07-28
5918,Anchor Solutions LLC 3,SMB,Healthcare,21,2024-04-23
5919,Cascade Foods Co. 2,Mid-Market,Retail,21,2019-06-03
5920,Apex Retail Inc. 2,SMB,Education,22,2025-02-02
5921,Bluepeak Analytics Corp. 2,Mid-Market,Healthcare,26,2024-11-13
5922,Insight Technologies LLC 1,Mid-Market,Education,27,2024-06-17
5923,Redwood Logistics Inc. 2,Mid-Market,Manufacturing,1,2021-11-18
5924,Anchor Industries LLC 6,Enterprise,Retail,26,2023-06-05
5925,Prime Materials Inc.,Mid-Market,Finance,7,2024-01-04
5926,Redwood Financial Inc. 3,SMB,Manufacturing,20,2021-10-10
5927,Catalyst Systems Ltd. 2,SMB,Finance,21,2024-06-26
5928,Palisade Solutions Ltd.,Enterprise,Healthcare,2,2020-11-29
5929,Global Health Co. 1,SMB,Healthcare,9,2020-04-14
5930,Union Materials Inc. 2,Mid-Market,Healthcare,28,2025-01-04
5931,Catalyst Foods Corp. 1,Enterprise,Education,5,2021-05-17
5932,Nova Holdings Ltd. 2,Mid-Market,Finance,7,2019-05-26
5933,Cascade Consulting Corp. 1,Mid-Market,Finance,3,2024-10-29
5934,Sterling Foods Inc. 2,Mid-Market,Education,6,2024-08-04
5935,Global Industries Corp. 1,SMB,Professional Services,20,2024-08-12
5936,Anchor Group Inc. 1,Mid-Market,Healthcare,26,2021-05-21
5937,Everest Group Inc. 1,SMB,Finance,18,2023-03-22
5938,Redwood Logistics Ltd. 4,Mid-Market,Finance,9,2019-02-05
5939,Orbit Group Inc. 2,SMB,Education,26,2019-01-06
5940,Apex Partners LLC 2,SMB,Retail,12,2020-10-24
5941,Anchor Group Co. 4,Mid-Market,Manufacturing,10,2022-09-04
5942,Harbor Industries Co. 2,Enterprise,Healthcare,16,2023-03-15
5943,Falcon Ventures Inc.,SMB,Finance,5,2019-12-07
5944,Ironclad Consulting Corp. 2,SMB,Technology,11,2025-01-26
5945,Summit Retail LLC,SMB,Retail,24,2025-09-18
5946,Crestline Manufacturing Ltd. 1,Mid-Market,Professional Services,19,2019-11-01
5947,Prime Ventures Ltd.,SMB,Education,30,2024-10-06
5948,Global Dynamics Inc. 2,Mid-Market,Finance,24,2023-04-19
5949,Pioneer Dynamics Corp. 2,Mid-Market,Manufacturing,11,2022-07-08
5950,Brightpath Networks LLC 2,SMB,Professional Services,24,2022-06-04
5951,Apex Financial Co. 1,SMB,Finance,26,2024-03-31
5952,Summit Enterprises LLC 1,SMB,Education,19,2020-06-17
5953,Harbor Retail Inc. 2,SMB,Retail,23,2023-04-06
5954,Union Partners Ltd. 3,Mid-Market,Manufacturing,16,2020-10-30
5955,Delta Ventures Co. 2,SMB,Retail,28,2019-08-06
5956,Prime Group Co. 1,Mid-Market,Healthcare,8,2022-11-14
5957,Bluepeak Dynamics Inc.,Enterprise,Finance,13,2020-11-17
5958,Union Retail Ltd. 5,Mid-Market,Finance,8,2024-03-13
5959,Palisade Ventures LLC 3,SMB,Education,4,2023-07-21
5960,Cascade Enterprises Inc. 2,Mid-Market,Retail,19,2020-07-27
5961,Granite Networks Corp. 1,Enterprise,Finance,4,2025-01-11
5962,Anchor Materials Co. 3,SMB,Education,7,2021-06-05
5963,Horizon Technologies Co. 1,SMB,Manufacturing,23,2023-12-18
5964,Apex Foods Ltd. 2,SMB,Professional Services,8,2020-11-14
5965,Global Consulting Corp. 5,SMB,Retail,26,2020-05-17
5966,Everest Partners Corp. 1,Mid-Market,Professional Services,2,2025-01-07
5967,Delta Ventures LLC 4,SMB,Professional Services,14,2025-06-06
5968,Silverline Financial Inc. 2,SMB,Finance,3,2021-06-18
5969,Anchor Partners Corp.,SMB,Healthcare,2,2021-03-16
5970,Falcon Dynamics Inc.,SMB,Education,24,2023-12-01
5971,Nova Health Inc. 2,Mid-Market,Healthcare,3,2020-08-04
5972,Insight Partners Ltd. 2,Enterprise,Education,27,2025-01-17
5973,Silverline Retail Co. 3,SMB,Healthcare,18,2019-01-22
5974,Orbit Retail Ltd. 4,Mid-Market,Professional Services,15,2019-12-30
5975,Nova Manufacturing Co. 2,Enterprise,Retail,28,2019-11-05
5976,Palisade Industries Corp. 3,Mid-Market,Manufacturing,12,2021-03-23
5977,Union Industries Ltd. 3,SMB,Manufacturing,12,2025-01-22
5978,Global Group LLC 1,SMB,Retail,13,2023-06-24
5979,Sterling Systems Corp. 4,SMB,Finance,20,2019-10-02
5980,Nova Materials Inc. 3,SMB,Finance,26,2019-07-21
5981,Crestline Consulting Ltd. 3,SMB,Healthcare,17,2021-01-07
5982,Union Enterprises Corp. 2,SMB,Healthcare,9,2023-05-04
5983,Catalyst Foods Corp. 2,Enterprise,Professional Services,27,2023-02-26
5984,Nova Solutions Co. 3,SMB,Education,18,2019-10-19
5985,Silverline Logistics Inc. 2,Enterprise,Manufacturing,25,2024-04-28
5986,Crestline Partners Corp. 3,Enterprise,Education,13,2023-06-05
5987,Anchor Systems LLC 3,Mid-Market,Retail,6,2025-11-17
5988,Delta Enterprises Ltd. 1,SMB,Retail,29,2022-11-13
5989,Sterling Solutions Ltd.,SMB,Technology,21,2021-04-16
5990,Catalyst Systems Ltd. 3,SMB,Manufacturing,10,2019-11-02
5991,Orbit Holdings Co. 2,SMB,Technology,26,2025-06-07
5992,Brightpath Technologies LLC 2,SMB,Retail,1,2019-04-07
5993,Crestline Consulting LLC 5,Enterprise,Technology,28,2021-06-10
5994,Insight Materials LLC 3,SMB,Manufacturing,18,2022-12-27
5995,Horizon Enterprises Co. 1,SMB,Finance,18,2023-01-28
5996,Granite Consulting Corp.,SMB,Technology,1,2024-01-07
5997,Beacon Solutions Ltd. 2,Mid-Market,Manufacturing,6,2019-11-24
5998,Insight Materials LLC 4,Enterprise,Healthcare,22,2024-01-13
5999,Sterling Logistics Co. 2,SMB,Healthcare,17,2025-03-23
6000,Bluepeak Networks Corp.,Mid-Market,Professional Services,4,2019-03-19
6001,Crestline Retail Co. 4,Mid-Market,Finance,20,2019-04-02
6002,Vertex Partners Corp.,Mid-Market,Finance,23,2025-12-08
6003,Insight Networks Inc. 4,Enterprise,Technology,9,2021-03-08
6004,Pioneer Health LLC 4,Enterprise,Finance,21,2022-03-09
6005,Delta Solutions Corp. 1,SMB,Finance,30,2021-03-03
6006,Palisade Logistics Inc. 2,SMB,Education,15,2022-11-23
6007,Pioneer Manufacturing Ltd.,SMB,Technology,7,2023-12-24
6008,Granite Analytics LLC 3,Mid-Market,Professional Services,29,2024-04-26
6009,Nova Health Co. 1,Mid-Market,Technology,28,2021-06-27
6010,Nova Partners Co. 4,Mid-Market,Retail,14,2020-10-28
6011,Ironclad Solutions Inc.,Mid-Market,Technology,13,2022-10-29
6012,Pioneer Dynamics LLC 3,Enterprise,Education,26,2021-09-09
6013,Pioneer Technologies Ltd. 2,SMB,Retail,1,2023-05-10
6014,Union Analytics Co. 3,SMB,Education,10,2023-04-13
6015,Harbor Manufacturing Co. 1,SMB,Professional Services,17,2025-04-05
6016,Summit Materials Inc. 5,Mid-Market,Education,20,2019-01-10
6017,Sterling Partners LLC 2,Mid-Market,Retail,19,2019-09-18
6018,Union Financial Inc. 6,Enterprise,Education,12,2024-07-03
6019,Summit Retail LLC 1,Mid-Market,Technology,27,2023-01-31
6020,Nova Health Ltd. 3,SMB,Retail,20,2019-06-09
6021,Orbit Analytics LLC,Mid-Market,Professional Services,17,2025-08-06
6022,Palisade Technologies Ltd. 2,SMB,Finance,29,2023-07-21
6023,Horizon Solutions LLC,SMB,Professional Services,3,2022-05-27
6024,Orbit Financial Corp. 1,Mid-Market,Manufacturing,22,2024-06-15
6025,Silverline Retail Corp. 1,Enterprise,Manufacturing,28,2023-03-04
6026,Anchor Retail LLC 1,Enterprise,Finance,20,2021-08-12
6027,Prime Consulting Inc.,Enterprise,Technology,17,2021-01-28
6028,Palisade Retail LLC 2,SMB,Professional Services,11,2022-03-04
6029,Delta Enterprises Ltd. 2,SMB,Education,9,2022-04-29
6030,Brightpath Technologies Ltd. 1,SMB,Finance,17,2023-12-25
6031,Anchor Group Inc. 2,SMB,Professional Services,27,2022-04-23
6032,Vertex Retail LLC 2,Mid-Market,Healthcare,14,2019-02-16
6033,Granite Consulting Co. 2,Mid-Market,Education,4,2023-10-16
6034,Northwind Financial Co. 1,Mid-Market,Manufacturing,15,2019-06-27
6035,Vertex Retail Inc.,Mid-Market,Retail,3,2024-12-03
6036,Ironclad Materials Ltd. 5,SMB,Technology,29,2023-12-16
6037,Cascade Systems Ltd. 3,Mid-Market,Retail,17,2023-03-09
6038,Orbit Technologies Inc. 4,Mid-Market,Retail,7,2022-03-06
6039,Delta Dynamics LLC 1,Mid-Market,Professional Services,19,2020-03-15
6040,Ironclad Systems Inc. 1,Enterprise,Finance,17,2023-08-02
6041,Cascade Health Ltd.,SMB,Technology,16,2019-10-07
6042,Delta Holdings Co.,Enterprise,Technology,18,2023-03-26
6043,Cascade Dynamics Inc. 4,Enterprise,Healthcare,28,2020-04-13
6044,Harbor Ventures LLC 3,Mid-Market,Finance,26,2023-03-06
6045,Insight Systems Corp. 3,SMB,Education,8,2020-01-22
6046,Silverline Consulting Inc. 2,SMB,Healthcare,8,2019-08-30
6047,Catalyst Solutions LLC 3,SMB,Healthcare,30,2022-04-18
6048,Anchor Health LLC 2,Mid-Market,Technology,20,2023-12-20
6049,Everest Ventures Inc. 1,Enterprise,Finance,1,2020-09-01
6050,Orbit Partners Ltd. 2,SMB,Retail,16,2022-06-26
6051,Meridian Analytics Ltd. 2,Mid-Market,Healthcare,4,2024-08-03
6052,Crestline Partners Inc. 2,Enterprise,Manufacturing,1,2022-11-05
6053,Brightpath Solutions Inc. 1,SMB,Healthcare,6,2023-03-07
6054,Union Systems Inc. 3,Enterprise,Education,8,2020-07-16
6055,Orbit Holdings Co. 3,Enterprise,Technology,3,2019-11-15
6056,Northwind Analytics Corp.,SMB,Healthcare,26,2020-01-16
6057,Orbit Manufacturing Corp. 1,Mid-Market,Manufacturing,14,2025-10-22
6058,Redwood Group Inc. 4,Mid-Market,Education,17,2019-08-10
6059,Pioneer Ventures Inc.,Mid-Market,Finance,26,2020-01-23
6060,Sterling Dynamics Co. 1,SMB,Technology,26,2020-06-09
6061,Everest Technologies Co. 2,Enterprise,Manufacturing,25,2024-07-06
6062,Northwind Ventures Corp. 3,Enterprise,Healthcare,6,2021-10-14
6063,Cascade Enterprises Inc. 3,SMB,Finance,23,2024-07-14
6064,Apex Ventures Inc. 2,SMB,Professional Services,30,2021-12-06
6065,Brightpath Manufacturing Co. 4,SMB,Professional Services,1,2024-07-24
6066,Meridian Solutions Corp. 1,Mid-Market,Healthcare,27,2025-04-07
6067,Everest Systems LLC 1,Enterprise,Retail,26,2022-02-17
6068,Granite Solutions Inc. 1,SMB,Manufacturing,26,2025-11-26
6069,Catalyst Holdings Corp. 7,SMB,Professional Services,12,2025-07-12
6070,Horizon Holdings Co. 1,Enterprise,Professional Services,6,2019-02-09
6071,Vertex Health Co. 4,SMB,Finance,22,2022-12-12
6072,Silverline Materials Ltd. 4,Mid-Market,Technology,19,2023-08-07
6073,Union Retail Inc. 1,SMB,Technology,22,2024-11-25
6074,Global Enterprises Ltd. 1,SMB,Technology,8,2023-09-18
6075,Silverline Partners Ltd. 2,Mid-Market,Education,6,2023-10-26
6076,Apex Networks Co. 2,SMB,Education,28,2021-01-10
6077,Prime Retail Inc. 3,SMB,Education,16,2024-09-28
6078,Bluepeak Dynamics Co. 1,Enterprise,Technology,26,2019-06-11
6079,Summit Consulting Ltd. 2,Mid-Market,Technology,28,2023-08-08
6080,Prime Solutions Ltd. 2,SMB,Healthcare,14,2020-05-31
6081,Union Financial Inc. 7,Enterprise,Retail,8,2024-05-10
6082,Insight Consulting Co. 3,Mid-Market,Technology,27,2024-07-12
6083,Catalyst Financial Inc.,Mid-Market,Retail,22,2020-03-22
6084,Northwind Group LLC 2,SMB,Professional Services,20,2024-07-21
6085,Harbor Consulting Inc. 2,Mid-Market,Healthcare,29,2024-11-10
6086,Orbit Group LLC,SMB,Education,8,2019-05-16
6087,Bluepeak Enterprises Ltd. 2,Mid-Market,Manufacturing,11,2022-01-04
6088,Everest Partners Co. 2,Enterprise,Professional Services,2,2020-05-07
6089,Cascade Solutions Co. 2,SMB,Healthcare,12,2019-11-20
6090,Beacon Networks Inc.,Enterprise,Healthcare,14,2024-08-15
6091,Nova Logistics Co. 2,Enterprise,Technology,14,2021-01-19
6092,Northwind Technologies Inc. 3,Mid-Market,Retail,5,2023-07-05
6093,Insight Dynamics Ltd. 2,SMB,Professional Services,25,2019-01-10
6094,Prime Industries Inc. 2,Mid-Market,Technology,15,2019-07-23
6095,Everest Consulting Co. 1,Enterprise,Manufacturing,14,2023-04-09
6096,Orbit Partners LLC 3,Mid-Market,Education,26,2021-08-04
6097,Harbor Industries Co. 3,Mid-Market,Education,15,2025-02-26
6098,Meridian Logistics Corp. 1,Enterprise,Professional Services,27,2019-07-30
6099,Silverline Foods Corp. 1,SMB,Education,7,2023-05-14
6100,Cascade Financial Corp. 5,Enterprise,Professional Services,26,2023-12-02
6101,Horizon Financial LLC 3,Mid-Market,Professional Services,30,2023-04-12
6102,Everest Technologies Corp. 2,SMB,Professional Services,23,2023-10-06
6103,Brightpath Holdings Ltd. 1,SMB,Manufacturing,27,2020-09-29
6104,Redwood Retail Inc. 3,Mid-Market,Finance,23,2024-05-14
6105,Cascade Consulting Inc. 2,Mid-Market,Finance,19,2022-11-18
6106,Catalyst Logistics Corp. 4,Mid-Market,Professional Services,23,2024-07-07
6107,Bluepeak Foods Co. 1,SMB,Healthcare,29,2019-11-08
6108,Prime Industries LLC 5,Mid-Market,Education,19,2019-11-21
6109,Apex Manufacturing Corp.,Mid-Market,Retail,21,2021-10-07
6110,Falcon Manufacturing Co. 4,Mid-Market,Technology,3,2021-09-23
6111,Apex Health LLC 5,Mid-Market,Manufacturing,29,2019-11-25
6112,Everest Enterprises LLC 1,Mid-Market,Healthcare,24,2019-07-27
6113,Cascade Logistics Co. 1,Enterprise,Education,5,2019-07-26
6114,Global Foods Corp. 3,SMB,Manufacturing,9,2019-05-14
6115,Granite Group Inc. 2,SMB,Finance,7,2019-03-26
6116,Beacon Industries LLC 2,SMB,Technology,10,2024-08-26
6117,Anchor Enterprises Co. 2,SMB,Technology,27,2025-07-17
6118,Ironclad Consulting Co. 1,Mid-Market,Education,14,2021-12-24
6119,Beacon Enterprises Co.,SMB,Professional Services,13,2020-04-22
6120,Pioneer Analytics Corp. 3,SMB,Finance,24,2021-04-19
6121,Prime Group Ltd. 3,SMB,Education,12,2024-09-23
6122,Ironclad Systems Inc. 2,SMB,Manufacturing,27,2025-07-03
6123,Beacon Materials Ltd. 1,Mid-Market,Finance,23,2020-09-02
6124,Brightpath Retail Corp. 3,Mid-Market,Manufacturing,8,2019-03-20
6125,Meridian Consulting Inc. 1,Mid-Market,Retail,19,2021-02-27
6126,Palisade Partners Co. 1,Enterprise,Professional Services,15,2021-09-11
6127,Summit Dynamics Corp. 2,Mid-Market,Manufacturing,11,2019-01-08
6128,Redwood Enterprises Co. 3,Enterprise,Finance,28,2023-10-08
6129,Cascade Networks Co. 1,Enterprise,Education,12,2019-11-15
6130,Silverline Holdings Corp.,SMB,Manufacturing,4,2019-07-29
6131,Pioneer Dynamics Inc. 3,SMB,Finance,13,2024-01-13
6132,Granite Group Inc. 3,SMB,Manufacturing,16,2024-05-24
6133,Everest Networks LLC 3,Mid-Market,Manufacturing,4,2020-04-15
6134,Harbor Dynamics LLC 2,SMB,Technology,23,2024-05-18
6135,Everest Logistics LLC 2,SMB,Technology,7,2021-01-30
6136,Sterling Foods Co. 1,SMB,Retail,3,2021-02-26
6137,Crestline Partners Ltd. 4,SMB,Healthcare,17,2019-11-09
6138,Pioneer Industries Inc. 1,Mid-Market,Manufacturing,5,2020-08-01
6139,Union Foods Ltd. 1,Mid-Market,Education,24,2019-04-10
6140,Harbor Technologies Inc. 2,SMB,Healthcare,3,2023-09-14
6141,Bluepeak Health Inc. 3,SMB,Finance,13,2024-12-16
6142,Insight Logistics Ltd. 3,Mid-Market,Professional Services,2,2019-05-04
6143,Nova Logistics LLC 4,Mid-Market,Technology,12,2020-10-14
6144,Crestline Networks Corp. 4,Mid-Market,Education,28,2021-06-03
6145,Sterling Analytics Co. 2,Mid-Market,Healthcare,20,2021-09-30
6146,Silverline Ventures LLC 3,SMB,Professional Services,17,2024-10-07
6147,Beacon Health Inc.,SMB,Finance,5,2019-04-20
6148,Bluepeak Systems Co. 1,Mid-Market,Technology,10,2023-04-19
6149,Catalyst Technologies LLC 5,Mid-Market,Education,12,2022-09-22
6150,Northwind Group Ltd. 1,Mid-Market,Healthcare,18,2024-11-13
6151,Nova Technologies Inc. 2,Enterprise,Finance,7,2021-02-20
6152,Brightpath Health Inc. 2,SMB,Manufacturing,30,2019-09-18
6153,Redwood Industries Ltd.,SMB,Education,20,2019-11-30
6154,Brightpath Solutions Co. 2,SMB,Finance,10,2023-05-31
6155,Global Networks Inc. 4,Mid-Market,Professional Services,4,2022-10-26
6156,Meridian Group Co. 2,SMB,Manufacturing,18,2023-02-22
6157,Apex Partners LLC 3,SMB,Finance,14,2019-12-17
6158,Delta Consulting Co. 1,Mid-Market,Finance,21,2019-04-19
6159,Apex Manufacturing Corp. 1,SMB,Education,18,2022-12-18
6160,Granite Retail Ltd. 1,SMB,Retail,20,2019-07-27
6161,Summit Enterprises Inc. 2,SMB,Technology,26,2025-07-04
6162,Union Health Inc. 1,Enterprise,Education,16,2024-08-15
6163,Bluepeak Technologies Co. 3,Mid-Market,Finance,22,2020-04-04
6164,Pioneer Technologies Inc. 1,Mid-Market,Finance,11,2023-03-09
6165,Bluepeak Dynamics Co. 2,Enterprise,Technology,29,2019-12-04
6166,Summit Solutions Inc. 1,Mid-Market,Professional Services,13,2025-07-20
6167,Palisade Systems Ltd. 5,SMB,Technology,21,2023-02-15
6168,Falcon Dynamics LLC 2,Enterprise,Professional Services,30,2021-03-23
6169,Northwind Logistics Corp. 2,Mid-Market,Technology,11,2023-10-06
6170,Orbit Group Ltd. 1,SMB,Manufacturing,4,2019-01-07
6171,Nova Group Inc. 3,SMB,Technology,7,2021-01-05
6172,Silverline Industries LLC 1,Mid-Market,Manufacturing,8,2020-08-21
6173,Harbor Solutions Corp. 1,SMB,Education,2,2021-06-03
6174,Ironclad Retail LLC 1,Mid-Market,Retail,17,2019-08-07
6175,Falcon Industries LLC 5,Enterprise,Manufacturing,9,2025-10-10
6176,Catalyst Analytics Inc. 2,SMB,Technology,3,2022-04-10
6177,Pioneer Analytics Ltd. 6,Mid-Market,Professional Services,5,2024-12-28
6178,Summit Holdings Inc. 2,Mid-Market,Finance,9,2019-06-02
6179,Bluepeak Holdings Inc. 1,Enterprise,Manufacturing,12,2024-11-29
6180,Harbor Dynamics LLC 3,SMB,Professional Services,30,2023-07-28
6181,Vertex Ventures Ltd. 1,Enterprise,Retail,22,2023-10-01
6182,Summit Systems Inc. 1,SMB,Education,22,2024-08-23
6183,Harbor Foods LLC 4,Mid-Market,Healthcare,21,2022-09-06
6184,Vertex Partners Inc. 2,SMB,Manufacturing,25,2023-06-09
6185,Bluepeak Enterprises Corp. 3,Mid-Market,Manufacturing,10,2025-04-18
6186,Catalyst Health Inc. 3,Mid-Market,Healthcare,3,2019-11-16
6187,Apex Solutions Inc. 1,SMB,Finance,16,2019-05-23
6188,Vertex Health LLC 4,SMB,Education,1,2025-11-16
6189,Anchor Consulting LLC 3,Mid-Market,Professional Services,7,2025-03-03
6190,Global Networks Inc. 5,Mid-Market,Education,23,2022-08-06
6191,Anchor Industries Corp.,Mid-Market,Professional Services,16,2024-06-18
6192,Ironclad Industries Corp. 3,Mid-Market,Professional Services,21,2025-03-04
6193,Prime Foods Corp. 2,SMB,Healthcare,16,2022-04-08
6194,Union Networks Corp. 6,Enterprise,Education,17,2019-09-08
6195,Northwind Materials Co. 1,SMB,Retail,10,2022-05-13
6196,Harbor Foods LLC 5,Enterprise,Professional Services,7,2021-06-17
6197,Meridian Networks LLC 1,Mid-Market,Retail,8,2019-03-01
6198,Beacon Partners Corp. 2,Mid-Market,Technology,24,2025-09-17
6199,Crestline Group Inc. 1,Mid-Market,Manufacturing,30,2024-01-04
6200,Everest Consulting Co. 2,Mid-Market,Education,3,2024-07-01
6201,Crestline Analytics Corp. 4,SMB,Technology,17,2023-03-06
6202,Redwood Partners Ltd. 2,Mid-Market,Manufacturing,15,2020-11-19
6203,Delta Manufacturing LLC 3,SMB,Retail,17,2023-02-03
6204,Granite Logistics Ltd. 2,Mid-Market,Manufacturing,7,2023-10-05
6205,Beacon Solutions Co.,Mid-Market,Education,1,2023-03-07
6206,Palisade Logistics Corp. 1,Enterprise,Technology,7,2019-11-21
6207,Palisade Materials LLC 1,Mid-Market,Finance,6,2024-09-10
6208,Meridian Financial Ltd. 3,SMB,Professional Services,2,2021-01-30
6209,Palisade Partners Co. 2,SMB,Manufacturing,11,2021-10-11
6210,Brightpath Holdings Ltd. 2,SMB,Healthcare,21,2022-11-08
6211,Redwood Retail Ltd. 5,SMB,Technology,29,2025-11-03
6212,Northwind Health Corp. 1,Mid-Market,Retail,20,2021-03-09
6213,Bluepeak Foods Inc. 1,Enterprise,Professional Services,6,2025-10-21
6214,Pioneer Partners Ltd. 3,SMB,Technology,11,2025-09-13
6215,Anchor Group Corp. 2,Mid-Market,Technology,10,2020-05-21
6216,Global Consulting LLC 1,Enterprise,Finance,7,2024-10-20
6217,Pioneer Group Corp.,SMB,Healthcare,30,2025-06-08
6218,Crestline Materials Inc. 1,SMB,Technology,20,2019-02-03
6219,Nova Dynamics Corp.,SMB,Finance,15,2024-04-13
6220,Beacon Partners Corp. 3,Mid-Market,Retail,14,2020-04-04
6221,Pioneer Foods LLC 2,SMB,Education,10,2024-10-15
6222,Orbit Dynamics Ltd. 4,Mid-Market,Finance,13,2019-02-23
6223,Anchor Solutions Corp.,Mid-Market,Retail,20,2023-11-02
6224,Brightpath Materials LLC 1,Mid-Market,Education,28,2024-09-18
6225,Brightpath Partners Ltd. 2,SMB,Technology,15,2019-04-02
6226,Bluepeak Ventures Inc. 2,SMB,Education,6,2024-04-19
6227,Orbit Ventures Corp. 3,SMB,Healthcare,29,2019-10-31
6228,Catalyst Industries Inc.,Enterprise,Retail,10,2019-07-22
6229,Silverline Systems Ltd. 2,Mid-Market,Education,3,2025-06-11
6230,Palisade Foods Inc.,Mid-Market,Education,17,2025-06-17
6231,Delta Industries Co. 3,SMB,Finance,24,2024-03-09
6232,Prime Partners Inc. 2,Enterprise,Retail,8,2025-03-25
6233,Pioneer Materials Corp. 1,Enterprise,Technology,9,2019-02-12
6234,Orbit Technologies Ltd. 2,SMB,Manufacturing,9,2022-07-31
6235,Cascade Logistics Corp. 3,Mid-Market,Professional Services,25,2025-02-05
6236,Nova Solutions LLC,SMB,Healthcare,29,2025-03-31
6237,Beacon Manufacturing LLC 4,Enterprise,Healthcare,26,2021-07-27
6238,Union Analytics Co. 4,SMB,Retail,7,2021-04-09
6239,Sterling Holdings Inc. 1,Enterprise,Manufacturing,26,2023-11-25
6240,Anchor Group Ltd. 1,Enterprise,Manufacturing,10,2019-06-03
6241,Orbit Logistics LLC 3,Mid-Market,Healthcare,27,2024-06-18
6242,Redwood Materials Inc.,Mid-Market,Healthcare,30,2020-09-30
6243,Horizon Logistics Corp. 1,SMB,Education,22,2022-08-26
6244,Anchor Analytics Inc. 1,Enterprise,Finance,29,2020-05-07
6245,Harbor Networks Ltd. 2,Enterprise,Education,5,2024-02-21
6246,Falcon Solutions Ltd. 2,SMB,Manufacturing,20,2025-09-10
6247,Meridian Financial LLC 3,Mid-Market,Finance,2,2022-10-14
6248,Summit Materials Ltd. 3,SMB,Healthcare,20,2025-08-27
6249,Falcon Systems Ltd. 2,SMB,Retail,11,2021-10-24
6250,Brightpath Group Ltd. 1,Enterprise,Healthcare,30,2021-01-02
6251,Catalyst Networks Inc. 1,SMB,Professional Services,15,2024-11-13
6252,Northwind Industries Inc. 1,Mid-Market,Finance,23,2019-04-07
6253,Everest Retail Inc. 2,Mid-Market,Education,10,2020-12-19
6254,Everest Technologies Co. 3,Enterprise,Manufacturing,3,2023-10-31
6255,Global Holdings LLC 1,SMB,Finance,23,2020-04-27
6256,Ironclad Partners Corp.,SMB,Manufacturing,7,2025-03-25
6257,Silverline Health Corp. 3,SMB,Manufacturing,22,2022-05-17
6258,Sterling Holdings Co.,SMB,Manufacturing,14,2020-09-20
6259,Prime Networks Inc.,Mid-Market,Professional Services,30,2021-08-06
6260,Apex Ventures Ltd. 3,SMB,Retail,11,2020-12-26
6261,Crestline Technologies Inc. 4,SMB,Technology,13,2023-11-27
6262,Redwood Industries Co. 2,SMB,Technology,23,2019-10-08
6263,Crestline Industries Corp. 1,SMB,Technology,24,2024-12-21
6264,Orbit Technologies LLC 3,SMB,Retail,4,2020-01-16
6265,Cascade Partners Corp. 1,Enterprise,Healthcare,23,2020-12-22
6266,Palisade Health Ltd. 2,SMB,Finance,15,2023-05-21
6267,Meridian Health Corp. 3,SMB,Education,30,2021-06-24
6268,Nova Manufacturing Inc. 1,SMB,Technology,19,2022-07-27
6269,Sterling Health LLC 1,Mid-Market,Healthcare,24,2022-12-25
6270,Horizon Systems Co. 2,SMB,Technology,11,2020-10-24
6271,Northwind Manufacturing LLC 3,Mid-Market,Healthcare,9,2022-09-28
6272,Anchor Networks Corp. 2,Mid-Market,Technology,24,2025-07-29
6273,Crestline Solutions Inc. 3,SMB,Retail,1,2019-01-07
6274,Summit Manufacturing Inc. 4,Mid-Market,Education,18,2023-03-04
6275,Bluepeak Enterprises LLC 6,SMB,Healthcare,30,2021-03-29
6276,Cascade Materials Co. 3,Enterprise,Manufacturing,30,2025-01-12
6277,Palisade Networks Corp. 4,SMB,Finance,22,2019-09-04
6278,Anchor Networks LLC,SMB,Technology,15,2019-06-04
6279,Global Holdings Corp. 1,Mid-Market,Manufacturing,25,2021-10-31
6280,Beacon Enterprises Co. 1,SMB,Retail,1,2023-09-19
6281,Beacon Industries Co. 2,Mid-Market,Healthcare,24,2019-01-17
6282,Vertex Manufacturing LLC 2,SMB,Education,6,2024-09-04
6283,Bluepeak Dynamics Co. 3,SMB,Professional Services,23,2021-05-10
6284,Catalyst Group Co. 1,Mid-Market,Technology,11,2025-06-10
6285,Brightpath Dynamics Inc.,SMB,Healthcare,23,2025-05-04
6286,Bluepeak Retail Co. 2,SMB,Finance,19,2024-05-06
6287,Beacon Analytics LLC 1,SMB,Education,28,2024-02-27
6288,Union Retail Ltd. 6,SMB,Technology,24,2023-03-16
6289,Redwood Dynamics Co. 1,Mid-Market,Manufacturing,28,2024-07-23
6290,Global Dynamics Corp. 2,SMB,Manufacturing,5,2020-03-31
6291,Sterling Systems LLC 5,Mid-Market,Technology,12,2024-09-19
6292,Vertex Ventures Co. 2,Mid-Market,Technology,14,2022-12-15
6293,Granite Systems Corp. 2,SMB,Technology,1,2024-06-21
6294,Vertex Financial Ltd. 2,Enterprise,Technology,1,2022-06-16
6295,Global Ventures Ltd.,SMB,Manufacturing,2,2023-06-01
6296,Cascade Enterprises LLC 2,Mid-Market,Professional Services,24,2021-05-23
6297,Bluepeak Ventures Corp. 3,SMB,Finance,14,2021-12-20
6298,Bluepeak Financial LLC 5,SMB,Healthcare,23,2021-07-21
6299,Granite Technologies Inc. 3,Mid-Market,Healthcare,26,2024-03-07
6300,Crestline Analytics Ltd.,Mid-Market,Professional Services,2,2020-05-27
6301,Everest Retail LLC,Mid-Market,Professional Services,26,2025-07-06
6302,Nova Manufacturing Corp.,SMB,Retail,7,2024-10-20
6303,Union Ventures Inc. 3,SMB,Manufacturing,13,2025-01-11
6304,Pioneer Logistics Ltd. 3,Mid-Market,Healthcare,29,2025-05-25
6305,Horizon Technologies Inc. 3,SMB,Professional Services,10,2022-01-19
6306,Nova Financial LLC 3,Mid-Market,Technology,29,2025-03-29
6307,Northwind Group Inc. 3,Mid-Market,Healthcare,16,2022-02-09
6308,Orbit Dynamics Co. 1,Mid-Market,Retail,1,2019-09-17
6309,Everest Financial Ltd. 3,Mid-Market,Healthcare,25,2019-05-07
6310,Beacon Industries Ltd. 2,SMB,Technology,2,2019-06-12
6311,Palisade Networks Corp. 5,SMB,Retail,20,2020-04-25
6312,Silverline Manufacturing Co. 3,SMB,Technology,14,2021-07-08
6313,Crestline Holdings Inc. 2,SMB,Healthcare,5,2025-11-07
6314,Crestline Ventures Corp. 1,Mid-Market,Retail,16,2020-09-08
6315,Pioneer Logistics Inc.,Mid-Market,Healthcare,11,2025-05-22
6316,Sterling Group Ltd. 1,SMB,Education,3,2024-09-02
6317,Catalyst Holdings Co. 1,SMB,Technology,17,2025-01-10
6318,Ironclad Group Ltd. 3,SMB,Retail,2,2024-06-28
6319,Brightpath Materials Inc. 3,Mid-Market,Technology,17,2025-10-23
6320,Cascade Logistics Ltd. 2,SMB,Education,7,2019-11-03
6321,Harbor Materials LLC 3,SMB,Education,25,2022-05-09
6322,Falcon Analytics LLC 3,SMB,Education,29,2021-05-26
6323,Meridian Foods Corp. 1,SMB,Healthcare,28,2020-12-27
6324,Beacon Retail Corp. 6,Mid-Market,Healthcare,29,2022-02-16
6325,Bluepeak Consulting Inc. 2,Mid-Market,Professional Services,4,2022-05-14
6326,Pioneer Dynamics Corp. 3,Mid-Market,Education,16,2025-11-25
6327,Crestline Ventures Inc. 1,Mid-Market,Healthcare,7,2020-11-07
6328,Everest Health Ltd. 7,SMB,Technology,3,2025-05-19
6329,Silverline Partners Inc. 2,SMB,Finance,12,2020-03-02
6330,Everest Enterprises Co. 1,Mid-Market,Retail,13,2023-08-27
6331,Northwind Retail Co.,Mid-Market,Finance,9,2021-02-19
6332,Orbit Manufacturing Ltd. 4,SMB,Education,4,2025-09-20
6333,Apex Solutions Ltd. 4,SMB,Manufacturing,13,2023-06-11
6334,Catalyst Dynamics Corp. 2,Enterprise,Professional Services,5,2019-06-14
6335,Northwind Group Corp. 2,SMB,Professional Services,2,2025-06-18
6336,Apex Enterprises Corp. 1,Mid-Market,Manufacturing,14,2021-01-20
6337,Horizon Financial Co. 1,Mid-Market,Education,2,2025-06-28
6338,Sterling Foods Inc. 3,Mid-Market,Manufacturing,29,2019-02-04
6339,Delta Financial Corp. 1,SMB,Technology,26,2020-07-12
6340,Harbor Analytics Corp. 3,SMB,Finance,28,2020-12-12
6341,Prime Logistics LLC 2,SMB,Finance,4,2023-10-25
6342,Brightpath Ventures Corp. 1,Enterprise,Professional Services,14,2024-08-01
6343,Orbit Enterprises Corp. 1,SMB,Education,25,2023-05-30
6344,Anchor Systems Inc. 3,SMB,Healthcare,18,2019-06-08
6345,Palisade Solutions Corp. 1,Mid-Market,Technology,10,2022-01-13
6346,Apex Manufacturing Inc.,Mid-Market,Manufacturing,25,2022-06-16
6347,Nova Ventures LLC 2,Mid-Market,Manufacturing,10,2021-07-05
6348,Brightpath Group LLC 3,SMB,Education,30,2021-12-08
6349,Redwood Systems Ltd. 2,Mid-Market,Healthcare,4,2022-05-18
6350,Falcon Industries Co. 2,Mid-Market,Education,22,2022-11-17
6351,Everest Partners Inc. 3,SMB,Finance,1,2023-06-01
6352,Summit Retail LLC 2,SMB,Finance,28,2020-06-21
6353,Brightpath Networks Inc. 2,SMB,Finance,11,2025-04-23
6354,Meridian Financial Corp. 2,SMB,Professional Services,1,2024-10-17
6355,Silverline Retail LLC 1,Mid-Market,Finance,26,2024-07-03
6356,Summit Retail Corp. 1,SMB,Manufacturing,30,2024-08-21
6357,Everest Financial Inc.,Mid-Market,Professional Services,28,2022-09-05
6358,Nova Holdings Co. 1,Enterprise,Technology,15,2025-09-02
6359,Harbor Financial Co. 1,SMB,Manufacturing,2,2021-07-24
6360,Granite Health Co. 1,Mid-Market,Retail,7,2021-12-09
6361,Delta Materials Corp. 1,Enterprise,Professional Services,1,2024-09-17
6362,Pioneer Technologies Ltd. 3,SMB,Technology,2,2025-01-30
6363,Meridian Group Inc. 2,Mid-Market,Education,5,2022-02-21
6364,Global Ventures Ltd. 1,Enterprise,Education,17,2024-12-07
6365,Union Systems Ltd. 1,SMB,Finance,23,2023-06-07
6366,Everest Foods Ltd. 3,SMB,Education,18,2021-09-18
6367,Redwood Networks Ltd. 2,SMB,Manufacturing,7,2025-05-03
6368,Global Systems Inc. 1,Mid-Market,Retail,19,2022-07-10
6369,Northwind Group Corp. 3,SMB,Finance,7,2024-12-10
6370,Vertex Dynamics Corp. 5,SMB,Healthcare,14,2024-09-07
6371,Orbit Ventures Corp. 4,Mid-Market,Education,27,2019-09-04
6372,Cascade Consulting Corp. 2,Mid-Market,Healthcare,5,2025-02-04
6373,Delta Dynamics Ltd. 1,Enterprise,Healthcare,27,2020-02-20
6374,Horizon Consulting Corp. 1,SMB,Professional Services,9,2024-09-11
6375,Northwind Retail LLC 1,Mid-Market,Professional Services,21,2024-04-15
6376,Prime Dynamics Ltd. 2,SMB,Retail,8,2024-02-28
6377,Falcon Dynamics Corp. 3,SMB,Retail,5,2025-06-11
6378,Crestline Solutions Inc. 4,Mid-Market,Finance,14,2023-03-16
6379,Insight Dynamics Ltd. 3,SMB,Retail,12,2021-05-15
6380,Sterling Group Corp. 4,Mid-Market,Retail,16,2023-02-25
6381,Northwind Materials Co. 2,Enterprise,Manufacturing,8,2023-11-15
6382,Brightpath Solutions LLC 1,SMB,Retail,30,2021-07-20
6383,Pioneer Manufacturing Co. 1,Mid-Market,Manufacturing,21,2020-10-11
6384,Granite Materials Corp. 3,SMB,Professional Services,26,2022-06-05
6385,Harbor Group Co. 2,SMB,Retail,24,2025-04-15
6386,Crestline Industries Inc. 4,Mid-Market,Finance,22,2023-05-31
6387,Vertex Ventures Inc. 2,Mid-Market,Retail,5,2025-04-12
6388,Meridian Manufacturing LLC,Mid-Market,Healthcare,18,2022-04-29
6389,Catalyst Manufacturing Co. 2,SMB,Healthcare,27,2025-08-17
6390,Union Retail Corp. 1,SMB,Education,3,2024-07-16
6391,Summit Solutions Ltd.,Mid-Market,Retail,14,2021-06-25
6392,Global Technologies Inc. 4,SMB,Technology,6,2022-02-19
6393,Prime Enterprises LLC 3,SMB,Finance,24,2025-12-25
6394,Beacon Manufacturing LLC 5,SMB,Professional Services,28,2025-09-03
6395,Prime Health Co. 1,Enterprise,Retail,2,2021-11-14
6396,Falcon Consulting Inc. 4,Enterprise,Professional Services,25,2024-10-31
6397,Crestline Holdings Co. 2,Enterprise,Manufacturing,11,2025-05-14
6398,Falcon Retail LLC 1,Mid-Market,Technology,29,2020-10-05
6399,Granite Networks Ltd. 2,Mid-Market,Healthcare,1,2022-08-16
6400,Anchor Retail LLC 2,Enterprise,Technology,6,2024-04-19
6401,Vertex Group Inc. 1,Mid-Market,Education,22,2019-07-16
6402,Apex Materials Ltd. 1,Mid-Market,Education,24,2024-08-21
6403,Vertex Logistics Inc. 1,Enterprise,Manufacturing,3,2020-06-23
6404,Union Manufacturing Inc. 1,SMB,Education,5,2022-05-09
6405,Palisade Financial Co. 3,SMB,Manufacturing,11,2021-08-17
6406,Insight Technologies LLC 2,Mid-Market,Education,2,2024-03-06
6407,Harbor Partners Co. 3,SMB,Retail,24,2020-08-18
6408,Northwind Technologies LLC 3,Mid-Market,Manufacturing,21,2022-04-07
6409,Cascade Foods LLC 1,SMB,Retail,23,2020-11-09
6410,Catalyst Retail Corp. 4,SMB,Finance,15,2019-05-21
6411,Catalyst Foods LLC 3,Mid-Market,Education,20,2024-11-26
6412,Northwind Holdings Co.,SMB,Professional Services,18,2020-07-27
6413,Global Group Ltd. 1,SMB,Healthcare,21,2020-08-17
6414,Apex Networks Ltd. 1,SMB,Retail,14,2019-04-30
6415,Delta Materials Inc. 2,Mid-Market,Technology,20,2022-07-08
6416,Bluepeak Materials LLC 1,Mid-Market,Finance,20,2020-11-18
6417,Anchor Financial Corp. 1,SMB,Retail,20,2022-12-16
6418,Delta Materials Corp. 2,Mid-Market,Healthcare,27,2024-01-24
6419,Falcon Financial Co. 2,SMB,Healthcare,11,2019-04-28
6420,Silverline Group Ltd. 1,SMB,Finance,27,2020-05-27
6421,Sterling Consulting LLC,Mid-Market,Technology,1,2021-09-26
6422,Vertex Logistics Corp. 2,Mid-Market,Retail,15,2025-02-26
6423,Harbor Technologies Ltd.,Mid-Market,Technology,14,2019-10-08
6424,Falcon Health Corp.,Mid-Market,Finance,27,2024-03-16
6425,Cascade Solutions Corp.,SMB,Finance,2,2025-09-03
6426,Cascade Retail Ltd. 1,SMB,Professional Services,7,2019-07-18
6427,Anchor Group LLC 2,Mid-Market,Professional Services,15,2021-05-01
6428,Meridian Holdings Inc. 2,SMB,Technology,25,2024-05-21
6429,Anchor Consulting Corp. 2,SMB,Healthcare,14,2025-07-18
6430,Apex Enterprises LLC 1,SMB,Education,20,2020-09-22
6431,Crestline Dynamics Corp. 3,Mid-Market,Finance,6,2023-06-29
6432,Catalyst Health Co.,SMB,Retail,29,2024-02-13
6433,Granite Ventures Ltd. 2,SMB,Professional Services,24,2021-10-29
6434,Global Consulting Ltd. 5,Mid-Market,Healthcare,2,2023-09-08
6435,Catalyst Materials Corp. 2,SMB,Professional Services,22,2022-11-04
6436,Apex Foods Co. 2,SMB,Technology,4,2025-07-23
6437,Everest Technologies Co. 4,Mid-Market,Healthcare,17,2022-10-08
6438,Prime Networks Ltd. 5,SMB,Manufacturing,22,2022-08-13
6439,Bluepeak Health Inc. 4,SMB,Professional Services,28,2023-09-07
6440,Anchor Foods LLC,SMB,Manufacturing,3,2020-01-25
6441,Everest Industries Co.,Mid-Market,Technology,9,2022-09-19
6442,Meridian Holdings Inc. 3,SMB,Healthcare,21,2019-05-10
6443,Northwind Group Corp. 4,SMB,Education,8,2023-05-22
6444,Insight Logistics Ltd. 4,SMB,Manufacturing,22,2022-09-28
6445,Harbor Foods LLC 6,Enterprise,Technology,6,2024-11-15
6446,Redwood Enterprises Ltd.,Enterprise,Manufacturing,5,2024-07-31
6447,Global Technologies Inc. 5,SMB,Finance,17,2022-01-10
6448,Insight Manufacturing LLC 2,Mid-Market,Technology,21,2023-08-12
6449,Union Holdings LLC 5,Mid-Market,Healthcare,7,2021-02-14
6450,Ironclad Ventures Inc. 2,Mid-Market,Professional Services,27,2021-09-18
6451,Pioneer Financial Corp. 1,SMB,Retail,27,2019-07-19
6452,Insight Consulting Corp. 4,Mid-Market,Technology,3,2019-09-15
6453,Anchor Health Co. 3,SMB,Technology,10,2024-09-23
6454,Horizon Logistics Corp. 2,SMB,Finance,17,2025-10-20
6455,Bluepeak Foods Ltd. 3,SMB,Manufacturing,15,2022-06-04
6456,Bluepeak Health Inc. 5,SMB,Manufacturing,8,2019-11-24
6457,Falcon Technologies Inc. 4,Mid-Market,Retail,16,2019-08-14
6458,Silverline Ventures LLC 4,SMB,Healthcare,29,2019-04-27
6459,Falcon Group LLC 2,Enterprise,Technology,10,2025-02-24
6460,Palisade Industries Co. 1,SMB,Retail,7,2022-02-04
6461,Cascade Holdings Corp. 3,Mid-Market,Professional Services,23,2025-02-28
6462,Meridian Solutions Corp. 2,SMB,Healthcare,18,2021-07-16
6463,Delta Technologies Co.,SMB,Finance,21,2023-02-12
6464,Silverline Systems Co. 2,Mid-Market,Retail,20,2023-09-19
6465,Palisade Financial Ltd.,SMB,Healthcare,23,2019-05-08
6466,Pioneer Networks Corp.,Enterprise,Professional Services,22,2023-10-09
6467,Meridian Technologies LLC 2,Mid-Market,Healthcare,19,2024-08-06
6468,Brightpath Partners Inc. 6,Mid-Market,Manufacturing,14,2019-02-26
6469,Bluepeak Analytics Inc. 1,Mid-Market,Finance,14,2019-05-31
6470,Everest Consulting Co. 3,SMB,Retail,8,2022-08-27
6471,Horizon Industries Inc. 1,SMB,Healthcare,14,2025-10-18
6472,Everest Solutions Corp. 4,Mid-Market,Technology,19,2025-10-23
6473,Summit Logistics Corp. 3,SMB,Manufacturing,22,2019-10-08
6474,Meridian Financial Corp. 3,SMB,Professional Services,24,2024-04-28
6475,Redwood Industries Inc. 1,SMB,Retail,12,2024-07-20
6476,Prime Retail Corp. 1,Enterprise,Education,22,2025-02-19
6477,Ironclad Industries LLC 1,SMB,Manufacturing,14,2019-04-22
6478,Granite Enterprises LLC,Enterprise,Technology,11,2025-10-21
6479,Orbit Holdings Co. 4,SMB,Finance,5,2024-10-01
6480,Ironclad Networks Corp. 5,SMB,Professional Services,8,2023-04-03
6481,Harbor Health Corp. 2,SMB,Education,21,2019-06-20
6482,Granite Holdings Inc. 4,Enterprise,Retail,7,2020-09-05
6483,Global Consulting Co. 4,Mid-Market,Finance,3,2021-06-04
6484,Anchor Partners Corp. 1,SMB,Retail,9,2024-12-31
6485,Everest Ventures Ltd. 4,Enterprise,Retail,30,2024-04-29
6486,Harbor Industries Corp.,Mid-Market,Retail,5,2025-08-01
6487,Delta Group LLC 3,SMB,Professional Services,5,2021-12-16
6488,Apex Financial LLC 7,SMB,Retail,13,2025-06-01
6489,Beacon Analytics Inc. 2,Mid-Market,Healthcare,12,2025-04-08
6490,Everest Health Co. 2,Mid-Market,Healthcare,28,2019-02-17
6491,Redwood Ventures Corp.,SMB,Retail,8,2020-09-03
6492,Global Technologies LLC 2,Mid-Market,Professional Services,13,2024-08-06
6493,Vertex Enterprises Ltd. 2,Enterprise,Professional Services,9,2023-08-27
6494,Crestline Retail Inc. 2,Mid-Market,Retail,8,2020-07-23
6495,Everest Ventures Corp. 3,Mid-Market,Manufacturing,10,2024-06-20
6496,Pioneer Logistics Corp.,SMB,Education,8,2021-03-20
6497,Beacon Retail Co. 2,Mid-Market,Professional Services,22,2023-03-20
6498,Vertex Solutions Ltd. 2,Enterprise,Technology,24,2025-07-16
6499,Delta Financial Ltd. 2,SMB,Finance,6,2020-09-04
6500,Global Solutions LLC 1,Enterprise,Finance,15,2019-05-22
6501,Prime Financial Corp. 1,Mid-Market,Manufacturing,8,2023-08-15
6502,Pioneer Foods Co. 2,SMB,Finance,27,2024-02-05
6503,Ironclad Enterprises Inc. 1,SMB,Finance,4,2021-03-09
6504,Catalyst Enterprises Ltd. 2,Enterprise,Technology,13,2022-04-12
6505,Meridian Systems LLC 3,Mid-Market,Technology,10,2022-07-04
6506,Ironclad Partners Ltd. 2,Mid-Market,Manufacturing,11,2024-09-16
6507,Sterling Holdings Corp.,Enterprise,Professional Services,29,2023-11-07
6508,Orbit Analytics Ltd. 1,SMB,Finance,17,2020-11-28
6509,Beacon Technologies LLC 4,SMB,Healthcare,12,2020-11-28
6510,Crestline Foods Co. 1,SMB,Healthcare,25,2021-04-10
6511,Vertex Partners Co. 3,SMB,Professional Services,24,2020-01-09
6512,Vertex Retail Ltd. 3,Mid-Market,Retail,5,2019-12-10
6513,Vertex Dynamics Corp. 6,SMB,Retail,14,2024-09-20
6514,Summit Materials Inc. 6,SMB,Healthcare,13,2024-10-26
6515,Summit Ventures LLC 4,Mid-Market,Professional Services,14,2020-10-26
6516,Summit Financial LLC 3,SMB,Healthcare,11,2024-12-13
6517,Nova Logistics Ltd. 1,Enterprise,Professional Services,25,2022-12-29
6518,Sterling Dynamics Co. 2,SMB,Professional Services,30,2023-12-26
6519,Prime Consulting Ltd. 2,SMB,Manufacturing,1,2025-02-28
6520,Brightpath Systems Co. 3,Mid-Market,Professional Services,26,2021-02-27
6521,Apex Financial Inc. 3,SMB,Professional Services,26,2023-08-20
6522,Delta Ventures Ltd. 4,Mid-Market,Retail,11,2021-02-27
6523,Bluepeak Systems Corp. 3,SMB,Education,15,2025-04-26
6524,Orbit Technologies Inc. 5,Enterprise,Retail,4,2021-02-04
6525,Palisade Systems Ltd. 6,Mid-Market,Manufacturing,11,2023-05-18
6526,Insight Ventures Co. 2,Mid-Market,Finance,8,2020-05-03
6527,Catalyst Ventures Corp. 3,SMB,Retail,28,2021-08-03
6528,Meridian Technologies LLC 3,Enterprise,Healthcare,4,2021-06-17
6529,Bluepeak Logistics LLC 2,SMB,Healthcare,11,2024-04-01
6530,Bluepeak Enterprises Ltd. 3,Mid-Market,Healthcare,15,2021-01-02
6531,Apex Enterprises Ltd. 1,Mid-Market,Technology,30,2021-04-16
6532,Bluepeak Consulting LLC 2,Mid-Market,Professional Services,25,2019-01-25
6533,Beacon Retail Ltd. 3,Enterprise,Healthcare,29,2021-03-18
6534,Crestline Health Ltd. 3,SMB,Education,10,2020-11-26
6535,Cascade Technologies Inc. 2,Mid-Market,Manufacturing,9,2022-10-24
6536,Apex Health LLC 6,SMB,Finance,18,2021-10-23
6537,Prime Manufacturing LLC,SMB,Healthcare,11,2025-11-11
6538,Apex Technologies Ltd.,SMB,Education,1,2022-10-27
6539,Silverline Health Ltd. 3,SMB,Manufacturing,25,2019-07-05
6540,Crestline Dynamics Corp. 4,SMB,Manufacturing,3,2024-08-31
6541,Insight Networks LLC 1,SMB,Retail,6,2019-05-17
6542,Brightpath Financial Corp.,SMB,Education,29,2024-11-09
6543,Cascade Manufacturing Co. 1,SMB,Retail,22,2021-11-02
6544,Ironclad Solutions Co. 2,SMB,Manufacturing,20,2019-06-07
6545,Harbor Industries Inc. 2,Mid-Market,Professional Services,4,2025-11-03
6546,Vertex Foods Corp.,SMB,Professional Services,8,2022-06-20
6547,Prime Partners Ltd.,Mid-Market,Professional Services,7,2024-12-24
6548,Ironclad Industries LLC 2,SMB,Technology,20,2021-12-10
6549,Pioneer Systems Co. 1,SMB,Professional Services,16,2022-03-25
6550,Redwood Health Corp. 2,SMB,Healthcare,11,2021-07-15
6551,Nova Manufacturing LLC 1,SMB,Retail,23,2021-07-31
6552,Everest Logistics Co. 3,SMB,Retail,24,2024-07-21
6553,Catalyst Manufacturing Ltd. 2,SMB,Healthcare,23,2019-03-20
6554,Summit Networks Inc. 2,Mid-Market,Technology,4,2022-06-06
6555,Ironclad Financial Inc. 2,Mid-Market,Professional Services,19,2020-11-09
6556,Horizon Consulting Co. 1,Mid-Market,Professional Services,7,2022-11-23
6557,Brightpath Consulting Ltd. 1,Enterprise,Healthcare,9,2020-07-04
6558,Ironclad Retail Co. 1,SMB,Retail,30,2021-06-10
6559,Insight Systems Co.,SMB,Healthcare,13,2022-09-25
6560,Vertex Partners Ltd.,SMB,Manufacturing,24,2024-03-11
6561,Redwood Foods Co. 4,Mid-Market,Finance,8,2025-08-14
6562,Harbor Industries Co. 4,SMB,Education,30,2020-09-13
6563,Pioneer Partners Corp. 1,Mid-Market,Retail,9,2022-05-19
6564,Prime Technologies Ltd. 3,SMB,Manufacturing,6,2021-06-10
6565,Anchor Analytics Co. 3,SMB,Retail,10,2023-03-30
6566,Pioneer Foods Co. 3,Mid-Market,Manufacturing,6,2021-07-25
6567,Horizon Group Co. 1,Mid-Market,Technology,18,2019-09-05
6568,Harbor Ventures Co. 2,Mid-Market,Retail,5,2023-04-20
6569,Brightpath Materials LLC 2,Enterprise,Education,7,2019-04-01
6570,Summit Health Corp. 1,Mid-Market,Manufacturing,22,2019-04-21
6571,Everest Health Co. 3,Enterprise,Healthcare,2,2025-03-10
6572,Redwood Enterprises Inc. 2,Enterprise,Technology,14,2025-02-02
6573,Silverline Industries Inc. 1,Mid-Market,Finance,21,2022-12-09
6574,Insight Analytics Ltd. 1,Mid-Market,Education,14,2019-02-16
6575,Northwind Logistics Co. 2,SMB,Finance,1,2021-05-26
6576,Cascade Enterprises Corp. 2,Enterprise,Professional Services,5,2021-06-04
6577,Brightpath Logistics Co. 3,SMB,Finance,30,2024-01-17
6578,Prime Consulting LLC 2,Mid-Market,Finance,24,2024-09-06
6579,Pioneer Group Corp. 1,Enterprise,Education,11,2021-06-24
6580,Nova Partners Co. 5,Enterprise,Retail,27,2021-12-13
6581,Northwind Partners LLC 3,SMB,Technology,1,2020-07-28
6582,Apex Enterprises Co. 3,Mid-Market,Technology,2,2024-02-04
6583,Redwood Ventures Co. 1,SMB,Healthcare,27,2021-06-11
6584,Insight Systems Ltd. 1,Enterprise,Professional Services,21,2023-12-09
6585,Prime Group Inc.,SMB,Technology,18,2023-12-12
6586,Summit Analytics Co. 3,Enterprise,Technology,11,2020-02-04
6587,Summit Systems Corp. 2,Mid-Market,Education,25,2025-03-13
6588,Nova Materials LLC 7,SMB,Retail,19,2024-10-08
6589,Brightpath Materials Corp. 4,Mid-Market,Professional Services,14,2023-01-30
6590,Silverline Partners Corp. 2,Mid-Market,Healthcare,12,2019-08-09
6591,Meridian Consulting LLC 1,SMB,Retail,11,2020-03-03
6592,Beacon Enterprises Ltd. 2,Mid-Market,Technology,18,2019-08-24
6593,Cascade Group Inc. 2,Enterprise,Retail,20,2022-03-30
6594,Union Solutions Ltd.,Mid-Market,Technology,25,2020-11-09
6595,Insight Financial LLC,Enterprise,Professional Services,13,2024-10-24
6596,Vertex Retail Ltd. 4,SMB,Finance,8,2022-01-19
6597,Pioneer Retail Co. 5,SMB,Healthcare,17,2022-03-01
6598,Horizon Solutions Corp. 4,SMB,Professional Services,18,2025-06-14
6599,Nova Financial Co. 4,Mid-Market,Technology,9,2023-01-16
6600,Delta Consulting LLC 2,SMB,Education,3,2021-09-17
6601,Falcon Logistics Co. 1,SMB,Manufacturing,10,2025-11-18
6602,Ironclad Partners Corp. 1,Enterprise,Retail,3,2022-03-27
6603,Pioneer Holdings Corp. 2,SMB,Healthcare,3,2023-01-21
6604,Everest Partners Inc. 4,SMB,Professional Services,29,2021-09-03
6605,Granite Technologies Ltd. 1,SMB,Manufacturing,24,2023-09-07
6606,Meridian Materials Ltd. 1,Mid-Market,Finance,2,2024-06-05
6607,Palisade Health Corp. 3,Enterprise,Manufacturing,11,2023-05-26
6608,Union Financial Inc. 8,SMB,Finance,8,2020-09-26
6609,Redwood Retail Ltd. 6,SMB,Finance,30,2025-08-05
6610,Bluepeak Solutions Ltd. 2,Mid-Market,Technology,14,2022-07-31
6611,Crestline Analytics Co. 2,Enterprise,Manufacturing,8,2024-10-12
6612,Crestline Retail Co. 5,SMB,Manufacturing,20,2019-01-23
6613,Bluepeak Logistics LLC 3,Mid-Market,Finance,15,2022-08-16
6614,Beacon Manufacturing LLC 6,Mid-Market,Professional Services,6,2025-07-19
6615,Delta Dynamics Co. 1,SMB,Technology,10,2023-10-26
6616,Pioneer Foods Inc. 2,Enterprise,Professional Services,4,2019-10-19
6617,Summit Analytics Co. 4,Enterprise,Professional Services,21,2023-12-20
6618,Silverline Consulting Inc. 3,Enterprise,Technology,30,2019-02-08
6619,Catalyst Systems Corp. 1,SMB,Retail,25,2021-07-31
6620,Ironclad Financial Inc. 3,Mid-Market,Healthcare,12,2020-08-28
6621,Delta Logistics Co.,SMB,Technology,15,2020-10-05
6622,Anchor Financial Corp. 2,SMB,Professional Services,2,2019-04-17
6623,Anchor Ventures Co. 2,SMB,Technology,12,2023-04-27
6624,Ironclad Logistics Inc. 2,SMB,Finance,1,2024-03-11
6625,Summit Materials Inc. 7,SMB,Technology,23,2021-01-15
6626,Vertex Holdings Corp. 1,Mid-Market,Technology,28,2023-02-08
6627,Beacon Enterprises Inc. 1,SMB,Technology,6,2022-06-25
6628,Northwind Systems Corp. 2,SMB,Education,21,2025-12-13
6629,Anchor Analytics Ltd. 1,SMB,Technology,18,2024-09-07
6630,Bluepeak Partners Corp.,Mid-Market,Education,13,2025-08-15
6631,Global Industries Ltd. 2,Mid-Market,Healthcare,23,2024-10-07
6632,Palisade Materials Inc. 2,SMB,Professional Services,21,2023-08-09
6633,Falcon Holdings LLC 3,Enterprise,Education,9,2019-07-01
6634,Orbit Holdings Inc. 1,SMB,Retail,24,2025-01-01
6635,Pioneer Solutions Corp. 5,Mid-Market,Education,20,2024-04-29
6636,Meridian Consulting LLC 2,SMB,Finance,10,2020-12-22
6637,Harbor Partners Corp.,SMB,Education,23,2020-11-19
6638,Northwind Manufacturing Inc. 2,Mid-Market,Healthcare,20,2022-09-01
6639,Apex Partners Corp. 3,Mid-Market,Retail,4,2020-12-24
6640,Catalyst Materials Ltd. 2,SMB,Professional Services,5,2025-10-16
6641,Prime Dynamics Inc. 3,Mid-Market,Education,10,2020-05-09
6642,Summit Materials Ltd. 4,Mid-Market,Healthcare,2,2020-01-28
6643,Palisade Enterprises LLC 2,SMB,Education,13,2019-04-22
6644,Bluepeak Systems Co. 2,Mid-Market,Professional Services,14,2022-11-13
6645,Nova Networks Co. 3,SMB,Professional Services,24,2024-03-07
6646,Summit Holdings Corp. 4,Enterprise,Education,6,2023-02-07
6647,Vertex Enterprises Inc. 2,Mid-Market,Education,18,2020-06-16
6648,Nova Solutions LLC 1,SMB,Education,20,2025-06-18
6649,Global Materials Ltd. 4,Enterprise,Education,14,2021-08-27
6650,Cascade Consulting LLC 4,Mid-Market,Technology,28,2019-12-26
6651,Delta Solutions Ltd. 2,SMB,Education,10,2020-05-03
6652,Cascade Financial Co. 2,SMB,Healthcare,13,2022-01-25
6653,Summit Dynamics Co. 3,SMB,Manufacturing,1,2022-10-23
6654,Falcon Holdings LLC 4,SMB,Finance,13,2023-03-18
6655,Union Systems Co. 2,Mid-Market,Healthcare,1,2019-07-07
6656,Harbor Holdings LLC 3,Mid-Market,Healthcare,30,2025-01-26
6657,Brightpath Systems Co. 4,SMB,Technology,8,2021-05-09
6658,Silverline Enterprises Inc. 2,SMB,Manufacturing,25,2020-10-25
6659,Redwood Consulting Corp. 2,SMB,Finance,4,2023-10-24
6660,Global Dynamics Ltd. 1,Mid-Market,Finance,9,2023-04-18
6661,Cascade Retail Inc. 1,Mid-Market,Technology,4,2025-12-12
6662,Orbit Financial Corp. 2,Enterprise,Retail,12,2021-11-14
6663,Crestline Partners LLC 3,SMB,Healthcare,19,2020-04-13
6664,Everest Consulting Co. 4,SMB,Education,13,2025-10-22
6665,Harbor Networks Corp. 2,Mid-Market,Technology,19,2022-05-17
6666,Silverline Group Inc. 2,Mid-Market,Technology,25,2023-08-18
6667,Catalyst Holdings Inc. 1,Mid-Market,Finance,2,2021-05-08
6668,Horizon Logistics Inc. 1,Enterprise,Finance,13,2025-11-28
6669,Granite Solutions Inc. 2,SMB,Professional Services,18,2025-09-30
6670,Anchor Ventures Corp. 1,SMB,Manufacturing,16,2025-11-20
6671,Beacon Retail LLC 2,Mid-Market,Finance,5,2024-10-06
6672,Brightpath Dynamics LLC 1,SMB,Education,7,2022-07-03
6673,Delta Manufacturing LLC 4,SMB,Healthcare,12,2023-01-02
6674,Ironclad Financial Corp. 1,Enterprise,Professional Services,20,2019-07-11
6675,Harbor Analytics Corp. 4,Mid-Market,Finance,30,2024-07-20
6676,Sterling Networks Corp. 2,Mid-Market,Finance,12,2024-03-29
6677,Orbit Retail Co.,Mid-Market,Finance,16,2023-12-16
6678,Horizon Systems LLC,SMB,Technology,10,2021-09-04
6679,Granite Manufacturing LLC 4,SMB,Retail,2,2020-11-10
6680,Summit Group Corp.,Mid-Market,Retail,12,2024-09-01
6681,Summit Technologies Inc. 1,Mid-Market,Retail,11,2025-10-26
6682,Global Logistics Ltd. 2,SMB,Retail,5,2021-12-18
6683,Pioneer Analytics Corp. 4,Mid-Market,Technology,21,2019-05-22
6684,Prime Analytics LLC 1,SMB,Professional Services,8,2025-04-21
6685,Silverline Analytics LLC 3,SMB,Manufacturing,7,2023-10-29
6686,Crestline Group Corp.,SMB,Retail,12,2023-09-13
6687,Orbit Networks Co. 1,SMB,Technology,29,2025-08-10
6688,Orbit Solutions LLC,SMB,Education,20,2023-09-10
6689,Orbit Consulting Corp. 3,SMB,Retail,13,2023-04-28
6690,Summit Foods Inc. 3,Mid-Market,Finance,25,2023-12-21
6691,Ironclad Enterprises LLC 2,Mid-Market,Professional Services,1,2022-05-21
6692,Crestline Partners Ltd. 5,Mid-Market,Retail,11,2021-01-03
6693,Ironclad Partners Ltd. 3,Mid-Market,Professional Services,17,2020-10-05
6694,Summit Ventures Co. 1,Enterprise,Education,15,2024-01-31
6695,Falcon Ventures Corp. 3,Mid-Market,Healthcare,21,2020-09-12
6696,Anchor Enterprises Co. 3,Mid-Market,Professional Services,22,2025-07-08
6697,Bluepeak Holdings Corp. 3,Enterprise,Education,14,2021-10-27
6698,Bluepeak Networks Inc. 5,Mid-Market,Healthcare,28,2023-06-08
6699,Northwind Partners Inc. 1,SMB,Education,28,2019-04-20
6700,Insight Industries Corp. 1,SMB,Manufacturing,15,2022-02-21
6701,Anchor Networks LLC 1,SMB,Professional Services,28,2021-10-18
6702,Orbit Foods Inc. 1,SMB,Healthcare,20,2024-04-12
6703,Sterling Consulting Inc. 4,SMB,Healthcare,5,2019-05-22
6704,Summit Solutions Ltd. 1,SMB,Finance,4,2021-10-25
6705,Delta Retail Ltd.,Enterprise,Manufacturing,3,2025-01-02
6706,Brightpath Holdings LLC 4,SMB,Retail,7,2023-09-05
6707,Northwind Consulting LLC,Enterprise,Healthcare,10,2024-06-10
6708,Palisade Manufacturing Corp.,SMB,Retail,3,2024-05-04
6709,Global Analytics Inc. 3,SMB,Technology,19,2023-08-19
6710,Silverline Materials Co. 3,Mid-Market,Finance,13,2021-09-27
6711,Harbor Group Corp. 2,SMB,Retail,19,2021-10-17
6712,Beacon Materials LLC 1,Mid-Market,Healthcare,16,2019-05-11
6713,Summit Manufacturing Corp.,Enterprise,Manufacturing,9,2020-05-13
6714,Brightpath Partners Inc. 7,Enterprise,Retail,19,2022-11-27
6715,Palisade Solutions LLC 1,Enterprise,Healthcare,29,2025-04-06
6716,Redwood Manufacturing Corp. 2,Enterprise,Professional Services,10,2023-04-14
6717,Northwind Enterprises Co.,SMB,Education,10,2021-09-16
6718,Palisade Enterprises Co. 2,SMB,Professional Services,16,2024-10-27
6719,Meridian Ventures Ltd. 3,Mid-Market,Manufacturing,25,2022-02-21
6720,Harbor Analytics LLC 3,SMB,Finance,16,2020-10-26
6721,Everest Technologies Co. 5,Enterprise,Professional Services,25,2019-07-24
6722,Granite Group Inc. 4,Mid-Market,Education,3,2024-10-18
6723,Meridian Health LLC 1,SMB,Education,3,2023-04-24
6724,Palisade Manufacturing Corp. 1,SMB,Healthcare,13,2023-01-24
6725,Nova Networks Corp. 2,Mid-Market,Professional Services,7,2024-01-17
6726,Beacon Financial Ltd. 2,Enterprise,Manufacturing,1,2023-03-27
6727,Beacon Ventures Corp.,SMB,Education,7,2021-06-14
6728,Catalyst Foods Co. 1,SMB,Education,9,2023-04-28
6729,Global Enterprises Corp. 3,Mid-Market,Technology,28,2019-12-24
6730,Orbit Technologies Ltd. 3,Mid-Market,Technology,24,2021-01-27
6731,Crestline Analytics Inc. 2,Enterprise,Technology,11,2022-10-05
6732,Granite Foods Inc. 4,SMB,Retail,29,2019-06-26
6733,Ironclad Manufacturing LLC,SMB,Professional Services,26,2024-10-01
6734,Union Networks Inc. 3,SMB,Technology,8,2019-04-25
6735,Orbit Solutions Co. 2,Mid-Market,Technology,15,2021-08-09
6736,Pioneer Holdings Ltd.,SMB,Manufacturing,28,2022-03-07
6737,Union Health Co. 2,SMB,Finance,14,2023-10-06
6738,Union Technologies LLC 4,Mid-Market,Technology,12,2020-01-31
6739,Cascade Ventures Inc. 2,SMB,Retail,28,2024-09-30
6740,Union Ventures LLC 3,Mid-Market,Professional Services,20,2021-12-25
6741,Cascade Enterprises Inc. 4,Mid-Market,Healthcare,14,2020-10-03
6742,Sterling Financial LLC 4,SMB,Technology,27,2019-09-09
6743,Bluepeak Ventures Inc. 3,Mid-Market,Healthcare,23,2025-06-23
6744,Catalyst Financial LLC,SMB,Healthcare,11,2021-10-28
6745,Falcon Group Ltd. 4,SMB,Manufacturing,13,2021-09-01
6746,Silverline Analytics Co. 4,Mid-Market,Technology,2,2020-04-05
6747,Global Materials LLC 2,Mid-Market,Finance,4,2022-07-18
6748,Palisade Health Co. 5,SMB,Technology,29,2021-03-28
6749,Harbor Networks Ltd. 3,Mid-Market,Retail,2,2020-02-29
6750,Anchor Partners Inc. 2,SMB,Manufacturing,26,2024-04-08
6751,Bluepeak Foods Inc. 2,Mid-Market,Technology,7,2025-04-14
6752,Ironclad Analytics Inc. 3,Mid-Market,Technology,17,2021-06-19
6753,Bluepeak Group Ltd. 1,SMB,Manufacturing,22,2021-01-02
6754,Catalyst Partners Ltd. 1,Enterprise,Retail,30,2021-08-12
6755,Anchor Materials Co. 4,SMB,Healthcare,12,2025-06-21
6756,Union Manufacturing Corp. 2,SMB,Finance,28,2023-01-31
6757,Cascade Health Inc. 1,Mid-Market,Retail,14,2020-02-29
6758,Vertex Consulting Co.,SMB,Manufacturing,27,2023-06-05
6759,Union Financial Co. 3,SMB,Technology,4,2021-10-22
6760,Bluepeak Partners Ltd. 2,SMB,Finance,9,2019-02-14
6761,Granite Materials Co. 1,Mid-Market,Healthcare,19,2025-10-15
6762,Summit Technologies LLC 2,Mid-Market,Professional Services,22,2019-10-21
6763,Everest Analytics Corp. 2,SMB,Education,25,2021-11-22
6764,Catalyst Networks Corp. 2,SMB,Finance,11,2023-08-08
6765,Redwood Logistics LLC 3,SMB,Healthcare,19,2023-02-06
6766,Insight Foods Co. 3,SMB,Technology,19,2019-01-11
6767,Anchor Solutions Corp. 1,SMB,Education,30,2023-04-03
6768,Summit Holdings Co. 4,Mid-Market,Professional Services,4,2024-02-02
6769,Cascade Manufacturing LLC,SMB,Healthcare,1,2024-12-10
6770,Everest Networks Corp. 2,Mid-Market,Retail,18,2020-04-15
6771,Catalyst Manufacturing Co. 3,Mid-Market,Healthcare,1,2019-04-04
6772,Nova Networks Inc. 1,SMB,Professional Services,6,2025-08-10
6773,Vertex Industries Corp. 3,Mid-Market,Finance,16,2023-10-06
6774,Granite Health Ltd. 2,Mid-Market,Technology,9,2022-03-08
6775,Summit Ventures Ltd. 2,SMB,Professional Services,8,2024-01-28
6776,Harbor Consulting Ltd. 3,SMB,Professional Services,11,2020-02-06
6777,Ironclad Solutions Ltd. 5,SMB,Finance,21,2025-09-15
6778,Delta Technologies Inc. 4,SMB,Professional Services,11,2023-07-31
6779,Horizon Manufacturing LLC 3,Mid-Market,Healthcare,24,2025-02-19
6780,Bluepeak Industries Ltd. 5,SMB,Healthcare,5,2022-11-23
6781,Anchor Enterprises Corp.,Mid-Market,Manufacturing,4,2024-08-08
6782,Nova Retail LLC 2,Mid-Market,Retail,5,2021-04-17
6783,Pioneer Retail Co. 6,Mid-Market,Finance,28,2019-12-07
6784,Union Logistics LLC,Enterprise,Education,9,2021-06-23
6785,Global Holdings LLC 2,SMB,Education,1,2025-04-11
6786,Harbor Industries Corp. 1,Mid-Market,Technology,10,2023-11-20
6787,Palisade Technologies LLC 2,SMB,Professional Services,21,2022-03-12
6788,Anchor Group Corp. 3,Mid-Market,Healthcare,11,2020-08-24
6789,Redwood Manufacturing Co. 3,Enterprise,Manufacturing,12,2023-03-09
6790,Union Analytics Co. 5,SMB,Finance,3,2023-02-24
6791,Harbor Enterprises LLC 1,SMB,Manufacturing,21,2022-09-19
6792,Global Foods LLC 3,SMB,Technology,7,2024-02-29
6793,Prime Technologies Co. 3,Mid-Market,Finance,3,2020-09-12
6794,Palisade Networks Corp. 6,Enterprise,Technology,22,2022-07-30
6795,Pioneer Consulting Inc. 1,SMB,Professional Services,29,2021-02-27
6796,Prime Industries Corp.,SMB,Healthcare,19,2020-06-09
6797,Global Health Ltd.,Enterprise,Manufacturing,29,2021-04-30
6798,Summit Financial Corp. 3,SMB,Healthcare,13,2024-08-14
6799,Orbit Analytics Ltd. 2,SMB,Healthcare,16,2019-10-19
6800,Sterling Analytics Ltd. 2,SMB,Finance,11,2020-12-05
6801,Pioneer Holdings Inc. 2,Mid-Market,Professional Services,16,2022-09-24
6802,Insight Technologies Co. 5,SMB,Manufacturing,27,2021-10-21
6803,Catalyst Holdings Inc. 2,Mid-Market,Professional Services,20,2024-10-16
6804,Sterling Solutions Inc. 6,SMB,Education,1,2024-06-14
6805,Apex Manufacturing LLC 1,Mid-Market,Manufacturing,18,2023-09-29
6806,Redwood Financial Inc. 4,Mid-Market,Professional Services,12,2020-12-23
6807,Granite Ventures Ltd. 3,Enterprise,Finance,17,2019-02-24
6808,Prime Retail Corp. 2,SMB,Manufacturing,17,2021-03-13
6809,Ironclad Financial LLC 3,SMB,Retail,18,2023-03-17
6810,Ironclad Ventures Co.,SMB,Retail,26,2019-09-17
6811,Palisade Solutions LLC 2,SMB,Education,26,2024-10-06
6812,Granite Health Co. 2,SMB,Healthcare,30,2025-11-26
6813,Pioneer Logistics Corp. 1,SMB,Manufacturing,19,2024-02-29
6814,Summit Logistics Ltd. 8,Mid-Market,Retail,9,2021-11-25
6815,Apex Financial Co. 2,SMB,Finance,6,2024-07-30
6816,Crestline Ventures LLC 1,Enterprise,Professional Services,26,2020-11-27
6817,Bluepeak Solutions Inc. 3,Mid-Market,Finance,28,2025-09-04
6818,Falcon Materials Ltd. 5,Mid-Market,Finance,2,2021-07-26
6819,Redwood Financial Ltd.,Mid-Market,Finance,7,2023-10-30
6820,Beacon Holdings Inc.,SMB,Retail,21,2019-02-18
6821,Brightpath Enterprises Co. 2,SMB,Technology,5,2023-06-01
6822,Harbor Solutions Ltd.,Mid-Market,Healthcare,2,2021-01-26
6823,Northwind Analytics Corp. 1,SMB,Education,30,2019-09-19
6824,Palisade Solutions Inc. 1,Mid-Market,Healthcare,3,2022-01-13
6825,Crestline Networks Co. 1,Enterprise,Technology,7,2019-09-28
6826,Prime Ventures Corp. 2,Mid-Market,Healthcare,30,2020-04-18
6827,Insight Foods Corp. 2,Mid-Market,Finance,4,2025-04-06
6828,Global Partners Inc. 4,Mid-Market,Technology,24,2019-06-12
6829,Crestline Health Ltd. 4,Mid-Market,Education,17,2023-05-17
6830,Cascade Systems Co. 2,Enterprise,Technology,17,2019-06-04
6831,Nova Technologies Ltd. 1,Mid-Market,Finance,25,2024-01-10
6832,Catalyst Solutions LLC 4,SMB,Healthcare,1,2025-11-04
6833,Bluepeak Analytics Inc. 2,Enterprise,Finance,2,2022-01-02
6834,Orbit Dynamics Corp. 3,Mid-Market,Technology,6,2025-10-10
6835,Northwind Systems Corp. 3,SMB,Professional Services,15,2023-06-28
6836,Falcon Materials LLC 1,Mid-Market,Professional Services,29,2023-03-03
6837,Meridian Group Ltd. 7,SMB,Technology,3,2020-03-13
6838,Catalyst Ventures Co. 2,Enterprise,Healthcare,13,2025-08-31
6839,Union Manufacturing Inc. 2,SMB,Professional Services,13,2025-01-11
6840,Harbor Solutions LLC 1,SMB,Finance,6,2019-12-03
6841,Union Consulting Corp. 1,SMB,Technology,11,2019-03-15
6842,Insight Retail Inc.,SMB,Technology,7,2021-07-06
6843,Palisade Dynamics Ltd. 1,Mid-Market,Finance,5,2020-02-12
6844,Summit Foods Inc. 4,Mid-Market,Manufacturing,16,2021-05-09
6845,Nova Group Inc. 4,Mid-Market,Retail,28,2025-09-15
6846,Catalyst Group LLC 2,SMB,Healthcare,13,2025-01-12
6847,Summit Technologies Corp. 3,Enterprise,Finance,20,2022-01-29
6848,Vertex Holdings Ltd. 2,Mid-Market,Healthcare,21,2020-12-06
6849,Catalyst Holdings Inc. 3,SMB,Manufacturing,26,2023-01-16
6850,Bluepeak Consulting Ltd. 4,Enterprise,Finance,25,2025-07-24
6851,Horizon Solutions Inc. 2,Enterprise,Healthcare,28,2024-07-13
6852,Vertex Logistics Co. 2,SMB,Education,25,2025-01-26
6853,Northwind Group Corp. 5,Mid-Market,Manufacturing,28,2024-04-29
6854,Everest Solutions Ltd. 2,SMB,Manufacturing,29,2022-07-11
6855,Orbit Foods Inc. 2,SMB,Technology,23,2019-12-28
6856,Harbor Logistics Ltd. 1,SMB,Technology,15,2024-09-23
6857,Anchor Group Corp. 4,Mid-Market,Education,10,2023-07-22
6858,Crestline Consulting Corp. 2,Mid-Market,Professional Services,18,2024-05-28
6859,Nova Health Inc. 3,SMB,Retail,25,2024-02-20
6860,Harbor Group Ltd. 3,SMB,Technology,23,2020-09-21
6861,Granite Holdings Co. 5,SMB,Manufacturing,16,2020-12-31
6862,Pioneer Ventures Co.,Mid-Market,Healthcare,3,2024-12-28
6863,Northwind Enterprises Co. 1,Enterprise,Technology,9,2021-11-06
6864,Beacon Ventures Ltd. 2,Mid-Market,Technology,18,2020-03-30
6865,Insight Technologies LLC 3,Mid-Market,Manufacturing,12,2023-07-01
6866,Granite Health LLC 1,Enterprise,Finance,14,2021-02-01
6867,Crestline Systems Inc.,SMB,Manufacturing,10,2023-07-01
6868,Falcon Group LLC 3,Enterprise,Retail,3,2023-02-17
6869,Anchor Consulting LLC 4,SMB,Healthcare,14,2023-08-22
6870,Orbit Logistics Ltd. 2,SMB,Finance,14,2025-12-14
6871,Cascade Partners Inc. 2,Mid-Market,Retail,24,2020-12-09
6872,Delta Financial Co. 4,SMB,Healthcare,4,2025-10-29
6873,Everest Partners Ltd. 2,SMB,Technology,15,2024-05-05
6874,Granite Ventures Ltd. 4,Mid-Market,Education,26,2024-12-26
6875,Orbit Networks Corp.,Mid-Market,Healthcare,9,2024-08-13
6876,Crestline Networks LLC 4,SMB,Technology,10,2019-02-28
6877,Falcon Materials Corp.,SMB,Education,3,2022-07-11
6878,Northwind Dynamics Ltd. 3,SMB,Manufacturing,18,2019-09-28
6879,Beacon Dynamics Co.,SMB,Healthcare,26,2023-09-18
6880,Redwood Materials Ltd. 1,Mid-Market,Education,15,2019-06-02
6881,Brightpath Industries Co.,SMB,Healthcare,13,2019-03-26
6882,Horizon Networks Corp. 3,SMB,Retail,23,2025-05-06
6883,Prime Group Corp. 1,SMB,Retail,14,2025-06-01
6884,Sterling Enterprises Ltd. 6,SMB,Education,12,2023-05-14
6885,Prime Manufacturing Ltd. 4,SMB,Education,23,2022-03-21
6886,Palisade Networks LLC 3,SMB,Retail,9,2024-10-18
6887,Insight Financial Corp. 3,Mid-Market,Technology,26,2025-09-30
6888,Apex Health Corp. 1,SMB,Professional Services,9,2019-05-19
6889,Granite Solutions Ltd. 3,Mid-Market,Technology,16,2019-09-22
6890,Vertex Consulting LLC 4,SMB,Healthcare,8,2025-05-02
6891,Nova Partners Inc. 3,SMB,Manufacturing,19,2019-09-12
6892,Everest Analytics Co. 2,SMB,Finance,14,2023-12-31
6893,Horizon Enterprises LLC,Mid-Market,Retail,8,2022-11-15
6894,Sterling Financial Inc.,SMB,Technology,23,2022-08-26
6895,Pioneer Health LLC 5,Mid-Market,Manufacturing,29,2019-09-07
6896,Apex Industries Co. 1,Mid-Market,Finance,1,2024-02-06
6897,Horizon Solutions Inc. 3,Mid-Market,Retail,18,2023-03-19
6898,Redwood Systems Ltd. 3,SMB,Manufacturing,22,2025-07-02
6899,Crestline Materials Corp. 2,Mid-Market,Education,22,2022-05-14
6900,Horizon Holdings Ltd. 2,SMB,Healthcare,7,2025-05-21
6901,Everest Analytics Ltd. 3,Mid-Market,Professional Services,4,2020-04-15
6902,Vertex Partners LLC 5,SMB,Finance,16,2020-06-05
6903,Apex Partners LLC 4,SMB,Finance,20,2025-08-22
6904,Pioneer Consulting Ltd. 1,SMB,Manufacturing,9,2019-09-12
6905,Falcon Materials Co. 1,SMB,Healthcare,12,2020-08-27
6906,Silverline Manufacturing Co. 4,SMB,Education,16,2019-12-28
6907,Insight Manufacturing LLC 3,SMB,Healthcare,14,2023-12-20
6908,Delta Analytics LLC 1,SMB,Professional Services,15,2024-06-17
6909,Crestline Technologies Co. 1,Enterprise,Healthcare,21,2025-04-23
6910,Catalyst Manufacturing Ltd. 3,Mid-Market,Professional Services,30,2020-01-11
6911,Orbit Group Inc. 3,SMB,Finance,24,2021-04-02
6912,Ironclad Technologies Ltd. 1,Mid-Market,Retail,1,2021-03-21
6913,Redwood Partners LLC 2,SMB,Professional Services,11,2025-10-24
6914,Beacon Technologies Inc. 1,SMB,Technology,1,2023-01-29
6915,Horizon Partners Inc. 2,Mid-Market,Finance,27,2021-05-12
6916,Summit Systems LLC 2,SMB,Professional Services,20,2021-02-02
6917,Anchor Analytics LLC 4,SMB,Healthcare,7,2021-03-26
6918,Harbor Partners Ltd. 4,SMB,Technology,26,2023-12-26
6919,Brightpath Ventures Inc. 4,SMB,Manufacturing,17,2022-11-04
6920,Pioneer Analytics Inc. 2,SMB,Technology,2,2023-05-13
6921,Pioneer Foods Ltd. 4,SMB,Professional Services,5,2022-04-17
6922,Ironclad Industries Corp. 4,SMB,Professional Services,25,2019-03-09
6923,Falcon Logistics LLC 1,Enterprise,Healthcare,9,2023-10-23
6924,Union Networks Inc. 4,SMB,Healthcare,16,2024-01-25
6925,Northwind Dynamics Inc. 1,SMB,Education,27,2020-04-05
6926,Union Foods LLC,Mid-Market,Manufacturing,9,2023-07-18
6927,Nova Industries LLC 3,Mid-Market,Education,1,2025-02-21
6928,Silverline Partners Corp. 3,SMB,Professional Services,3,2023-03-21
6929,Insight Materials Ltd. 1,Mid-Market,Finance,28,2023-09-05
6930,Union Dynamics Inc.,SMB,Healthcare,18,2023-11-27
6931,Pioneer Industries Corp. 1,Mid-Market,Retail,10,2021-04-09
6932,Horizon Technologies Corp. 1,Mid-Market,Retail,3,2020-01-30
6933,Summit Partners Inc.,SMB,Manufacturing,21,2022-04-23
6934,Meridian Holdings Corp. 1,Mid-Market,Finance,2,2020-08-15
6935,Prime Ventures Inc. 3,Enterprise,Healthcare,3,2023-10-22
6936,Insight Technologies LLC 4,SMB,Manufacturing,18,2024-01-02
6937,Northwind Materials Ltd.,SMB,Finance,20,2019-01-21
6938,Summit Partners LLC 4,Mid-Market,Manufacturing,18,2025-09-04
6939,Orbit Industries Ltd. 1,SMB,Technology,28,2025-06-22
6940,Beacon Systems Inc. 2,SMB,Professional Services,9,2019-12-04
6941,Palisade Consulting Corp. 4,SMB,Retail,17,2022-05-06
6942,Insight Analytics Co.,Mid-Market,Professional Services,10,2025-09-29
6943,Bluepeak Solutions Corp. 2,Mid-Market,Education,11,2022-12-17
6944,Redwood Partners Co. 3,SMB,Retail,5,2023-11-25
6945,Ironclad Materials LLC,SMB,Finance,24,2025-11-04
6946,Global Retail Inc. 3,Enterprise,Retail,22,2023-09-17
6947,Global Analytics Corp. 1,SMB,Manufacturing,22,2025-02-03
6948,Catalyst Consulting LLC,Mid-Market,Professional Services,5,2020-09-06
6949,Cascade Analytics Ltd. 2,SMB,Healthcare,4,2020-08-09
6950,Palisade Group LLC 1,SMB,Technology,24,2022-02-01
6951,Harbor Industries Ltd. 3,SMB,Technology,20,2025-03-03
6952,Prime Manufacturing Inc. 4,SMB,Healthcare,1,2019-04-10
6953,Catalyst Manufacturing LLC 1,Mid-Market,Retail,20,2022-02-02
6954,Horizon Foods LLC,SMB,Healthcare,30,2024-10-09
6955,Beacon Holdings Ltd.,Mid-Market,Technology,23,2020-03-29
6956,Nova Retail LLC 3,SMB,Finance,9,2023-04-23
6957,Northwind Enterprises Corp. 1,SMB,Education,10,2019-06-28
6958,Silverline Networks LLC 3,Enterprise,Finance,23,2019-01-27
6959,Silverline Financial Ltd.,Enterprise,Healthcare,13,2021-03-26
6960,Global Logistics LLC 4,Enterprise,Healthcare,23,2024-08-21
6961,Everest Industries Ltd. 4,Enterprise,Education,29,2019-04-16
6962,Global Group Inc.,Mid-Market,Manufacturing,13,2021-07-21
6963,Falcon Manufacturing Ltd. 1,SMB,Finance,18,2024-02-06
6964,Horizon Holdings Ltd. 3,SMB,Education,15,2021-08-01
6965,Anchor Technologies Inc. 1,SMB,Finance,16,2022-05-08
6966,Anchor Group Inc. 3,SMB,Finance,3,2022-07-02
6967,Orbit Logistics LLC 4,SMB,Education,30,2025-05-09
6968,Ironclad Industries Co. 1,Mid-Market,Finance,17,2025-02-16
6969,Apex Logistics LLC 2,SMB,Manufacturing,7,2019-06-12
6970,Granite Analytics Corp.,SMB,Retail,18,2023-11-05
6971,Pioneer Enterprises Corp. 1,SMB,Healthcare,12,2022-10-19
6972,Sterling Ventures LLC,SMB,Technology,25,2021-06-25
6973,Global Consulting Corp. 6,SMB,Education,23,2022-06-12
6974,Beacon Enterprises Inc. 2,SMB,Finance,12,2025-02-26
6975,Bluepeak Financial Ltd. 4,SMB,Finance,22,2024-05-29
6976,Silverline Consulting Inc. 4,Mid-Market,Retail,1,2022-12-22
6977,Global Foods Corp. 4,SMB,Technology,30,2020-03-24
6978,Horizon Consulting LLC 2,Enterprise,Technology,16,2023-05-01
6979,Orbit Financial Corp. 3,Enterprise,Finance,20,2022-06-26
6980,Anchor Networks Corp. 3,SMB,Professional Services,20,2022-02-16
6981,Brightpath Technologies Ltd. 2,Enterprise,Retail,10,2025-08-09
6982,Prime Technologies Ltd. 4,SMB,Retail,21,2025-12-12
6983,Brightpath Financial LLC 2,Enterprise,Retail,12,2025-08-28
6984,Horizon Materials Corp. 5,SMB,Professional Services,21,2024-03-03
6985,Ironclad Partners LLC 2,Mid-Market,Education,3,2023-03-11
6986,Ironclad Networks LLC 4,SMB,Technology,5,2021-03-27
6987,Horizon Systems LLC 1,Mid-Market,Manufacturing,28,2025-08-17
6988,Horizon Financial Corp. 4,Enterprise,Manufacturing,23,2022-03-10
6989,Redwood Networks Ltd. 3,Enterprise,Healthcare,4,2020-05-30
6990,Brightpath Dynamics Ltd. 1,SMB,Professional Services,7,2019-10-11
6991,Insight Holdings Inc. 2,SMB,Healthcare,17,2024-11-06
6992,Silverline Industries Inc. 2,SMB,Education,1,2021-04-18
6993,Orbit Materials LLC 1,Mid-Market,Technology,13,2024-05-12
6994,Silverline Holdings Corp. 1,Mid-Market,Retail,10,2023-05-23
6995,Falcon Industries LLC 6,Enterprise,Education,5,2020-12-25
6996,Northwind Financial Co. 2,SMB,Manufacturing,9,2024-12-14
6997,Cascade Logistics Corp. 4,SMB,Technology,9,2024-11-29
6998,Cascade Industries Co.,Mid-Market,Technology,3,2020-03-15
6999,Union Group Co.,SMB,Retail,20,2019-11-08
7000,Palisade Manufacturing Inc. 1,SMB,Professional Services,9,2023-03-15
7001,Silverline Holdings Co. 1,Enterprise,Retail,1,2020-08-19
7002,Prime Financial Inc. 2,Mid-Market,Technology,1,2021-04-29
7003,Palisade Retail Inc. 2,Mid-Market,Education,29,2025-07-22
7004,Crestline Retail Corp. 1,Enterprise,Manufacturing,4,2020-03-24
7005,Falcon Logistics Corp.,Mid-Market,Technology,28,2022-04-17
7006,Union Financial Ltd. 1,SMB,Finance,5,2021-01-23
7007,Orbit Partners Inc. 2,Enterprise,Healthcare,3,2021-06-08
7008,Horizon Manufacturing Inc. 2,SMB,Professional Services,17,2021-08-03
7009,Beacon Analytics Ltd. 1,SMB,Professional Services,27,2020-10-26
7010,Union Logistics Corp. 3,SMB,Technology,3,2024-05-05
7011,Falcon Retail LLC 2,SMB,Retail,10,2024-09-06
7012,Anchor Solutions Inc. 3,Mid-Market,Technology,23,2022-10-11
7013,Catalyst Networks LLC 4,Enterprise,Manufacturing,3,2025-04-17
7014,Apex Foods LLC 3,Mid-Market,Healthcare,6,2019-12-16
7015,Global Technologies Corp. 3,SMB,Education,10,2022-07-18
7016,Sterling Dynamics Co. 3,SMB,Technology,25,2024-10-18
7017,Global Financial Corp. 4,Mid-Market,Professional Services,25,2023-05-07
7018,Falcon Consulting Corp. 4,Mid-Market,Healthcare,22,2025-11-22
7019,Falcon Dynamics Co. 2,SMB,Healthcare,20,2023-03-03
7020,Brightpath Dynamics Inc. 1,Mid-Market,Professional Services,1,2025-09-19
7021,Anchor Holdings Inc. 1,SMB,Professional Services,8,2019-09-10
7022,Meridian Analytics Co. 3,Mid-Market,Technology,28,2019-04-19
7023,Harbor Solutions Co.,Mid-Market,Technology,22,2021-06-30
7024,Summit Holdings Corp. 5,Mid-Market,Education,8,2024-11-20
7025,Crestline Solutions LLC 4,Enterprise,Professional Services,22,2019-05-10
7026,Palisade Materials Inc. 3,Mid-Market,Manufacturing,22,2020-10-06
7027,Catalyst Health Inc. 4,SMB,Healthcare,23,2025-11-22
7028,Prime Industries Co.,Enterprise,Healthcare,30,2023-06-27
7029,Delta Health Ltd. 4,SMB,Healthcare,17,2021-10-01
7030,Orbit Health Co.,Mid-Market,Retail,2,2019-07-19
7031,Everest Logistics Corp. 3,Mid-Market,Technology,25,2024-04-14
7032,Crestline Systems Ltd.,Enterprise,Retail,1,2025-06-23
7033,Palisade Ventures Co. 1,Mid-Market,Education,20,2024-03-10
7034,Horizon Logistics LLC 1,Enterprise,Healthcare,24,2019-10-25
7035,Nova Foods Corp. 1,Mid-Market,Professional Services,4,2022-09-21
7036,Anchor Group LLC 3,SMB,Professional Services,24,2021-10-26
7037,Palisade Manufacturing Corp. 2,SMB,Finance,25,2025-04-29
7038,Crestline Retail LLC,SMB,Technology,20,2024-05-02
7039,Union Ventures LLC 4,Mid-Market,Finance,10,2024-08-11
7040,Harbor Consulting LLC 1,SMB,Healthcare,7,2021-11-23
7041,Bluepeak Financial Co. 2,SMB,Healthcare,22,2019-03-05
7042,Redwood Enterprises LLC 5,Mid-Market,Professional Services,5,2024-04-25
7043,Horizon Technologies Ltd. 3,Mid-Market,Healthcare,21,2023-06-07
7044,Redwood Financial Corp. 6,SMB,Finance,6,2019-12-28
7045,Falcon Solutions Ltd. 3,SMB,Education,11,2024-04-18
7046,Sterling Manufacturing Inc. 3,Mid-Market,Technology,16,2020-01-17
7047,Nova Materials Ltd. 3,Mid-Market,Technology,5,2024-03-05
7048,Beacon Materials Ltd. 2,SMB,Finance,24,2023-12-29
7049,Meridian Analytics Inc. 2,Enterprise,Professional Services,21,2019-01-20
7050,Global Networks LLC 3,SMB,Education,1,2024-06-03
7051,Union Technologies Co. 2,SMB,Professional Services,26,2021-11-07
7052,Crestline Systems LLC 1,SMB,Professional Services,22,2022-07-18
7053,Insight Partners Corp. 4,SMB,Technology,26,2025-10-01
7054,Insight Financial Co. 2,Mid-Market,Finance,19,2025-06-09
7055,Palisade Ventures Co. 2,SMB,Manufacturing,19,2021-09-05
7056,Union Networks LLC 3,SMB,Healthcare,12,2023-12-19
7057,Northwind Enterprises Ltd. 4,SMB,Professional Services,7,2022-08-04
7058,Apex Partners Co. 3,Mid-Market,Retail,8,2024-10-02
7059,Summit Retail Corp. 2,Mid-Market,Education,10,2021-03-28
7060,Orbit Enterprises Co. 1,Mid-Market,Healthcare,9,2022-04-18
7061,Northwind Foods Ltd. 1,Mid-Market,Education,23,2019-10-15
7062,Harbor Industries Ltd. 4,SMB,Technology,16,2025-06-26
7063,Crestline Enterprises Ltd. 4,SMB,Technology,13,2025-04-21
7064,Horizon Consulting Inc.,SMB,Retail,22,2020-12-06
7065,Delta Ventures Inc. 3,SMB,Technology,22,2023-01-30
7066,Everest Systems Co. 1,Mid-Market,Healthcare,29,2021-08-25
7067,Cascade Consulting Ltd. 3,Mid-Market,Education,10,2019-04-26
7068,Apex Foods Co. 3,Mid-Market,Manufacturing,8,2024-10-04
7069,Apex Industries Corp. 1,Mid-Market,Finance,1,2021-01-09
7070,Redwood Partners LLC 3,Enterprise,Finance,5,2022-08-10
7071,Falcon Networks Co. 1,Mid-Market,Retail,19,2025-04-26
7072,Cascade Group Co. 5,Mid-Market,Professional Services,25,2019-02-20
7073,Global Networks Co.,SMB,Education,19,2022-10-31
7074,Cascade Retail Co. 1,Enterprise,Finance,30,2025-09-08
7075,Global Retail Inc. 4,Mid-Market,Finance,19,2024-08-30
7076,Meridian Consulting Co. 5,Enterprise,Technology,27,2020-07-14
7077,Silverline Retail Inc. 5,SMB,Healthcare,9,2020-05-28
7078,Anchor Foods Ltd. 4,SMB,Healthcare,10,2024-05-02
7079,Apex Industries Inc. 2,Mid-Market,Finance,25,2019-07-23
7080,Silverline Dynamics Inc. 2,Enterprise,Professional Services,20,2023-03-12
7081,Vertex Foods Ltd. 1,SMB,Professional Services,15,2020-08-21
7082,Orbit Networks LLC 2,SMB,Technology,29,2024-11-15
7083,Insight Consulting Co. 4,SMB,Finance,23,2021-08-27
7084,Beacon Networks LLC 3,SMB,Technology,9,2021-11-26
7085,Everest Systems Ltd. 1,SMB,Technology,19,2024-07-23
7086,Summit Manufacturing Ltd. 2,SMB,Finance,12,2019-08-14
7087,Beacon Dynamics Co. 1,Mid-Market,Professional Services,13,2023-03-17
7088,Everest Materials Co. 1,SMB,Healthcare,25,2025-09-26
7089,Palisade Retail Corp. 4,Mid-Market,Retail,21,2023-07-21
7090,Catalyst Solutions LLC 5,SMB,Finance,1,2019-07-29
7091,Summit Dynamics Corp. 3,Mid-Market,Manufacturing,18,2025-05-11
7092,Beacon Dynamics Ltd. 2,Enterprise,Professional Services,20,2019-11-26
7093,Everest Ventures Co. 1,SMB,Education,16,2021-07-31
7094,Horizon Dynamics Inc. 4,SMB,Education,9,2020-04-09
7095,Silverline Manufacturing Inc. 2,Mid-Market,Finance,20,2024-01-20
7096,Meridian Health Corp. 4,SMB,Technology,29,2020-11-08
7097,Apex Manufacturing Corp. 2,Mid-Market,Professional Services,3,2020-10-29
7098,Pioneer Industries Co. 1,Mid-Market,Professional Services,19,2021-11-23
7099,Northwind Enterprises LLC 2,SMB,Professional Services,28,2021-01-01
7100,Pioneer Retail Inc. 3,Mid-Market,Manufacturing,13,2022-09-08
7101,Redwood Enterprises Inc. 3,Mid-Market,Healthcare,11,2022-11-21
7102,Summit Financial Co. 2,SMB,Healthcare,8,2020-02-18
7103,Global Health Ltd. 1,Enterprise,Finance,7,2025-05-23
7104,Union Group Co. 1,Mid-Market,Finance,12,2021-06-10
7105,Prime Networks LLC,Mid-Market,Healthcare,24,2021-08-22
7106,Cascade Technologies Inc. 3,SMB,Professional Services,6,2020-09-11
7107,Bluepeak Technologies Corp. 3,Enterprise,Retail,7,2025-09-20
7108,Silverline Dynamics Inc. 3,Mid-Market,Healthcare,30,2023-04-01
7109,Orbit Networks Inc. 3,SMB,Retail,30,2019-06-05
7110,Pioneer Dynamics Co. 5,Mid-Market,Retail,7,2020-05-07
7111,Global Analytics LLC 3,Mid-Market,Manufacturing,13,2022-05-13
7112,Orbit Technologies Inc. 6,SMB,Professional Services,13,2020-04-25
7113,Ironclad Enterprises LLC 3,SMB,Professional Services,9,2023-03-27
7114,Catalyst Retail LLC 3,Enterprise,Manufacturing,5,2021-02-25
7115,Vertex Analytics Co. 1,SMB,Manufacturing,2,2021-06-12
7116,Apex Holdings Ltd. 1,SMB,Healthcare,19,2024-07-03
7117,Brightpath Holdings Corp. 3,Mid-Market,Education,2,2022-09-02
7118,Granite Health Corp. 3,SMB,Professional Services,19,2019-10-16
7119,Prime Manufacturing Ltd. 5,SMB,Retail,3,2021-08-08
7120,Apex Retail Inc. 3,SMB,Healthcare,5,2025-04-10
7121,Meridian Retail Corp.,SMB,Manufacturing,1,2024-12-02
7122,Ironclad Networks LLC 5,SMB,Education,12,2024-04-26
7123,Union Logistics Inc. 7,SMB,Technology,10,2024-11-26
7124,Pioneer Dynamics Corp. 4,SMB,Retail,10,2019-08-22
7125,Sterling Consulting Ltd.,SMB,Retail,10,2019-11-09
7126,Bluepeak Consulting Ltd. 5,SMB,Manufacturing,29,2019-02-17
7127,Global Ventures Inc.,SMB,Retail,13,2019-11-16
7128,Granite Retail LLC 1,SMB,Professional Services,25,2024-10-05
7129,Ironclad Analytics LLC 3,Mid-Market,Technology,7,2019-04-07
7130,Northwind Solutions Inc. 3,Mid-Market,Manufacturing,15,2022-04-03
7131,Delta Dynamics Corp. 5,SMB,Education,2,2020-09-23
7132,Catalyst Manufacturing Corp. 2,Mid-Market,Education,8,2024-10-28
7133,Horizon Consulting Ltd.,SMB,Manufacturing,3,2024-08-14
7134,Harbor Retail Ltd. 1,SMB,Professional Services,1,2024-05-11
7135,Redwood Networks Co. 1,SMB,Finance,6,2021-08-24
7136,Prime Foods Corp. 3,Mid-Market,Manufacturing,5,2025-06-23
7137,Orbit Dynamics LLC 2,SMB,Education,10,2025-04-08
7138,Vertex Solutions Corp. 1,Mid-Market,Manufacturing,23,2023-04-15
7139,Everest Enterprises Ltd. 1,SMB,Finance,5,2021-05-11
7140,Crestline Solutions LLC 5,Enterprise,Manufacturing,19,2024-02-24
7141,Orbit Networks Corp. 1,SMB,Retail,11,2025-07-26
7142,Apex Holdings Co. 3,SMB,Professional Services,13,2021-03-19
7143,Harbor Systems Ltd. 1,SMB,Retail,28,2020-12-31
7144,Northwind Ventures Ltd.,SMB,Healthcare,14,2020-11-04
7145,Sterling Analytics Co. 3,Mid-Market,Technology,8,2025-11-17
7146,Bluepeak Solutions Inc. 4,Enterprise,Professional Services,8,2022-10-13
7147,Ironclad Manufacturing Corp. 2,Enterprise,Finance,6,2025-10-09
7148,Ironclad Logistics LLC 2,SMB,Healthcare,25,2023-04-28
7149,Crestline Solutions LLC 6,SMB,Healthcare,20,2021-01-20
7150,Meridian Consulting Ltd. 1,Mid-Market,Technology,9,2023-02-07
7151,Brightpath Group Ltd. 2,Mid-Market,Healthcare,15,2020-02-02
7152,Horizon Foods Corp. 1,Mid-Market,Education,16,2022-02-19
7153,Pioneer Consulting Corp. 2,SMB,Retail,2,2022-02-05
7154,Vertex Solutions Corp. 2,Mid-Market,Retail,28,2023-01-13
7155,Meridian Logistics Co. 2,Enterprise,Technology,24,2021-09-16
7156,Horizon Solutions Inc. 4,Mid-Market,Retail,17,2022-03-09
7157,Crestline Analytics Corp. 5,Mid-Market,Professional Services,22,2025-02-17
7158,Palisade Group Inc. 1,Mid-Market,Professional Services,4,2020-04-06
7159,Palisade Enterprises Co. 3,Mid-Market,Finance,30,2025-06-16
7160,Harbor Ventures LLC 4,SMB,Retail,20,2022-10-08
7161,Beacon Foods Inc. 2,SMB,Finance,29,2023-05-27
7162,Meridian Logistics Co. 3,Mid-Market,Professional Services,26,2019-09-24
7163,Granite Industries Ltd. 1,SMB,Professional Services,18,2020-01-07
7164,Granite Group Co. 2,Mid-Market,Healthcare,9,2024-02-16
7165,Horizon Consulting LLC 3,SMB,Manufacturing,21,2025-04-21
7166,Vertex Systems LLC,SMB,Healthcare,16,2022-08-19
7167,Falcon Dynamics Ltd.,Enterprise,Retail,13,2020-03-04
7168,Falcon Partners Co. 2,SMB,Finance,22,2024-07-29
7169,Everest Partners Co. 3,SMB,Retail,27,2025-06-03
7170,Orbit Financial LLC,SMB,Professional Services,6,2023-09-09
7171,Everest Health Ltd. 8,Mid-Market,Professional Services,17,2020-04-12
7172,Catalyst Retail Co. 2,Mid-Market,Healthcare,24,2021-11-20
7173,Beacon Retail Ltd. 4,Enterprise,Technology,10,2025-07-30
7174,Union Retail Ltd. 7,SMB,Education,11,2020-05-04
7175,Crestline Technologies Inc. 5,SMB,Technology,1,2020-03-12
7176,Beacon Dynamics Ltd. 3,Mid-Market,Finance,10,2023-11-29
7177,Falcon Industries Inc. 1,SMB,Professional Services,18,2022-10-20
7178,Falcon Materials Corp. 1,Enterprise,Manufacturing,30,2020-06-07
7179,Brightpath Retail Corp. 4,Mid-Market,Technology,16,2023-04-25
7180,Summit Systems Inc. 2,SMB,Professional Services,9,2025-07-22
7181,Beacon Technologies Corp. 2,SMB,Retail,25,2024-12-25
7182,Prime Technologies LLC,SMB,Finance,6,2019-01-17
7183,Horizon Health Inc. 1,SMB,Retail,6,2025-02-19
7184,Apex Materials Ltd. 2,SMB,Retail,16,2023-05-22
7185,Nova Group Ltd. 1,SMB,Manufacturing,25,2020-11-13
7186,Silverline Systems Co. 3,Enterprise,Professional Services,7,2019-08-27
7187,Crestline Networks Ltd. 1,SMB,Education,1,2025-10-18
7188,Cascade Manufacturing Inc. 1,SMB,Healthcare,22,2019-03-16
7189,Redwood Systems Inc. 3,Mid-Market,Professional Services,18,2020-04-16
7190,Redwood Enterprises Co. 4,Mid-Market,Professional Services,21,2023-09-12
7191,Meridian Logistics Inc. 1,Mid-Market,Technology,12,2024-04-21
7192,Orbit Financial LLC 1,Mid-Market,Finance,4,2020-11-12
7193,Falcon Technologies LLC,SMB,Retail,10,2024-02-27
7194,Crestline Technologies Inc. 6,Enterprise,Professional Services,15,2024-05-09
7195,Global Networks Ltd. 2,SMB,Education,13,2024-08-13
7196,Delta Partners Ltd. 2,Enterprise,Retail,27,2024-04-11
7197,Apex Health Co. 1,Enterprise,Finance,7,2019-03-25
7198,Catalyst Materials Corp. 3,Mid-Market,Technology,10,2025-03-30
7199,Northwind Group Corp. 6,Mid-Market,Professional Services,6,2022-12-09
7200,Everest Partners LLC 3,SMB,Manufacturing,18,2022-01-06
7201,Vertex Consulting Inc. 1,Mid-Market,Manufacturing,25,2019-03-04
7202,Nova Retail Co. 1,Mid-Market,Professional Services,27,2023-02-19
7203,Meridian Holdings Co. 4,Mid-Market,Healthcare,7,2020-02-21
7204,Meridian Group Co. 3,Mid-Market,Healthcare,13,2022-10-31
7205,Anchor Consulting Inc. 3,SMB,Education,23,2020-04-28
7206,Sterling Retail Corp. 1,SMB,Healthcare,2,2023-10-25
7207,Insight Group Ltd. 4,Mid-Market,Professional Services,22,2019-08-16
7208,Palisade Enterprises Co. 4,SMB,Professional Services,5,2023-03-15
7209,Horizon Ventures Corp. 1,Mid-Market,Technology,2,2023-07-04
7210,Apex Networks Inc. 2,SMB,Manufacturing,4,2021-10-07
7211,Prime Materials Co. 1,SMB,Education,27,2025-06-02
7212,Insight Logistics Inc. 4,Mid-Market,Manufacturing,21,2022-09-07
7213,Catalyst Retail Ltd. 1,SMB,Healthcare,24,2024-04-02
7214,Beacon Consulting LLC 3,SMB,Technology,21,2022-02-10
7215,Crestline Health Inc. 1,Mid-Market,Technology,24,2024-07-16
7216,Silverline Retail Corp. 2,SMB,Healthcare,15,2021-11-21
7217,Anchor Holdings LLC 1,SMB,Healthcare,25,2025-10-08
7218,Harbor Retail Corp. 1,Mid-Market,Finance,2,2020-01-27
7219,Brightpath Solutions Inc. 2,SMB,Education,18,2024-12-02
7220,Global Group Ltd. 2,SMB,Manufacturing,23,2022-09-06
7221,Everest Systems LLC 2,SMB,Technology,30,2019-12-20
7222,Harbor Solutions Inc. 3,SMB,Technology,11,2023-05-18
7223,Summit Analytics LLC 2,SMB,Technology,6,2019-12-02
7224,Cascade Solutions Inc. 1,SMB,Finance,22,2025-03-18
7225,Insight Technologies Corp. 2,SMB,Education,3,2024-09-16
7226,Harbor Networks Corp. 3,Enterprise,Technology,24,2023-07-31
7227,Harbor Foods Ltd. 1,Mid-Market,Finance,22,2020-08-18
7228,Insight Foods Co. 4,SMB,Manufacturing,21,2025-09-26
7229,Global Financial Inc. 3,SMB,Healthcare,9,2024-12-20
7230,Nova Industries Inc. 1,Enterprise,Technology,4,2024-01-03
7231,Silverline Solutions Corp. 2,SMB,Healthcare,19,2021-07-22
7232,Union Dynamics Inc. 1,SMB,Healthcare,11,2022-05-22
7233,Meridian Group Co. 4,SMB,Education,12,2021-05-14
7234,Crestline Industries Co. 4,Enterprise,Professional Services,6,2024-12-11
7235,Prime Logistics Corp. 2,SMB,Retail,11,2021-02-28
7236,Union Enterprises Co. 5,Enterprise,Education,25,2020-09-01
7237,Insight Networks Corp. 5,Mid-Market,Education,27,2020-07-01
7238,Delta Systems Corp. 2,SMB,Professional Services,11,2021-10-22
7239,Vertex Networks Ltd. 3,SMB,Technology,5,2023-05-12
7240,Nova Enterprises Corp. 3,Mid-Market,Professional Services,2,2024-10-26
7241,Prime Holdings Ltd. 3,SMB,Manufacturing,6,2025-06-21
7242,Anchor Materials LLC 1,SMB,Manufacturing,1,2019-07-24
7243,Global Retail Corp. 3,Enterprise,Education,21,2019-05-01
7244,Anchor Health Co. 4,Mid-Market,Manufacturing,20,2021-07-16
7245,Brightpath Ventures Co. 1,SMB,Healthcare,24,2024-09-01
7246,Sterling Ventures Inc.,SMB,Technology,10,2025-05-08
7247,Everest Technologies Inc. 5,Mid-Market,Healthcare,25,2020-03-06
7248,Brightpath Dynamics Corp. 3,SMB,Technology,6,2020-12-31
7249,Union Systems Inc. 4,SMB,Finance,7,2025-04-24
7250,Silverline Manufacturing Ltd. 1,SMB,Education,28,2023-01-11
7251,Sterling Materials Corp.,SMB,Finance,27,2021-11-08
7252,Cascade Ventures Co. 1,Enterprise,Retail,18,2020-09-14
7253,Summit Systems Inc. 3,Mid-Market,Healthcare,19,2019-10-16
7254,Global Manufacturing Inc. 1,Enterprise,Retail,22,2019-10-05
7255,Anchor Retail LLC 3,SMB,Professional Services,25,2023-09-19
7256,Sterling Solutions Inc. 7,SMB,Finance,7,2024-01-16
7257,Meridian Logistics Inc. 2,SMB,Manufacturing,3,2021-07-23
7258,Beacon Group Ltd. 2,Enterprise,Professional Services,6,2023-03-29
7259,Silverline Health Ltd. 4,SMB,Retail,11,2020-02-03
7260,Prime Manufacturing Ltd. 6,Mid-Market,Finance,8,2019-02-23
7261,Brightpath Materials Corp. 5,Mid-Market,Technology,16,2019-09-13
7262,Cascade Logistics LLC 2,Mid-Market,Professional Services,5,2019-09-28
7263,Insight Retail Co. 2,SMB,Retail,18,2025-11-22
7264,Anchor Group Co. 5,Enterprise,Technology,22,2020-08-26
7265,Beacon Analytics LLC 2,SMB,Manufacturing,3,2019-12-09
7266,Palisade Networks Co. 2,SMB,Professional Services,9,2024-07-26
7267,Palisade Manufacturing Ltd. 4,SMB,Professional Services,17,2021-07-26
7268,Catalyst Ventures LLC 1,Enterprise,Healthcare,2,2020-06-11
7269,Meridian Technologies LLC 4,SMB,Finance,20,2020-07-17
7270,Delta Retail Corp. 3,SMB,Professional Services,23,2019-12-22
7271,Summit Analytics Inc. 1,Mid-Market,Education,11,2019-07-24
7272,Sterling Networks LLC 1,SMB,Manufacturing,1,2023-10-05
7273,Ironclad Manufacturing Ltd. 2,SMB,Finance,16,2022-01-29
7274,Global Ventures Corp. 1,Mid-Market,Education,27,2020-01-15
7275,Sterling Enterprises Inc. 2,SMB,Retail,9,2024-07-18
7276,Global Consulting Inc. 2,Mid-Market,Manufacturing,26,2019-02-18
7277,Anchor Manufacturing Ltd. 3,Enterprise,Professional Services,27,2022-01-05
7278,Redwood Materials Co.,SMB,Finance,9,2019-11-22
7279,Union Holdings Ltd. 1,Enterprise,Retail,18,2019-03-12
7280,Union Systems Inc. 5,Mid-Market,Technology,2,2022-11-08
7281,Northwind Networks Ltd. 3,Mid-Market,Retail,17,2020-02-02
7282,Union Foods LLC 1,Mid-Market,Manufacturing,27,2019-06-25
7283,Horizon Solutions Corp. 5,Mid-Market,Professional Services,29,2022-05-08
7284,Beacon Retail Corp. 7,SMB,Finance,6,2024-11-26
7285,Apex Networks Co. 3,Mid-Market,Professional Services,20,2022-05-26
7286,Nova Holdings Co. 2,Mid-Market,Retail,2,2019-07-23
7287,Anchor Enterprises Inc. 4,SMB,Healthcare,9,2021-02-16
7288,Summit Foods Inc. 5,SMB,Healthcare,26,2022-02-14
7289,Insight Retail Co. 3,Mid-Market,Healthcare,20,2020-12-19
7290,Global Consulting LLC 2,Mid-Market,Finance,12,2021-05-12
7291,Redwood Logistics Inc. 3,Enterprise,Manufacturing,29,2022-07-02
7292,Insight Foods Inc.,Enterprise,Professional Services,23,2025-08-05
7293,Palisade Health Corp. 4,Mid-Market,Professional Services,1,2024-08-19
7294,Union Materials Co. 3,SMB,Retail,3,2020-06-06
7295,Palisade Financial Co. 4,SMB,Manufacturing,19,2024-06-30
7296,Anchor Foods Ltd. 5,Mid-Market,Retail,27,2021-10-05
7297,Nova Systems LLC 2,SMB,Finance,5,2024-09-15
7298,Northwind Systems Ltd. 2,Mid-Market,Healthcare,17,2023-04-27
7299,Vertex Manufacturing Co.,Mid-Market,Manufacturing,25,2023-10-02
7300,Horizon Financial Corp. 5,Mid-Market,Education,26,2021-07-14
7301,Horizon Group Corp. 3,Mid-Market,Technology,20,2023-12-28
7302,Sterling Financial Corp. 1,SMB,Technology,30,2022-12-16
7303,Granite Retail Co. 2,Mid-Market,Healthcare,29,2023-05-01
7304,Ironclad Solutions Ltd. 6,SMB,Healthcare,26,2022-10-30
7305,Global Enterprises Inc.,Mid-Market,Healthcare,21,2019-05-23
7306,Palisade Holdings Co. 3,SMB,Technology,30,2022-04-27
7307,Ironclad Industries Corp. 5,SMB,Technology,1,2019-05-12
7308,Catalyst Ventures Corp. 4,Mid-Market,Finance,3,2020-03-06
7309,Cascade Holdings Inc. 1,Enterprise,Education,16,2022-04-30
7310,Meridian Manufacturing Ltd. 1,SMB,Healthcare,21,2021-11-04
7311,Sterling Ventures Inc. 1,SMB,Finance,28,2019-05-03
7312,Anchor Networks Inc. 1,Mid-Market,Professional Services,21,2019-12-17
7313,Horizon Industries Ltd.,SMB,Healthcare,7,2022-04-04
7314,Brightpath Industries LLC 1,Enterprise,Professional Services,28,2025-10-09
7315,Harbor Dynamics Ltd. 1,Mid-Market,Manufacturing,3,2022-05-28
7316,Summit Systems LLC 3,SMB,Education,3,2024-05-28
7317,Northwind Retail Ltd. 1,Mid-Market,Finance,22,2022-02-06
7318,Ironclad Technologies Ltd. 2,Mid-Market,Finance,29,2020-05-05
7319,Granite Systems Ltd. 2,Mid-Market,Finance,16,2019-02-24
7320,Insight Solutions Ltd.,Enterprise,Technology,5,2021-08-17
7321,Brightpath Ventures Ltd. 1,Enterprise,Finance,2,2025-06-08
7322,Ironclad Manufacturing LLC 1,Mid-Market,Professional Services,30,2021-04-10
7323,Meridian Ventures Corp. 2,SMB,Technology,9,2021-07-30
7324,Orbit Partners Inc. 3,SMB,Retail,20,2023-11-06
7325,Beacon Partners LLC 2,Mid-Market,Retail,10,2024-02-27
7326,Ironclad Ventures Corp. 4,Mid-Market,Technology,7,2023-04-05
7327,Ironclad Solutions Ltd. 7,SMB,Technology,21,2021-05-14
7328,Everest Dynamics Co. 1,Enterprise,Manufacturing,23,2025-08-13
7329,Nova Solutions Ltd. 3,Mid-Market,Healthcare,15,2021-06-20
7330,Harbor Networks Inc. 2,SMB,Professional Services,16,2021-01-16
7331,Anchor Financial LLC,Mid-Market,Healthcare,15,2024-11-25
7332,Brightpath Retail Corp. 5,SMB,Technology,18,2025-07-18
7333,Brightpath Ventures Corp. 2,SMB,Finance,25,2025-09-10
7334,Brightpath Ventures Co. 2,SMB,Finance,22,2022-09-24
7335,Ironclad Dynamics Inc. 3,Mid-Market,Healthcare,9,2025-01-31
7336,Bluepeak Analytics Corp. 3,Enterprise,Retail,8,2020-04-14
7337,Beacon Foods Ltd.,Mid-Market,Finance,21,2025-03-22
7338,Prime Manufacturing Corp.,SMB,Manufacturing,20,2024-04-21
7339,Sterling Solutions LLC 5,SMB,Healthcare,12,2021-10-17
7340,Redwood Ventures Inc. 2,SMB,Technology,26,2020-09-18
7341,Bluepeak Solutions Ltd. 3,Mid-Market,Technology,13,2024-04-25
7342,Delta Partners Ltd. 3,SMB,Technology,11,2022-01-05
7343,Northwind Technologies Ltd. 2,SMB,Professional Services,17,2025-11-06
7344,Sterling Industries Co. 1,SMB,Healthcare,6,2024-12-24
7345,Prime Materials Co. 2,SMB,Finance,21,2024-07-13
7346,Horizon Consulting Inc. 1,Enterprise,Retail,27,2021-05-03
7347,Brightpath Networks Corp. 1,Enterprise,Technology,29,2023-12-24
7348,Insight Dynamics LLC 5,SMB,Retail,14,2024-04-16
7349,Crestline Consulting Co. 1,Mid-Market,Manufacturing,9,2021-11-12
7350,Pioneer Logistics Inc. 1,Mid-Market,Education,15,2019-08-30
7351,Pioneer Holdings Ltd. 1,Mid-Market,Technology,4,2024-02-23
7352,Silverline Enterprises LLC 1,Mid-Market,Technology,21,2021-01-22
7353,Catalyst Materials Inc. 1,SMB,Education,13,2019-12-06
7354,Anchor Manufacturing Corp.,Enterprise,Finance,4,2019-04-20
7355,Horizon Foods LLC 1,Enterprise,Technology,17,2021-04-16
7356,Everest Logistics Ltd.,SMB,Manufacturing,22,2022-07-27
7357,Nova Networks LLC 2,SMB,Manufacturing,7,2019-04-09
7358,Ironclad Analytics Inc. 4,Enterprise,Professional Services,13,2022-12-11
7359,Everest Holdings Inc. 3,Enterprise,Professional Services,27,2025-04-07
7360,Delta Consulting Inc. 1,Mid-Market,Manufacturing,22,2023-03-09
7361,Anchor Consulting Corp. 3,Mid-Market,Healthcare,24,2022-09-02
7362,Northwind Group LLC 3,Enterprise,Education,14,2020-08-16
7363,Beacon Group Inc.,Mid-Market,Healthcare,15,2022-01-27
7364,Cascade Industries LLC,SMB,Education,15,2023-03-16
7365,Bluepeak Solutions Co. 3,SMB,Retail,14,2025-01-20
7366,Redwood Industries Co. 3,SMB,Finance,5,2025-03-03
7367,Union Consulting LLC 1,Mid-Market,Professional Services,2,2022-03-01
7368,Horizon Solutions Corp. 6,Mid-Market,Manufacturing,25,2020-04-14
7369,Granite Logistics Inc.,SMB,Finance,17,2023-12-14
7370,Falcon Solutions Corp. 2,SMB,Healthcare,16,2025-08-26
7371,Crestline Materials Ltd. 1,SMB,Retail,18,2025-09-14
7372,Prime Ventures Inc. 4,Mid-Market,Healthcare,13,2025-12-19
7373,Apex Group Co. 3,Mid-Market,Healthcare,27,2020-10-06
7374,Meridian Analytics Co. 4,SMB,Technology,15,2024-11-09
7375,Vertex Holdings Co. 2,SMB,Retail,16,2019-05-13
7376,Granite Consulting LLC,Enterprise,Professional Services,16,2019-02-08
7377,Falcon Consulting Co. 1,SMB,Healthcare,5,2023-09-19
7378,Delta Networks Inc. 5,SMB,Healthcare,6,2019-11-03
7379,Crestline Analytics Co. 3,SMB,Retail,6,2021-09-19
7380,Palisade Health Inc. 1,Mid-Market,Healthcare,8,2019-02-01
7381,Silverline Networks LLC 4,SMB,Technology,5,2019-08-10
7382,Crestline Group Co.,SMB,Retail,7,2020-06-17
7383,Ironclad Networks Corp. 6,Enterprise,Manufacturing,29,2022-11-18
7384,Nova Manufacturing LLC 2,SMB,Technology,11,2021-04-28
7385,Harbor Solutions LLC 2,SMB,Healthcare,24,2022-12-12
7386,Nova Financial LLC 4,SMB,Healthcare,12,2023-07-17
7387,Northwind Enterprises Co. 2,Mid-Market,Retail,25,2019-01-09
7388,Horizon Financial Corp. 6,SMB,Retail,23,2024-12-06
7389,Redwood Financial Inc. 5,Mid-Market,Education,26,2019-05-28
7390,Palisade Industries Inc. 1,Enterprise,Technology,9,2025-02-09
7391,Harbor Solutions Corp. 2,Enterprise,Education,3,2025-10-30
7392,Cascade Technologies Inc. 4,Mid-Market,Healthcare,10,2025-04-28
7393,Horizon Manufacturing LLC 4,Mid-Market,Professional Services,22,2022-10-17
7394,Global Dynamics Ltd. 2,Mid-Market,Professional Services,20,2024-05-21
7395,Brightpath Systems Co. 5,SMB,Manufacturing,22,2020-03-17
7396,Insight Manufacturing Inc. 2,Mid-Market,Education,30,2025-07-23
7397,Summit Partners LLC 5,SMB,Retail,7,2019-03-01
7398,Insight Foods LLC,Mid-Market,Education,14,2022-11-10
7399,Prime Materials Co. 3,SMB,Technology,15,2022-03-24
7400,Granite Foods Ltd. 2,SMB,Technology,5,2024-07-29
7401,Apex Manufacturing Co.,SMB,Professional Services,20,2024-03-19
7402,Falcon Ventures Ltd. 1,SMB,Education,2,2021-04-23
7403,Northwind Industries Inc. 2,SMB,Retail,27,2020-02-22
7404,Crestline Materials Co. 1,Enterprise,Finance,3,2024-07-23
7405,Horizon Enterprises Ltd. 3,Enterprise,Finance,4,2025-11-03
7406,Nova Systems Ltd. 3,Mid-Market,Finance,6,2019-09-08
7407,Catalyst Industries LLC 5,Enterprise,Manufacturing,27,2024-02-17
7408,Apex Partners Ltd. 1,Mid-Market,Retail,26,2022-08-11
7409,Orbit Dynamics Corp. 4,Mid-Market,Education,28,2021-03-08
7410,Harbor Holdings LLC 4,SMB,Finance,25,2019-02-06
7411,Meridian Materials LLC 4,SMB,Education,28,2024-01-25
7412,Delta Networks Ltd. 2,SMB,Technology,15,2019-12-04
7413,Palisade Group Ltd. 1,SMB,Education,1,2024-12-14
7414,Catalyst Ventures LLC 2,Mid-Market,Retail,14,2020-11-07
7415,Harbor Enterprises LLC 2,Enterprise,Manufacturing,7,2023-02-23
7416,Apex Materials LLC 1,SMB,Finance,8,2020-12-27
7417,Northwind Logistics Ltd. 3,SMB,Finance,21,2023-11-30
7418,Northwind Analytics LLC 1,Mid-Market,Finance,6,2019-10-27
7419,Apex Retail Ltd. 2,Mid-Market,Professional Services,10,2021-05-26
7420,Pioneer Industries LLC 3,Mid-Market,Technology,12,2022-07-24
7421,Pioneer Solutions LLC 2,Mid-Market,Retail,2,2023-02-05
7422,Harbor Analytics Inc. 4,Mid-Market,Professional Services,22,2023-01-21
7423,Everest Manufacturing Inc. 3,Mid-Market,Manufacturing,23,2019-07-22
7424,Brightpath Holdings Inc. 2,SMB,Retail,17,2019-03-28
7425,Everest Systems Inc. 2,SMB,Retail,1,2020-08-29
7426,Bluepeak Financial Co. 3,SMB,Manufacturing,24,2019-04-07
7427,Silverline Industries LLC 2,SMB,Retail,14,2020-07-17
7428,Falcon Enterprises Corp. 1,SMB,Professional Services,8,2019-06-01
7429,Nova Holdings Co. 3,Enterprise,Retail,29,2022-09-09
7430,Nova Dynamics Corp. 1,SMB,Education,26,2019-09-25
7431,Redwood Analytics LLC,Mid-Market,Manufacturing,14,2021-11-27
7432,Prime Logistics Ltd. 2,SMB,Education,14,2024-05-21
7433,Palisade Systems Ltd. 7,Enterprise,Professional Services,28,2024-05-28
7434,Sterling Industries Inc. 1,SMB,Healthcare,6,2022-12-07
7435,Northwind Health Co.,SMB,Professional Services,13,2019-03-20
7436,Pioneer Group Inc.,Enterprise,Retail,18,2022-10-03
7437,Apex Networks LLC 3,Mid-Market,Manufacturing,11,2020-10-07
7438,Orbit Materials Co. 1,Mid-Market,Education,10,2022-12-23
7439,Northwind Foods Corp. 2,SMB,Healthcare,4,2025-05-10
7440,Summit Group Corp. 1,SMB,Retail,9,2023-03-11
7441,Palisade Holdings Co. 4,Mid-Market,Retail,11,2025-08-01
7442,Harbor Networks Corp. 4,SMB,Professional Services,26,2020-06-17
7443,Insight Partners Ltd. 3,Mid-Market,Retail,11,2020-11-16
7444,Pioneer Analytics Corp. 5,Mid-Market,Manufacturing,5,2020-01-16
7445,Vertex Analytics Inc. 2,Mid-Market,Manufacturing,26,2019-07-20
7446,Meridian Group LLC 2,SMB,Manufacturing,11,2019-01-27
7447,Granite Dynamics Ltd. 2,Mid-Market,Professional Services,28,2025-06-29
7448,Brightpath Analytics LLC,Mid-Market,Education,4,2022-02-28
7449,Orbit Logistics Co. 2,Mid-Market,Technology,1,2025-07-27
7450,Granite Manufacturing Co. 2,SMB,Manufacturing,28,2025-01-17
7451,Sterling Foods Ltd. 1,SMB,Finance,3,2024-03-16
7452,Insight Ventures Inc. 2,SMB,Healthcare,1,2025-06-04
7453,Everest Ventures Ltd. 5,SMB,Professional Services,20,2020-11-05
7454,Insight Enterprises Co. 1,SMB,Professional Services,10,2024-12-28
7455,Ironclad Foods Ltd. 1,Mid-Market,Professional Services,15,2023-10-05
7456,Cascade Systems Ltd. 4,SMB,Finance,13,2023-03-13
7457,Summit Industries Ltd. 3,Mid-Market,Finance,9,2023-05-01
7458,Anchor Ventures Corp. 2,Enterprise,Education,15,2025-05-05
7459,Prime Consulting LLC 3,Mid-Market,Healthcare,8,2025-07-02
7460,Global Group Corp. 2,Enterprise,Technology,7,2020-03-28
7461,Delta Consulting Co. 2,SMB,Finance,7,2019-07-26
7462,Meridian Solutions Inc. 1,SMB,Retail,4,2020-11-27
7463,Ironclad Consulting Inc. 2,SMB,Manufacturing,16,2024-09-01
7464,Catalyst Dynamics Co. 4,Enterprise,Healthcare,17,2019-09-06
7465,Northwind Manufacturing Co.,SMB,Manufacturing,1,2023-08-19
7466,Delta Partners Corp. 4,SMB,Professional Services,14,2021-10-17
7467,Brightpath Analytics LLC 1,Mid-Market,Healthcare,23,2025-05-20
7468,Brightpath Solutions Inc. 3,SMB,Finance,1,2024-09-26
7469,Crestline Foods Ltd. 1,SMB,Finance,10,2022-07-21
7470,Catalyst Enterprises Corp. 6,Enterprise,Finance,29,2021-08-30
7471,Prime Holdings Co. 3,SMB,Retail,13,2024-11-03
7472,Union Financial LLC 2,SMB,Finance,1,2020-09-16
7473,Delta Solutions Ltd. 3,Mid-Market,Retail,16,2022-10-20
7474,Pioneer Logistics Co.,Mid-Market,Technology,13,2025-07-09
7475,Meridian Industries Inc. 1,SMB,Retail,7,2023-03-24
7476,Palisade Retail Ltd.,SMB,Technology,3,2025-07-05
7477,Crestline Technologies Ltd. 3,SMB,Finance,27,2022-02-03
7478,Global Group Corp. 3,SMB,Professional Services,25,2023-05-28
7479,Meridian Ventures LLC 2,SMB,Finance,21,2025-07-31
7480,Silverline Retail Inc. 6,SMB,Retail,1,2024-02-28
7481,Granite Networks Inc. 2,SMB,Finance,27,2025-05-03
7482,Delta Group LLC 4,SMB,Professional Services,15,2024-10-27
7483,Vertex Partners Corp. 1,Enterprise,Professional Services,15,2019-07-18
7484,Crestline Health Corp.,SMB,Professional Services,27,2020-10-22
7485,Vertex Health Co. 5,SMB,Finance,13,2024-03-10
7486,Granite Solutions Ltd. 4,SMB,Finance,8,2025-03-24
7487,Bluepeak Health Co. 2,SMB,Retail,8,2024-08-12
7488,Falcon Foods Ltd. 4,SMB,Education,28,2021-03-11
7489,Summit Logistics Corp. 4,Mid-Market,Manufacturing,17,2023-05-07
7490,Ironclad Group Co. 1,Enterprise,Education,18,2023-08-18
7491,Apex Enterprises Ltd. 2,Enterprise,Professional Services,18,2022-01-22
7492,Ironclad Materials Co. 5,Mid-Market,Education,7,2023-02-11
7493,Global Group LLC 2,Mid-Market,Finance,13,2025-11-25
7494,Nova Partners Ltd. 4,Mid-Market,Healthcare,29,2022-10-24
7495,Nova Enterprises LLC 3,Mid-Market,Manufacturing,5,2020-05-11
7496,Anchor Industries LLC 7,Mid-Market,Retail,29,2022-07-12
7497,Sterling Networks Ltd. 2,SMB,Education,9,2020-03-25
7498,Ironclad Solutions Corp. 3,SMB,Finance,9,2023-10-26
7499,Vertex Systems Ltd. 4,Mid-Market,Healthcare,1,2025-04-24
7500,Prime Dynamics Ltd. 3,Mid-Market,Finance,20,2023-09-24
7501,Cascade Materials Ltd. 1,Enterprise,Retail,10,2025-02-21
7502,Insight Financial Inc.,Enterprise,Healthcare,14,2024-02-03
7503,Anchor Networks Inc. 2,Mid-Market,Finance,18,2022-01-23
7504,Global Materials LLC 3,Enterprise,Healthcare,20,2022-10-07
7505,Global Holdings LLC 3,Mid-Market,Professional Services,29,2022-09-23
7506,Bluepeak Consulting Co. 2,SMB,Manufacturing,17,2021-09-30
7507,Horizon Ventures Inc. 1,SMB,Education,6,2019-08-26
7508,Meridian Partners Corp. 2,SMB,Manufacturing,22,2023-11-29
7509,Insight Networks Ltd. 3,Enterprise,Technology,2,2019-05-01
7510,Vertex Ventures LLC 4,Mid-Market,Healthcare,26,2020-06-05
7511,Brightpath Partners LLC 1,SMB,Education,9,2022-03-06
7512,Silverline Consulting LLC 4,Mid-Market,Manufacturing,22,2025-11-27
7513,Sterling Holdings Corp. 1,SMB,Retail,5,2021-02-23
7514,Ironclad Logistics Ltd. 2,SMB,Education,13,2024-07-24
7515,Redwood Industries Corp. 2,SMB,Manufacturing,21,2021-12-08
7516,Crestline Networks Co. 2,Mid-Market,Retail,19,2020-07-20
7517,Harbor Logistics Inc. 2,SMB,Healthcare,1,2019-03-09
7518,Crestline Foods LLC,Enterprise,Healthcare,2,2019-08-15
7519,Nova Dynamics LLC 3,Enterprise,Healthcare,30,2021-12-01
7520,Apex Systems LLC 1,Enterprise,Finance,16,2021-10-19
7521,Apex Systems Ltd. 2,SMB,Retail,26,2023-05-20
7522,Bluepeak Logistics Inc. 3,SMB,Professional Services,3,2019-06-09
7523,Delta Foods LLC 2,Mid-Market,Manufacturing,15,2020-12-26
7524,Nova Retail Inc. 1,Mid-Market,Retail,18,2019-03-01
7525,Global Foods Corp. 5,SMB,Professional Services,28,2025-02-06
7526,Redwood Partners Co. 4,SMB,Retail,22,2021-10-13
7527,Ironclad Enterprises Co. 5,Mid-Market,Healthcare,19,2023-02-02
7528,Ironclad Retail Inc. 2,Mid-Market,Healthcare,9,2023-12-22
7529,Global Foods Inc. 2,SMB,Retail,30,2020-11-15
7530,Horizon Enterprises Corp. 3,SMB,Finance,10,2019-12-11
7531,Bluepeak Enterprises LLC 7,SMB,Healthcare,9,2023-01-23
7532,Beacon Industries LLC 3,Mid-Market,Retail,22,2025-04-27
7533,Sterling Technologies Ltd. 2,Enterprise,Retail,30,2025-03-31
7534,Delta Logistics LLC,Mid-Market,Healthcare,26,2021-02-26
7535,Ironclad Logistics Corp. 1,Mid-Market,Technology,6,2020-11-11
7536,Meridian Manufacturing Inc.,SMB,Education,25,2021-06-22
7537,Ironclad Partners Co. 3,Enterprise,Finance,11,2020-09-18
7538,Cascade Holdings Inc. 2,SMB,Retail,7,2025-10-01
7539,Nova Enterprises Inc. 3,SMB,Healthcare,29,2019-03-30
7540,Brightpath Retail Corp. 6,SMB,Finance,29,2020-05-04
7541,Crestline Financial Co. 2,SMB,Retail,12,2019-03-14
7542,Prime Industries Ltd. 1,SMB,Technology,1,2024-12-22
7543,Anchor Dynamics Corp. 1,Enterprise,Finance,7,2022-04-20
7544,Summit Logistics LLC 1,Mid-Market,Education,17,2020-08-05
7545,Global Holdings LLC 4,Enterprise,Education,2,2021-10-07
7546,Bluepeak Dynamics Ltd. 1,SMB,Finance,7,2019-09-29
7547,Brightpath Solutions Corp.,SMB,Technology,5,2019-10-03
7548,Everest Enterprises Ltd. 2,Enterprise,Technology,29,2025-08-17
7549,Redwood Retail Corp.,Enterprise,Manufacturing,11,2023-11-15
7550,Prime Health LLC 2,Mid-Market,Retail,12,2023-06-21
7551,Bluepeak Systems Inc. 3,Mid-Market,Retail,13,2022-04-23
7552,Cascade Consulting LLC 5,SMB,Finance,1,2022-06-05
7553,Bluepeak Health LLC 1,Mid-Market,Technology,17,2024-05-27
7554,Palisade Materials Corp. 3,SMB,Healthcare,28,2019-05-14
7555,Catalyst Industries LLC 6,SMB,Technology,25,2023-09-02
7556,Anchor Dynamics Ltd. 2,Mid-Market,Manufacturing,8,2022-11-08
7557,Cascade Materials Corp. 3,Enterprise,Finance,1,2021-02-22
7558,Crestline Financial LLC 3,SMB,Technology,24,2020-07-05
7559,Apex Group Inc. 1,SMB,Retail,26,2025-01-11
7560,Catalyst Group Inc. 4,Mid-Market,Finance,28,2025-07-09
7561,Harbor Holdings Inc.,Mid-Market,Professional Services,18,2019-09-02
7562,Summit Retail LLC 3,SMB,Finance,15,2020-03-10
7563,Pioneer Technologies LLC 3,SMB,Technology,23,2023-09-02
7564,Horizon Dynamics Inc. 5,SMB,Retail,21,2024-06-01
7565,Catalyst Solutions Ltd. 2,SMB,Retail,23,2022-06-09
7566,Horizon Health Corp. 2,SMB,Professional Services,9,2025-06-27
7567,Global Industries Co. 1,Mid-Market,Retail,28,2025-02-09
7568,Bluepeak Logistics Co. 3,SMB,Finance,2,2019-11-19
7569,Bluepeak Technologies Inc. 1,Mid-Market,Retail,3,2019-12-31
7570,Cascade Networks Ltd. 1,SMB,Education,20,2019-08-08
7571,Redwood Manufacturing Co. 4,SMB,Manufacturing,18,2025-02-15
7572,Prime Ventures Co. 1,SMB,Education,17,2022-11-26
7573,Global Manufacturing Ltd. 1,SMB,Professional Services,28,2025-08-03
7574,Pioneer Networks Inc.,SMB,Education,27,2024-02-07
7575,Beacon Group Co.,SMB,Manufacturing,22,2024-02-14
7576,Sterling Foods Co. 2,SMB,Manufacturing,5,2019-11-16
7577,Prime Ventures Corp. 3,SMB,Education,3,2019-10-07
7578,Harbor Ventures Co. 3,Enterprise,Professional Services,5,2025-07-07
7579,Ironclad Materials Corp.,Mid-Market,Healthcare,19,2022-05-18
7580,Catalyst Holdings Corp. 8,SMB,Technology,22,2025-12-15
7581,Catalyst Financial Ltd. 1,SMB,Education,24,2021-04-05
7582,Northwind Health Ltd. 1,SMB,Healthcare,4,2023-05-08
7583,Brightpath Networks Corp. 2,SMB,Professional Services,9,2023-01-04
7584,Brightpath Holdings Ltd. 3,Mid-Market,Technology,11,2019-06-24
7585,Orbit Dynamics Co. 2,Mid-Market,Professional Services,19,2022-08-19
7586,Sterling Dynamics Ltd. 2,SMB,Retail,2,2025-06-20
7587,Bluepeak Financial Co. 4,Mid-Market,Finance,26,2022-03-06
7588,Apex Group Corp. 2,SMB,Technology,3,2022-04-23
7589,Summit Health Corp. 2,SMB,Education,16,2023-11-27
7590,Orbit Holdings Ltd. 3,SMB,Technology,28,2024-06-18
7591,Granite Health Corp. 4,Mid-Market,Technology,6,2024-10-17
7592,Horizon Health Inc. 2,SMB,Education,21,2022-03-01
7593,Brightpath Consulting Corp. 1,Enterprise,Retail,17,2022-02-08
7594,Nova Solutions Inc. 1,Enterprise,Technology,25,2022-04-24
7595,Union Consulting Ltd. 3,Mid-Market,Finance,18,2025-10-12
7596,Vertex Health Ltd. 2,Enterprise,Retail,26,2025-07-02
7597,Orbit Health Ltd. 1,SMB,Retail,13,2023-05-11
7598,Delta Enterprises Co. 3,SMB,Finance,5,2020-12-27
7599,Cascade Enterprises Ltd. 1,Enterprise,Finance,21,2025-04-20
7600,Harbor Dynamics LLC 4,SMB,Technology,30,2020-03-12
7601,Summit Holdings Inc. 3,SMB,Technology,13,2019-09-30
7602,Apex Ventures Inc. 3,SMB,Professional Services,25,2021-11-25
7603,Vertex Financial Co.,SMB,Healthcare,27,2023-10-18
7604,Prime Group Ltd. 4,SMB,Professional Services,20,2019-05-15
7605,Meridian Foods LLC 3,Enterprise,Technology,24,2021-03-10
7606,Granite Industries Co. 2,Enterprise,Professional Services,17,2024-06-27
7607,Prime Industries LLC 6,Mid-Market,Finance,25,2023-08-12
7608,Bluepeak Health Ltd. 2,SMB,Education,11,2019-08-04
7609,Summit Solutions LLC 2,SMB,Education,16,2020-05-30
7610,Anchor Networks Ltd. 3,Mid-Market,Finance,3,2024-01-28
7611,Ironclad Retail Inc. 3,Enterprise,Education,6,2019-10-26
7612,Summit Partners Ltd. 1,SMB,Finance,18,2019-01-25
7613,Orbit Partners Corp. 3,Mid-Market,Education,22,2025-12-12
7614,Horizon Systems Corp. 6,SMB,Professional Services,1,2023-04-19
7615,Meridian Ventures Inc. 2,SMB,Education,3,2022-01-01
7616,Crestline Partners LLC 4,Mid-Market,Education,1,2023-03-07
7617,Catalyst Solutions Inc. 1,Enterprise,Finance,16,2023-09-09
7618,Summit Enterprises Ltd. 1,Mid-Market,Technology,11,2022-06-20
7619,Brightpath Technologies Inc.,Mid-Market,Manufacturing,2,2023-08-10
7620,Catalyst Foods Co. 2,SMB,Technology,24,2023-12-17
7621,Global Analytics Inc. 4,SMB,Manufacturing,16,2020-04-03
7622,Granite Financial Corp. 1,Mid-Market,Professional Services,1,2021-12-19
7623,Beacon Financial Co. 1,SMB,Technology,21,2021-02-17
7624,Crestline Foods Corp. 2,Enterprise,Professional Services,28,2024-07-31
7625,Silverline Logistics Corp. 1,Mid-Market,Retail,13,2024-05-21
7626,Palisade Technologies Co. 4,SMB,Technology,29,2024-09-02
7627,Redwood Systems Inc. 4,SMB,Education,13,2022-01-23
7628,Beacon Industries Corp. 1,SMB,Technology,3,2023-01-10
7629,Falcon Holdings Corp. 2,Enterprise,Retail,4,2023-12-09
7630,Bluepeak Retail Ltd. 4,SMB,Manufacturing,3,2021-04-03
7631,Pioneer Holdings Ltd. 2,Mid-Market,Education,10,2025-11-03
7632,Meridian Industries Corp. 1,SMB,Finance,12,2021-08-25
7633,Brightpath Health Corp. 2,SMB,Technology,14,2022-10-04
7634,Catalyst Networks LLC 5,SMB,Finance,15,2024-10-14
7635,Crestline Networks LLC 5,Enterprise,Education,26,2024-03-24
7636,Granite Partners Co. 2,Mid-Market,Professional Services,1,2022-07-06
7637,Summit Health Ltd. 1,SMB,Healthcare,27,2021-11-09
7638,Brightpath Partners Ltd. 3,Mid-Market,Finance,8,2023-06-17
7639,Orbit Retail Inc. 1,SMB,Professional Services,29,2022-01-18
7640,Palisade Financial LLC 3,SMB,Finance,5,2023-02-22
7641,Crestline Enterprises LLC 1,SMB,Healthcare,4,2024-08-06
7642,Granite Analytics Co. 5,Mid-Market,Education,4,2019-11-08
7643,Global Systems Co. 2,SMB,Manufacturing,9,2023-11-18
7644,Delta Materials LLC 1,Mid-Market,Retail,29,2019-05-18
7645,Silverline Financial Corp. 3,Mid-Market,Manufacturing,14,2024-02-20
7646,Redwood Technologies Ltd.,SMB,Retail,5,2020-06-18
7647,Northwind Systems Inc. 4,Mid-Market,Healthcare,20,2022-06-15
7648,Cascade Systems Corp. 3,SMB,Education,16,2020-11-13
7649,Orbit Retail LLC,SMB,Finance,22,2021-04-02
7650,Northwind Holdings Corp. 2,SMB,Manufacturing,23,2023-05-27
7651,Global Networks Ltd. 3,SMB,Healthcare,24,2022-01-07
7652,Meridian Partners Ltd. 7,SMB,Technology,5,2022-05-31
7653,Meridian Partners Inc. 2,Mid-Market,Manufacturing,15,2025-12-28
7654,Anchor Technologies LLC 4,SMB,Technology,19,2019-11-07
7655,Silverline Networks LLC 5,Enterprise,Professional Services,17,2021-09-09
7656,Ironclad Health Ltd. 2,SMB,Professional Services,30,2022-09-17
7657,Orbit Dynamics LLC 3,Mid-Market,Finance,29,2024-09-10
7658,Meridian Foods Corp. 2,SMB,Finance,25,2020-12-22
7659,Anchor Ventures LLC 6,Mid-Market,Manufacturing,8,2021-10-03
7660,Palisade Materials LLC 2,Mid-Market,Healthcare,16,2024-09-30
7661,Insight Manufacturing Corp. 3,Enterprise,Professional Services,25,2022-09-17
7662,Silverline Dynamics LLC 2,Mid-Market,Technology,9,2024-12-28
7663,Global Group Inc. 1,Mid-Market,Manufacturing,22,2019-06-14
7664,Brightpath Group Inc. 1,Mid-Market,Healthcare,8,2021-01-03
7665,Cascade Logistics Corp. 5,Mid-Market,Education,5,2022-11-26
7666,Apex Networks Inc. 3,SMB,Healthcare,8,2019-11-08
7667,Everest Networks Inc. 2,Mid-Market,Manufacturing,28,2022-05-16
7668,Union Dynamics Co. 2,SMB,Education,30,2019-02-15
7669,Union Health Co. 3,Enterprise,Manufacturing,26,2022-07-13
7670,Sterling Consulting Corp. 1,SMB,Healthcare,9,2025-06-10
7671,Insight Retail Ltd. 2,Mid-Market,Healthcare,24,2025-08-20
7672,Palisade Health Inc. 2,SMB,Retail,7,2021-03-26
7673,Anchor Consulting Inc. 4,SMB,Technology,4,2019-01-09
7674,Beacon Industries Inc. 4,SMB,Finance,8,2025-05-20
7675,Anchor Financial Inc. 2,Mid-Market,Retail,5,2022-12-20
7676,Anchor Enterprises Inc. 5,SMB,Finance,20,2023-01-24
7677,Apex Dynamics Ltd. 2,Mid-Market,Education,21,2024-09-14
7678,Meridian Networks Ltd. 2,Mid-Market,Retail,2,2021-10-02
7679,Crestline Industries Ltd. 3,Mid-Market,Technology,4,2021-12-09
7680,Falcon Ventures LLC 2,SMB,Education,15,2024-12-16
7681,Brightpath Systems LLC,Mid-Market,Professional Services,4,2022-06-10
7682,Redwood Analytics LLC 1,SMB,Healthcare,25,2024-02-24
7683,Redwood Foods Inc. 4,Mid-Market,Finance,13,2025-05-02
7684,Palisade Networks Corp. 7,Mid-Market,Finance,13,2021-10-03
7685,Beacon Dynamics Corp. 1,Mid-Market,Finance,1,2025-03-22
7686,Horizon Ventures LLC 2,Enterprise,Manufacturing,22,2021-04-16
7687,Insight Retail LLC 1,SMB,Professional Services,22,2025-07-03
7688,Beacon Industries Corp. 2,SMB,Retail,23,2021-02-19
7689,Horizon Enterprises Inc.,SMB,Professional Services,17,2020-08-21
7690,Union Partners Corp. 2,Mid-Market,Finance,9,2024-01-17
7691,Meridian Systems LLC 4,Mid-Market,Manufacturing,3,2025-06-14
7692,Cascade Systems Ltd. 5,SMB,Technology,10,2024-05-17
7693,Falcon Logistics Ltd.,Enterprise,Healthcare,17,2024-03-06
7694,Crestline Materials LLC 2,Mid-Market,Retail,4,2025-10-23
7695,Everest Manufacturing LLC 3,SMB,Healthcare,2,2022-11-25
7696,Sterling Holdings Corp. 2,Mid-Market,Professional Services,7,2025-03-18
7697,Delta Enterprises Inc. 3,Enterprise,Healthcare,3,2019-04-05
7698,Beacon Financial Inc. 4,Mid-Market,Healthcare,1,2019-12-04
7699,Union Foods Inc. 3,SMB,Education,15,2020-11-24
7700,Vertex Solutions LLC 2,Mid-Market,Technology,23,2025-08-15
7701,Insight Consulting Corp. 5,SMB,Finance,15,2020-05-18
7702,Sterling Consulting LLC 1,Mid-Market,Healthcare,3,2021-09-06
7703,Bluepeak Dynamics Corp. 4,Mid-Market,Retail,11,2019-04-01
7704,Prime Dynamics Ltd. 4,Mid-Market,Education,2,2019-07-19
7705,Pioneer Analytics Ltd. 7,SMB,Healthcare,19,2023-01-29
7706,Northwind Health Corp. 2,Mid-Market,Finance,7,2019-09-07
7707,Pioneer Partners Corp. 2,SMB,Manufacturing,12,2025-04-17
7708,Falcon Health Corp. 1,Mid-Market,Retail,28,2025-03-14
7709,Orbit Foods Corp.,Enterprise,Finance,18,2023-05-10
7710,Union Industries Ltd. 4,Mid-Market,Manufacturing,23,2021-10-09
7711,Delta Group Corp. 2,SMB,Manufacturing,11,2025-03-19
7712,Harbor Networks LLC 3,Mid-Market,Technology,28,2022-05-31
7713,Orbit Ventures Co. 6,SMB,Manufacturing,22,2020-05-02
7714,Summit Holdings Co. 5,SMB,Manufacturing,16,2021-06-02
7715,Union Networks Co. 1,SMB,Professional Services,18,2021-07-17
7716,Harbor Industries Co. 5,SMB,Manufacturing,19,2023-01-21
7717,Bluepeak Solutions LLC,SMB,Professional Services,5,2021-10-22
7718,Pioneer Networks Co. 5,SMB,Finance,8,2024-09-22
7719,Anchor Consulting Ltd. 2,Mid-Market,Retail,21,2023-05-21
7720,Union Enterprises Co. 6,SMB,Professional Services,14,2020-10-06
7721,Nova Dynamics Inc. 2,SMB,Healthcare,24,2021-10-24
7722,Global Enterprises Inc. 1,Mid-Market,Manufacturing,16,2024-01-23
7723,Redwood Consulting Inc. 1,SMB,Professional Services,2,2020-09-11
7724,Nova Analytics Co. 2,SMB,Manufacturing,20,2019-08-23
7725,Vertex Logistics LLC 3,Mid-Market,Professional Services,19,2023-12-23
7726,Northwind Industries Inc. 3,SMB,Finance,11,2021-11-05
7727,Silverline Systems Ltd. 3,Enterprise,Professional Services,24,2019-11-14
7728,Delta Partners Ltd. 4,Enterprise,Retail,11,2022-05-10
7729,Meridian Holdings Co. 5,Mid-Market,Manufacturing,4,2022-12-03
7730,Everest Logistics Corp. 4,SMB,Healthcare,4,2019-03-07
7731,Union Analytics Ltd. 3,Mid-Market,Healthcare,28,2024-07-15
7732,Cascade Group Ltd. 5,SMB,Finance,12,2022-06-10
7733,Redwood Enterprises Ltd. 1,Mid-Market,Education,13,2019-03-07
7734,Nova Holdings Corp. 1,Mid-Market,Manufacturing,10,2025-01-11
7735,Insight Enterprises Inc. 3,SMB,Finance,23,2023-02-04
7736,Northwind Dynamics Inc. 2,Enterprise,Manufacturing,19,2025-09-28
7737,Granite Systems Co.,SMB,Finance,27,2020-12-19
7738,Sterling Ventures Inc. 2,Mid-Market,Education,27,2021-11-20
7739,Crestline Partners Inc. 3,SMB,Finance,30,2023-08-22
7740,Silverline Analytics Co. 5,SMB,Manufacturing,10,2025-05-25
7741,Pioneer Ventures Co. 1,Enterprise,Manufacturing,18,2024-07-15
7742,Union Technologies Corp. 2,Enterprise,Retail,11,2023-07-02
7743,Summit Retail Inc. 1,Enterprise,Finance,22,2024-07-26
7744,Sterling Systems Corp. 5,SMB,Technology,23,2019-08-31
7745,Vertex Manufacturing Inc. 3,SMB,Retail,8,2024-01-26
7746,Pioneer Foods LLC 3,Mid-Market,Manufacturing,26,2023-01-18
7747,Horizon Logistics Corp. 3,Mid-Market,Retail,9,2020-12-01
7748,Apex Manufacturing Co. 1,SMB,Manufacturing,30,2020-09-01
7749,Falcon Enterprises Inc. 2,Mid-Market,Manufacturing,26,2021-01-06
7750,Harbor Industries Ltd. 5,SMB,Professional Services,1,2019-11-11
7751,Granite Ventures Inc.,SMB,Technology,12,2020-11-29
7752,Anchor Financial Corp. 3,Mid-Market,Technology,12,2019-07-02
7753,Horizon Materials Ltd. 1,SMB,Professional Services,25,2023-09-16
7754,Beacon Industries Inc. 5,Mid-Market,Professional Services,22,2022-08-02
7755,Beacon Holdings Ltd. 1,Mid-Market,Finance,2,2019-11-23
7756,Prime Foods Co. 4,SMB,Manufacturing,26,2023-11-18
7757,Everest Analytics LLC 5,SMB,Manufacturing,7,2020-03-30
7758,Insight Dynamics Ltd. 4,SMB,Professional Services,12,2022-06-18
7759,Cascade Holdings Corp. 4,SMB,Manufacturing,6,2025-06-09
7760,Brightpath Enterprises Co. 3,Mid-Market,Education,5,2024-04-28
7761,Falcon Systems Corp. 3,SMB,Finance,16,2023-02-02
7762,Prime Industries Co. 1,SMB,Finance,3,2023-02-04
7763,Insight Industries Inc. 3,Mid-Market,Retail,3,2019-06-14
7764,Northwind Foods LLC 1,Mid-Market,Finance,24,2021-12-27
7765,Insight Systems Corp. 4,SMB,Technology,11,2021-02-24
7766,Prime Manufacturing Co. 1,SMB,Healthcare,20,2022-04-28
7767,Beacon Group Ltd. 3,Mid-Market,Professional Services,30,2025-08-28
7768,Redwood Materials LLC 3,SMB,Finance,2,2024-07-03
7769,Cascade Solutions Co. 3,Mid-Market,Technology,24,2023-04-09
7770,Orbit Health Ltd. 2,Mid-Market,Professional Services,4,2023-12-07
7771,Horizon Industries Corp. 1,Mid-Market,Professional Services,23,2024-02-11
7772,Palisade Foods LLC,SMB,Manufacturing,10,2022-03-12
7773,Insight Solutions Ltd. 1,Mid-Market,Retail,5,2025-01-23
7774,Brightpath Systems Co. 6,Mid-Market,Education,7,2023-04-27
7775,Crestline Systems Corp. 1,Mid-Market,Technology,11,2024-03-01
7776,Palisade Materials Co. 2,SMB,Finance,22,2019-01-29
7777,Orbit Partners Ltd. 3,SMB,Manufacturing,21,2022-10-06
7778,Granite Networks Inc. 3,Mid-Market,Manufacturing,22,2021-07-19
7779,Prime Foods Ltd. 5,SMB,Finance,1,2019-05-22
7780,Redwood Group Corp. 1,Enterprise,Technology,30,2023-07-10
7781,Silverline Manufacturing Corp. 2,Enterprise,Professional Services,14,2025-07-01
7782,Falcon Group Ltd. 5,SMB,Retail,4,2024-02-16
7783,Pioneer Industries Inc. 2,SMB,Education,28,2019-07-24
7784,Union Financial Co. 4,Mid-Market,Manufacturing,24,2019-05-25
7785,Delta Dynamics Co. 2,SMB,Manufacturing,3,2021-05-31
7786,Bluepeak Foods Co. 2,Mid-Market,Manufacturing,14,2020-09-01
7787,Redwood Networks Ltd. 4,SMB,Manufacturing,28,2019-03-12
7788,Crestline Retail LLC 1,SMB,Retail,21,2019-04-13
7789,Meridian Technologies Ltd. 2,SMB,Professional Services,6,2021-06-01
7790,Harbor Logistics LLC,Mid-Market,Education,22,2019-12-08
7791,Bluepeak Dynamics Corp. 5,SMB,Retail,6,2020-05-12
7792,Horizon Financial Co. 2,SMB,Technology,11,2025-01-31
7793,Brightpath Partners Inc. 8,Mid-Market,Manufacturing,6,2025-12-14
7794,Silverline Materials Corp. 4,Mid-Market,Professional Services,21,2024-08-18
7795,Catalyst Enterprises Corp. 7,SMB,Finance,28,2020-08-17
7796,Summit Networks Co. 4,Mid-Market,Manufacturing,2,2020-03-25
7797,Granite Ventures Corp. 4,SMB,Finance,19,2023-01-18
7798,Anchor Consulting LLC 5,Enterprise,Healthcare,8,2024-06-26
7799,Everest Enterprises LLC 2,SMB,Retail,23,2023-08-08
7800,Meridian Industries LLC 1,Mid-Market,Finance,5,2024-08-16
7801,Orbit Industries Inc. 4,SMB,Retail,11,2022-05-29
7802,Bluepeak Manufacturing Ltd. 2,SMB,Retail,7,2025-11-29
7803,Everest Industries Ltd. 5,Enterprise,Education,27,2024-07-04
7804,Apex Consulting Inc.,SMB,Professional Services,3,2019-05-11
7805,Redwood Retail Corp. 1,SMB,Manufacturing,18,2021-07-19
7806,Prime Materials Ltd. 5,Mid-Market,Technology,4,2022-12-01
7807,Sterling Ventures Ltd. 1,Mid-Market,Retail,18,2020-07-27
7808,Harbor Group Inc. 2,SMB,Professional Services,24,2021-10-27
7809,Palisade Ventures Inc. 4,SMB,Manufacturing,23,2023-05-29
7810,Summit Technologies Inc. 2,Mid-Market,Manufacturing,2,2022-11-12
7811,Cascade Health Corp. 1,SMB,Education,24,2025-01-10
7812,Global Industries Co. 2,Mid-Market,Manufacturing,9,2020-11-01
7813,Silverline Logistics Inc. 3,Enterprise,Finance,21,2025-06-12
7814,Vertex Enterprises Ltd. 3,SMB,Manufacturing,29,2021-04-03
7815,Palisade Industries Ltd. 3,Enterprise,Education,4,2025-06-10
7816,Ironclad Technologies Co. 1,Mid-Market,Manufacturing,11,2020-09-26
7817,Northwind Analytics Corp. 2,SMB,Finance,27,2022-07-21
7818,Everest Manufacturing Co.,Mid-Market,Retail,5,2025-07-10
7819,Beacon Technologies Corp. 3,Mid-Market,Retail,8,2020-12-10
7820,Union Solutions LLC 5,SMB,Professional Services,17,2024-12-09
7821,Bluepeak Ventures Co. 3,SMB,Professional Services,30,2022-07-05
7822,Crestline Ventures Corp. 2,SMB,Education,9,2021-12-08
7823,Brightpath Networks LLC 3,SMB,Education,12,2023-08-24
7824,Catalyst Systems Ltd. 4,Mid-Market,Manufacturing,24,2020-05-22
7825,Everest Systems Corp. 2,Mid-Market,Finance,4,2023-08-11
7826,Catalyst Technologies Ltd.,SMB,Manufacturing,10,2020-03-27
7827,Global Industries Ltd. 3,Mid-Market,Retail,10,2023-12-22
7828,Insight Manufacturing Inc. 3,Mid-Market,Manufacturing,13,2023-04-10
7829,Prime Dynamics Corp. 1,SMB,Healthcare,18,2019-12-24
7830,Global Holdings Co.,SMB,Technology,7,2019-09-15
7831,Ironclad Manufacturing Ltd. 3,SMB,Technology,12,2023-04-02
7832,Orbit Analytics Ltd. 3,Enterprise,Finance,28,2019-11-07
7833,Pioneer Technologies Co. 7,Enterprise,Education,25,2023-05-17
7834,Horizon Consulting LLC 4,Mid-Market,Education,29,2025-12-28
7835,Horizon Solutions Ltd. 3,SMB,Education,21,2019-11-11
7836,Orbit Manufacturing Inc. 3,Mid-Market,Retail,18,2022-04-26
7837,Beacon Dynamics Inc. 2,Enterprise,Technology,7,2025-06-20
7838,Palisade Solutions Ltd. 1,Mid-Market,Professional Services,5,2025-07-23
7839,Global Foods LLC 4,SMB,Professional Services,17,2019-03-18
7840,Vertex Technologies Ltd. 5,SMB,Education,13,2024-08-27
7841,Union Materials Co. 4,Enterprise,Manufacturing,24,2020-09-01
7842,Delta Dynamics Co. 3,Enterprise,Healthcare,1,2024-03-23
7843,Summit Ventures Inc. 1,Mid-Market,Professional Services,27,2021-06-26
7844,Bluepeak Analytics LLC 2,Enterprise,Healthcare,6,2020-07-28
7845,Pioneer Networks Corp. 1,SMB,Education,12,2022-04-18
7846,Silverline Ventures Inc. 2,Enterprise,Professional Services,11,2020-03-25
7847,Cascade Networks Co. 2,SMB,Professional Services,28,2021-12-20
7848,Vertex Consulting Co. 1,SMB,Manufacturing,22,2021-10-06
7849,Harbor Holdings Ltd. 1,SMB,Education,2,2025-09-27
7850,Beacon Networks LLC 4,SMB,Education,26,2022-10-17
7851,Ironclad Solutions Inc. 1,Mid-Market,Professional Services,21,2023-11-17
7852,Beacon Networks Co. 2,Enterprise,Finance,3,2020-03-23
7853,Northwind Systems Ltd. 3,Mid-Market,Retail,24,2025-12-24
7854,Harbor Networks Co. 1,SMB,Education,2,2022-06-26
7855,Meridian Retail LLC 3,Enterprise,Healthcare,13,2019-07-12
7856,Cascade Dynamics Inc. 5,Mid-Market,Healthcare,5,2023-04-07
7857,Brightpath Enterprises Co. 4,Mid-Market,Finance,1,2021-03-24
7858,Brightpath Retail Inc.,Mid-Market,Finance,17,2021-01-21
7859,Union Systems Corp. 1,SMB,Education,21,2021-03-21
7860,Delta Ventures Corp. 5,SMB,Professional Services,15,2022-02-25
7861,Crestline Logistics Corp. 3,SMB,Healthcare,11,2021-01-03
7862,Anchor Partners Corp. 2,SMB,Finance,16,2024-06-13
7863,Vertex Group Inc. 2,Enterprise,Professional Services,5,2020-04-02
7864,Prime Manufacturing Ltd. 7,Enterprise,Retail,2,2019-12-29
7865,Silverline Networks LLC 6,Mid-Market,Healthcare,5,2019-09-25
7866,Redwood Dynamics Inc. 3,SMB,Retail,2,2021-11-14
7867,Sterling Ventures Corp. 1,SMB,Professional Services,24,2019-10-16
7868,Nova Dynamics LLC 4,Enterprise,Finance,19,2019-03-06
7869,Delta Foods Ltd.,SMB,Manufacturing,6,2021-01-22
7870,Ironclad Group LLC 2,Mid-Market,Retail,18,2025-11-09
7871,Brightpath Analytics Corp. 4,Mid-Market,Education,15,2019-01-28
7872,Beacon Manufacturing Corp. 1,SMB,Manufacturing,4,2019-06-13
7873,Palisade Retail Co. 4,SMB,Professional Services,30,2023-01-30
7874,Meridian Networks Inc. 1,SMB,Education,29,2022-06-26
7875,Silverline Holdings Inc. 4,SMB,Finance,23,2019-09-24
7876,Horizon Dynamics Co. 1,Mid-Market,Manufacturing,25,2025-04-05
7877,Brightpath Ventures LLC 1,SMB,Retail,17,2023-09-20
7878,Horizon Networks Ltd. 3,SMB,Technology,25,2022-06-18
7879,Sterling Retail Corp. 2,SMB,Healthcare,16,2022-10-21
7880,Meridian Technologies Ltd. 3,Mid-Market,Healthcare,5,2024-07-28
7881,Prime Partners Ltd. 1,SMB,Education,6,2019-09-08
7882,Silverline Financial LLC 1,Enterprise,Education,26,2025-07-13
7883,Harbor Materials Corp. 3,Mid-Market,Education,14,2019-10-15
7884,Ironclad Industries LLC 3,SMB,Technology,22,2022-03-18
7885,Bluepeak Health LLC 2,SMB,Finance,5,2020-09-24
7886,Orbit Networks Corp. 2,SMB,Finance,14,2023-08-28
7887,Union Consulting Inc. 1,SMB,Technology,3,2024-11-16
7888,Nova Systems Inc. 1,Enterprise,Healthcare,7,2023-04-26
7889,Ironclad Technologies Ltd. 3,SMB,Manufacturing,4,2020-07-26
7890,Summit Ventures Inc. 2,Mid-Market,Professional Services,7,2024-06-15
7891,Everest Group Co. 2,SMB,Healthcare,19,2025-08-06
7892,Union Solutions Ltd. 1,Mid-Market,Professional Services,1,2020-02-16
7893,Pioneer Ventures Co. 2,SMB,Education,6,2020-10-09
7894,Orbit Holdings Corp. 3,SMB,Healthcare,21,2022-09-15
7895,Falcon Retail Ltd. 3,SMB,Healthcare,5,2024-03-05
7896,Harbor Technologies Inc. 3,Mid-Market,Manufacturing,17,2019-11-21
7897,Nova Systems Ltd. 4,Mid-Market,Professional Services,27,2019-05-10
7898,Crestline Dynamics LLC 1,Mid-Market,Education,24,2022-12-20
7899,Nova Partners Ltd. 5,Enterprise,Professional Services,4,2024-07-30
7900,Cascade Consulting LLC 6,SMB,Finance,5,2021-01-30
7901,Everest Holdings Ltd. 1,Mid-Market,Professional Services,22,2023-01-30
7902,Anchor Financial Co. 4,SMB,Professional Services,11,2024-08-15
7903,Prime Networks Inc. 1,Enterprise,Retail,13,2019-03-15
7904,Northwind Analytics Inc.,Mid-Market,Healthcare,15,2021-05-09
7905,Union Materials LLC 1,SMB,Healthcare,18,2021-02-13
7906,Brightpath Retail Corp. 7,Mid-Market,Technology,14,2024-01-23
7907,Orbit Logistics Co. 3,Mid-Market,Education,1,2023-08-30
7908,Meridian Holdings Corp. 2,Mid-Market,Finance,3,2024-10-14
7909,Harbor Logistics Co. 1,Mid-Market,Retail,1,2022-11-03
7910,Redwood Networks Ltd. 5,SMB,Healthcare,8,2020-08-05
7911,Catalyst Consulting Ltd. 1,Mid-Market,Professional Services,25,2022-01-12
7912,Harbor Holdings Co. 1,Mid-Market,Education,30,2021-10-09
7913,Bluepeak Logistics LLC 4,SMB,Finance,15,2023-09-03
7914,Catalyst Financial Ltd. 2,SMB,Manufacturing,1,2025-09-04
7915,Delta Ventures Ltd. 5,SMB,Technology,3,2022-03-15
7916,Horizon Financial Co. 3,Mid-Market,Technology,25,2023-06-21
7917,Horizon Solutions LLC 1,SMB,Professional Services,11,2020-03-30
7918,Nova Ventures Ltd. 4,Mid-Market,Education,27,2023-01-08
7919,Union Systems LLC 1,Mid-Market,Education,16,2024-02-05
7920,Beacon Holdings Co. 1,SMB,Retail,27,2024-05-06
7921,Beacon Foods Corp. 2,SMB,Healthcare,5,2025-10-24
7922,Cascade Solutions Co. 4,SMB,Technology,26,2025-11-29
7923,Anchor Enterprises Corp. 1,SMB,Education,17,2022-08-10
7924,Global Industries Inc. 2,Enterprise,Finance,14,2025-01-08
7925,Sterling Group LLC 4,SMB,Technology,16,2024-02-28
7926,Silverline Solutions Ltd. 2,SMB,Technology,10,2022-09-02
7927,Delta Enterprises Ltd. 3,Mid-Market,Manufacturing,19,2019-03-18
7928,Insight Consulting Corp. 6,Mid-Market,Education,24,2025-11-02
7929,Ironclad Ventures Ltd. 1,Enterprise,Finance,25,2025-10-03
7930,Union Health Corp. 1,SMB,Professional Services,30,2022-08-17
7931,Granite Solutions Inc. 3,Enterprise,Finance,13,2021-05-30
7932,Bluepeak Networks Inc. 6,Mid-Market,Education,24,2019-10-13
7933,Nova Logistics LLC 5,SMB,Healthcare,27,2019-05-21
7934,Redwood Industries Inc. 2,SMB,Retail,1,2024-08-15
7935,Bluepeak Solutions Ltd. 4,Mid-Market,Healthcare,15,2021-11-12
7936,Sterling Partners Co. 1,SMB,Education,22,2022-12-09
7937,Catalyst Retail Co. 3,SMB,Manufacturing,14,2021-02-09
7938,Redwood Manufacturing Corp. 3,SMB,Technology,4,2023-04-19
7939,Northwind Manufacturing Co. 1,Enterprise,Healthcare,20,2024-04-23
7940,Ironclad Manufacturing Ltd. 4,Enterprise,Finance,13,2025-04-01
7941,Orbit Foods Inc. 3,SMB,Manufacturing,19,2022-06-21
7942,Vertex Logistics Corp. 3,Mid-Market,Healthcare,1,2021-02-06
7943,Catalyst Analytics Corp. 4,SMB,Retail,1,2019-07-16
7944,Northwind Partners Corp. 1,Enterprise,Professional Services,19,2024-12-22
7945,Ironclad Foods Co. 1,SMB,Retail,30,2024-12-21
7946,Granite Systems Co. 1,SMB,Finance,20,2021-06-22
7947,Vertex Partners LLC 6,SMB,Retail,29,2020-06-13
7948,Meridian Group Inc. 3,SMB,Professional Services,26,2023-09-18
7949,Vertex Solutions Ltd. 3,SMB,Healthcare,9,2024-04-18
7950,Orbit Logistics Inc. 1,Mid-Market,Healthcare,4,2024-01-19
7951,Northwind Retail Corp. 4,Mid-Market,Technology,17,2019-07-02
7952,Granite Technologies Co. 3,SMB,Education,19,2025-11-20
7953,Northwind Retail Ltd. 2,SMB,Education,24,2022-10-23
7954,Union Retail Co. 1,SMB,Finance,16,2023-04-04
7955,Nova Retail Inc. 2,SMB,Professional Services,28,2019-04-26
7956,Orbit Systems Ltd. 1,Mid-Market,Retail,26,2019-01-31
7957,Everest Financial LLC 4,SMB,Professional Services,18,2019-11-19
7958,Palisade Networks Inc. 3,SMB,Professional Services,17,2021-09-26
7959,Crestline Manufacturing LLC 1,SMB,Professional Services,1,2025-08-11
7960,Insight Partners Co.,SMB,Finance,24,2024-02-04
7961,Delta Logistics Corp. 2,SMB,Retail,21,2025-12-29
7962,Meridian Manufacturing Co. 4,SMB,Healthcare,27,2023-10-04
7963,Insight Materials Inc. 3,Enterprise,Professional Services,3,2019-09-12
7964,Vertex Partners Ltd. 1,SMB,Finance,5,2023-11-11
7965,Northwind Solutions Corp. 2,Enterprise,Manufacturing,21,2023-06-28
7966,Granite Manufacturing LLC 5,Mid-Market,Retail,15,2025-03-15
7967,Insight Materials Corp. 2,Enterprise,Education,18,2022-10-23
7968,Delta Systems Ltd. 2,Mid-Market,Education,14,2020-09-19
7969,Vertex Foods Inc. 2,Mid-Market,Professional Services,20,2024-02-16
7970,Horizon Foods Ltd. 2,SMB,Retail,20,2024-04-09
7971,Sterling Manufacturing LLC 1,SMB,Education,6,2022-08-07
7972,Summit Health Co. 1,SMB,Retail,23,2019-08-31
7973,Insight Dynamics Inc. 2,Mid-Market,Finance,15,2021-11-23
7974,Harbor Solutions LLC 3,Enterprise,Professional Services,18,2024-11-16
7975,Delta Ventures Co. 3,SMB,Finance,19,2021-02-15
7976,Insight Consulting LLC,SMB,Retail,23,2024-02-14
7977,Horizon Health Inc. 3,SMB,Finance,10,2020-10-09
7978,Falcon Holdings Corp. 3,SMB,Manufacturing,1,2021-04-20
7979,Prime Technologies Ltd. 5,SMB,Finance,6,2021-05-11
7980,Pioneer Ventures Corp. 2,SMB,Healthcare,29,2019-12-13
7981,Prime Partners Corp. 3,SMB,Education,7,2021-06-16
7982,Catalyst Technologies Inc.,SMB,Education,8,2024-01-24
7983,Harbor Ventures LLC 5,SMB,Retail,26,2021-10-22
7984,Union Technologies Inc. 2,Mid-Market,Technology,8,2021-02-05
7985,Prime Foods Co. 5,Enterprise,Healthcare,14,2023-11-27
7986,Union Partners LLC 2,Mid-Market,Healthcare,12,2022-08-10
7987,Redwood Ventures Ltd. 3,SMB,Retail,20,2022-01-19
7988,Redwood Manufacturing LLC 1,SMB,Professional Services,18,2024-07-27
7989,Bluepeak Manufacturing Ltd. 3,Mid-Market,Finance,16,2021-09-03
7990,Nova Partners Inc. 4,SMB,Finance,16,2022-10-23
7991,Bluepeak Industries Inc. 2,Mid-Market,Manufacturing,26,2019-03-23
7992,Falcon Consulting LLC 2,Mid-Market,Professional Services,18,2021-05-17
7993,Meridian Networks LLC 2,SMB,Finance,16,2020-08-28
7994,Global Financial LLC 2,Mid-Market,Healthcare,27,2025-03-13
7995,Bluepeak Retail LLC 2,Mid-Market,Manufacturing,3,2019-02-23
7996,Orbit Industries Ltd. 2,Mid-Market,Professional Services,26,2023-11-25
7997,Brightpath Dynamics Corp. 4,Mid-Market,Education,6,2024-04-16
7998,Sterling Networks Inc. 4,SMB,Manufacturing,10,2021-04-29
7999,Meridian Dynamics Co. 4,SMB,Education,1,2020-10-19
8000,Nova Analytics Ltd. 2,SMB,Technology,18,2020-02-26
8001,Orbit Dynamics Corp. 5,SMB,Education,25,2020-12-09
8002,Global Technologies Corp. 4,Mid-Market,Technology,12,2025-05-25
8003,Redwood Dynamics LLC 2,SMB,Finance,20,2019-04-21
8004,Orbit Materials LLC 2,Mid-Market,Finance,12,2022-03-13
8005,Bluepeak Networks Inc. 7,Enterprise,Retail,23,2020-11-06
8006,Sterling Group Co. 2,SMB,Healthcare,30,2023-11-14
8007,Beacon Materials LLC 2,Mid-Market,Healthcare,22,2021-05-03
8008,Prime Industries Ltd. 2,Mid-Market,Professional Services,11,2021-06-03
8009,Redwood Enterprises Inc. 4,Enterprise,Manufacturing,25,2019-05-30
8010,Redwood Solutions Inc. 1,SMB,Education,2,2025-05-16
8011,Redwood Consulting LLC,Mid-Market,Retail,30,2022-08-26
8012,Meridian Retail Inc. 3,Mid-Market,Retail,26,2019-06-26
8013,Horizon Networks Co.,SMB,Retail,20,2024-04-05
8014,Vertex Financial Inc. 2,Mid-Market,Retail,19,2024-06-16
8015,Global Retail Corp. 4,SMB,Professional Services,8,2022-03-24
8016,Summit Analytics LLC 3,Mid-Market,Education,13,2025-11-07
8017,Delta Technologies LLC,SMB,Finance,4,2020-07-31
8018,Apex Systems Inc. 2,SMB,Healthcare,11,2024-11-27
8019,Everest Solutions LLC 1,SMB,Education,18,2024-12-03
8020,Falcon Partners Inc. 1,SMB,Finance,11,2022-08-25
8021,Prime Networks Corp. 2,Mid-Market,Finance,24,2022-10-12
8022,Orbit Holdings LLC 1,SMB,Technology,26,2019-10-14
8023,Bluepeak Financial Inc. 2,SMB,Manufacturing,17,2019-12-07
8024,Cascade Analytics Inc.,SMB,Manufacturing,11,2021-12-16
8025,Bluepeak Ventures Co. 4,SMB,Education,10,2025-06-04
8026,Bluepeak Ventures LLC,SMB,Education,17,2020-07-02
8027,Palisade Consulting Corp. 5,SMB,Education,22,2022-04-29
8028,Meridian Retail Corp. 1,Mid-Market,Manufacturing,4,2019-06-14
8029,Vertex Dynamics Corp. 7,SMB,Professional Services,14,2021-02-03
8030,Cascade Solutions Co. 5,SMB,Professional Services,14,2021-08-08
8031,Insight Group Ltd. 5,SMB,Education,9,2025-09-27
8032,Insight Holdings Corp. 1,Mid-Market,Finance,8,2020-05-08
8033,Summit Financial LLC 4,SMB,Healthcare,26,2019-09-15
8034,Brightpath Manufacturing Co. 5,SMB,Technology,13,2019-05-18
8035,Insight Networks Inc. 5,SMB,Professional Services,18,2022-08-27
8036,Vertex Systems Corp. 2,Mid-Market,Education,2,2022-08-20
8037,Apex Analytics Ltd. 3,Enterprise,Professional Services,9,2020-05-15
8038,Horizon Consulting Co. 2,Mid-Market,Education,7,2020-09-24
8039,Northwind Foods Inc. 3,Enterprise,Manufacturing,10,2021-03-25
8040,Harbor Solutions LLC 4,SMB,Healthcare,26,2019-01-25
8041,Prime Ventures Inc. 5,Mid-Market,Technology,18,2024-09-19
8042,Northwind Dynamics LLC 3,SMB,Education,28,2024-05-29
8043,Prime Holdings Co. 4,Mid-Market,Finance,13,2021-03-29
8044,Cascade Holdings Inc. 3,Mid-Market,Finance,24,2023-01-07
8045,Insight Group Ltd. 6,SMB,Education,5,2021-04-18
8046,Apex Analytics Co. 3,Mid-Market,Manufacturing,25,2019-03-10
8047,Orbit Systems Inc. 3,Enterprise,Professional Services,19,2023-02-16
8048,Union Health LLC 1,Mid-Market,Manufacturing,2,2024-01-19
8049,Pioneer Financial Co. 2,SMB,Education,21,2021-05-03
8050,Summit Financial Ltd. 2,SMB,Technology,15,2020-09-08
8051,Insight Foods Inc. 1,Mid-Market,Finance,1,2020-11-06
8052,Crestline Partners Co. 3,SMB,Healthcare,26,2021-06-11
8053,Prime Networks Co. 3,Enterprise,Technology,17,2022-04-10
8054,Bluepeak Solutions LLC 1,SMB,Professional Services,19,2024-04-13
8055,Apex Retail Corp. 1,Enterprise,Manufacturing,18,2020-05-23
8056,Nova Materials LLC 8,SMB,Finance,3,2023-12-11
8057,Global Technologies Corp. 5,SMB,Finance,10,2025-10-01
8058,Ironclad Financial Ltd. 1,Mid-Market,Healthcare,22,2020-04-05
8059,Orbit Systems Ltd. 2,Mid-Market,Technology,11,2022-07-21
8060,Crestline Materials Co. 2,Enterprise,Professional Services,27,2021-07-12
8061,Granite Solutions Inc. 4,Mid-Market,Technology,10,2023-03-15
8062,Northwind Analytics Co. 1,Enterprise,Finance,14,2025-03-01
8063,Global Retail Co. 3,Mid-Market,Healthcare,14,2025-03-15
8064,Apex Financial LLC 8,SMB,Professional Services,1,2022-02-06
8065,Anchor Technologies Inc. 2,Enterprise,Healthcare,25,2024-04-19
8066,Redwood Technologies LLC 1,SMB,Finance,5,2022-07-30
8067,Prime Industries Co. 2,Enterprise,Education,15,2024-05-27
8068,Prime Foods Inc.,SMB,Manufacturing,28,2025-03-10
8069,Horizon Technologies Inc. 4,Mid-Market,Finance,30,2023-12-25
8070,Meridian Dynamics Inc. 1,SMB,Manufacturing,7,2019-06-05
8071,Anchor Networks Inc. 3,Mid-Market,Manufacturing,12,2020-09-18
8072,Sterling Dynamics Ltd. 3,Mid-Market,Finance,17,2024-07-01
8073,Beacon Enterprises Inc. 3,SMB,Retail,21,2019-02-20
8074,Summit Partners Co. 2,SMB,Finance,8,2022-08-16
8075,Ironclad Holdings LLC 1,SMB,Professional Services,17,2023-04-10
8076,Beacon Dynamics Corp. 2,Enterprise,Manufacturing,26,2024-09-26
8077,Horizon Foods Corp. 2,Mid-Market,Education,23,2024-08-23
8078,Brightpath Solutions Co. 3,SMB,Healthcare,25,2019-07-07
8079,Global Financial Ltd. 1,SMB,Retail,27,2023-10-04
8080,Granite Networks Inc. 4,SMB,Manufacturing,26,2024-07-13
8081,Beacon Group Co. 1,Mid-Market,Education,16,2019-09-27
8082,Union Networks Inc. 5,Mid-Market,Manufacturing,30,2022-05-25
8083,Brightpath Health Corp. 3,SMB,Education,15,2023-07-18
8084,Palisade Foods Co. 3,SMB,Technology,22,2021-05-25
8085,Meridian Foods Corp. 3,Enterprise,Retail,29,2021-08-05
8086,Insight Holdings Corp. 2,SMB,Education,2,2019-09-20
8087,Horizon Retail LLC 1,SMB,Manufacturing,29,2024-06-02
8088,Delta Analytics Ltd. 6,Mid-Market,Technology,25,2020-08-29
8089,Beacon Industries Ltd. 3,Mid-Market,Manufacturing,30,2022-01-16
8090,Everest Networks Co. 3,SMB,Education,24,2022-08-12
8091,Apex Foods Co. 4,Mid-Market,Manufacturing,5,2019-08-12
8092,Orbit Logistics Corp. 1,SMB,Technology,10,2022-01-06
8093,Sterling Manufacturing LLC 2,SMB,Finance,1,2020-01-25
8094,Union Dynamics Corp. 1,Mid-Market,Professional Services,19,2020-08-17
8095,Palisade Systems LLC 2,SMB,Healthcare,14,2021-06-29
8096,Sterling Retail LLC 1,Mid-Market,Manufacturing,15,2022-06-05
8097,Horizon Materials LLC 4,Mid-Market,Finance,23,2022-01-14
8098,Delta Group Corp. 3,SMB,Retail,25,2019-07-02
8099,Silverline Holdings LLC 4,SMB,Finance,3,2021-06-14
8100,Insight Logistics LLC,Mid-Market,Finance,28,2019-04-11
8101,Redwood Materials Corp. 1,SMB,Retail,12,2020-10-03
8102,Ironclad Industries Inc. 1,SMB,Retail,23,2019-08-06
8103,Brightpath Consulting Inc. 1,SMB,Manufacturing,18,2020-03-03
8104,Falcon Foods Ltd. 5,SMB,Healthcare,14,2022-07-08
8105,Granite Enterprises Co. 1,Mid-Market,Technology,7,2025-06-28
8106,Brightpath Industries LLC 2,Mid-Market,Retail,6,2020-05-12
8107,Ironclad Systems Inc. 3,SMB,Finance,22,2024-02-11
8108,Summit Technologies Corp. 4,Enterprise,Retail,10,2019-04-22
8109,Apex Retail Inc. 4,SMB,Finance,7,2021-05-08
8110,Beacon Enterprises Co. 2,Mid-Market,Education,1,2021-10-22
8111,Bluepeak Solutions Inc. 5,Mid-Market,Retail,26,2019-10-04
8112,Orbit Health Corp. 3,Mid-Market,Finance,12,2023-06-16
8113,Union Foods LLC 2,Mid-Market,Finance,11,2020-01-08
8114,Horizon Solutions Corp. 7,Mid-Market,Education,12,2024-08-08
8115,Northwind Ventures Ltd. 1,SMB,Technology,18,2023-02-20
8116,Summit Partners LLC 6,SMB,Technology,15,2024-03-09
8117,Catalyst Industries Co. 1,Mid-Market,Technology,17,2020-02-24
8118,Redwood Industries Co. 4,Mid-Market,Finance,9,2021-03-21
8119,Vertex Logistics Corp. 4,SMB,Manufacturing,9,2023-12-09
8120,Brightpath Foods LLC,Enterprise,Finance,26,2022-03-04
8121,Nova Financial LLC 5,SMB,Healthcare,14,2023-06-05
8122,Catalyst Analytics Co. 4,SMB,Finance,30,2021-11-22
8123,Horizon Health Ltd. 1,SMB,Manufacturing,26,2023-09-15
8124,Crestline Holdings Corp. 2,SMB,Finance,22,2023-06-28
8125,Falcon Solutions Ltd. 4,SMB,Retail,17,2021-02-04
8126,Beacon Solutions LLC 1,SMB,Finance,26,2025-03-03
8127,Palisade Technologies Ltd. 3,SMB,Professional Services,2,2024-02-15
8128,Union Materials Co. 5,Mid-Market,Professional Services,15,2019-06-24
8129,Redwood Technologies Corp.,Mid-Market,Retail,22,2019-04-07
8130,Vertex Networks Ltd. 4,Mid-Market,Manufacturing,4,2024-01-05
8131,Northwind Materials Corp. 2,Mid-Market,Technology,6,2023-06-04
8132,Harbor Health Inc. 5,SMB,Retail,2,2025-06-20
8133,Granite Technologies Inc. 4,Mid-Market,Finance,15,2023-09-23
8134,Anchor Technologies LLC 5,Mid-Market,Finance,17,2020-06-16
8135,Falcon Industries LLC 7,Mid-Market,Education,15,2019-04-18
8136,Delta Solutions Inc. 7,SMB,Technology,2,2022-09-22
8137,Cascade Dynamics Co.,SMB,Healthcare,15,2022-06-22
8138,Anchor Partners Ltd. 3,SMB,Education,27,2025-07-23
8139,Beacon Financial Inc. 5,Mid-Market,Professional Services,1,2023-12-16
8140,Nova Networks Co. 4,Mid-Market,Manufacturing,24,2025-04-19
8141,Granite Partners LLC 4,SMB,Manufacturing,9,2024-04-17
8142,Silverline Enterprises Co. 4,SMB,Professional Services,3,2023-08-16
8143,Northwind Analytics LLC 2,SMB,Technology,2,2022-12-10
8144,Silverline Partners Inc. 3,SMB,Manufacturing,1,2023-01-22
8145,Northwind Solutions Inc. 4,Enterprise,Healthcare,13,2022-07-21
8146,Northwind Networks LLC,SMB,Manufacturing,15,2024-11-14
8147,Ironclad Consulting Co. 2,SMB,Professional Services,19,2020-08-22
8148,Insight Partners Corp. 5,SMB,Retail,3,2025-05-28
8149,Meridian Manufacturing Inc. 1,SMB,Professional Services,20,2022-12-01
8150,Horizon Partners LLC 2,Mid-Market,Manufacturing,23,2022-01-23
8151,Beacon Health Corp. 1,Mid-Market,Professional Services,2,2020-06-23
8152,Crestline Retail Corp. 2,SMB,Healthcare,21,2020-12-06
8153,Ironclad Analytics Co. 1,SMB,Finance,4,2023-02-02
8154,Prime Foods Inc. 1,Enterprise,Healthcare,14,2020-01-23
8155,Horizon Solutions Inc. 5,Mid-Market,Education,20,2019-01-09
8156,Prime Ventures Ltd. 1,SMB,Manufacturing,27,2020-10-24
8157,Bluepeak Networks Inc. 8,Mid-Market,Healthcare,16,2021-02-16
8158,Harbor Materials Ltd. 3,Mid-Market,Healthcare,14,2025-08-03
8159,Palisade Systems LLC 3,SMB,Finance,26,2023-01-27
8160,Palisade Technologies LLC 3,SMB,Healthcare,7,2021-11-03
8161,Summit Holdings Inc. 4,SMB,Retail,7,2025-11-17
8162,Global Manufacturing Ltd. 2,SMB,Education,14,2021-07-28
8163,Bluepeak Financial Inc. 3,Enterprise,Professional Services,4,2025-09-15
8164,Falcon Retail Inc. 2,SMB,Healthcare,1,2025-08-03
8165,Global Enterprises Corp. 4,SMB,Manufacturing,11,2023-10-30
8166,Beacon Systems Inc. 3,SMB,Manufacturing,5,2022-09-04
8167,Delta Retail Inc. 3,SMB,Manufacturing,20,2024-10-01
8168,Crestline Manufacturing LLC 2,Mid-Market,Manufacturing,17,2021-04-07
8169,Pioneer Systems Ltd. 2,Mid-Market,Healthcare,15,2021-07-29
8170,Nova Consulting Ltd. 1,Mid-Market,Technology,15,2020-06-12
8171,Apex Retail Co. 1,Enterprise,Finance,3,2020-10-14
8172,Everest Retail Co. 3,SMB,Technology,13,2019-12-15
8173,Catalyst Retail LLC 4,Mid-Market,Technology,3,2024-12-14
8174,Palisade Financial LLC 4,SMB,Manufacturing,11,2019-01-04
8175,Apex Ventures LLC 2,Mid-Market,Professional Services,21,2021-12-20
8176,Harbor Consulting Inc. 3,Mid-Market,Manufacturing,30,2021-07-19
8177,Palisade Solutions Inc. 2,Mid-Market,Technology,9,2021-09-17
8178,Delta Consulting Corp. 3,Mid-Market,Education,8,2024-11-26
8179,Cascade Retail Inc. 2,SMB,Retail,21,2024-09-29
8180,Vertex Foods Inc. 3,SMB,Finance,28,2023-08-23
8181,Delta Retail LLC 4,Mid-Market,Healthcare,9,2023-10-28
8182,Summit Technologies Co. 1,SMB,Professional Services,26,2024-08-15
8183,Vertex Holdings Corp. 2,SMB,Manufacturing,10,2021-09-11
8184,Nova Retail LLC 4,SMB,Technology,20,2022-02-25
8185,Apex Health Inc. 1,Mid-Market,Healthcare,7,2020-09-17
8186,Ironclad Logistics Ltd. 3,Enterprise,Healthcare,8,2020-08-31
8187,Horizon Retail LLC 2,SMB,Finance,30,2025-07-16
8188,Harbor Ventures Co. 4,SMB,Finance,12,2024-04-28
8189,Granite Holdings Inc. 5,Mid-Market,Manufacturing,1,2022-03-03
8190,Vertex Logistics Ltd.,SMB,Finance,24,2019-04-10
8191,Delta Dynamics Ltd. 2,Mid-Market,Retail,4,2024-03-13
8192,Summit Materials LLC,SMB,Manufacturing,4,2025-08-21
8193,Crestline Partners LLC 5,Mid-Market,Professional Services,26,2025-06-26
8194,Sterling Technologies Co. 2,SMB,Education,11,2023-12-31
8195,Horizon Enterprises Ltd. 4,Mid-Market,Finance,5,2023-07-14
8196,Apex Enterprises Inc. 1,Enterprise,Technology,30,2019-11-05
8197,Nova Retail Corp. 2,SMB,Retail,9,2019-08-07
8198,Sterling Systems Ltd. 1,Mid-Market,Finance,19,2020-11-08
8199,Horizon Retail LLC 3,SMB,Professional Services,8,2022-12-11
8200,Prime Holdings Ltd. 4,SMB,Finance,18,2025-05-23
8201,Horizon Technologies Ltd. 4,Mid-Market,Finance,21,2025-02-04
8202,Falcon Networks LLC,Mid-Market,Finance,23,2021-02-21
8203,Falcon Manufacturing Inc. 4,SMB,Professional Services,13,2021-07-25
8204,Delta Health Inc. 1,SMB,Technology,19,2021-03-04
8205,Global Logistics Ltd. 3,SMB,Professional Services,26,2022-09-17
8206,Prime Solutions Ltd. 3,Enterprise,Healthcare,26,2024-08-29
8207,Falcon Enterprises LLC 2,SMB,Education,23,2024-06-24
8208,Ironclad Health Corp. 5,SMB,Manufacturing,12,2025-03-15
8209,Summit Analytics Corp. 3,SMB,Manufacturing,16,2022-08-26
8210,Prime Holdings Co. 5,Mid-Market,Healthcare,30,2023-08-10
8211,Delta Consulting Corp. 4,Enterprise,Education,8,2025-09-04
8212,Falcon Analytics Corp. 3,SMB,Retail,21,2023-09-23
8213,Meridian Group Corp. 1,SMB,Manufacturing,24,2020-03-03
8214,Nova Logistics Inc. 2,Mid-Market,Manufacturing,15,2021-04-15
8215,Apex Partners Ltd. 2,SMB,Retail,26,2019-07-13
8216,Horizon Technologies Co. 2,Mid-Market,Manufacturing,13,2019-10-10
8217,Catalyst Retail Inc. 1,Mid-Market,Professional Services,26,2022-06-11
8218,Delta Partners Inc. 5,Enterprise,Technology,20,2024-03-02
8219,Prime Partners Corp. 4,Mid-Market,Healthcare,2,2020-04-27
8220,Insight Solutions Ltd. 2,Enterprise,Education,25,2021-03-28
8221,Falcon Networks Inc. 1,Mid-Market,Education,21,2021-05-10
8222,Insight Consulting Ltd. 6,Enterprise,Finance,7,2024-11-17
8223,Beacon Financial LLC,SMB,Manufacturing,22,2020-04-15
8224,Brightpath Materials Inc. 4,SMB,Technology,16,2019-03-29
8225,Insight Retail Inc. 1,SMB,Healthcare,29,2023-05-14
8226,Palisade Financial Corp. 2,Mid-Market,Professional Services,10,2022-09-08
8227,Delta Ventures Corp. 6,SMB,Retail,8,2019-01-07
8228,Meridian Retail Corp. 2,Mid-Market,Technology,2,2024-05-08
8229,Prime Partners Ltd. 2,SMB,Education,24,2021-12-19
8230,Brightpath Analytics Co. 3,SMB,Finance,30,2022-11-01
8231,Meridian Consulting Co. 6,Mid-Market,Manufacturing,21,2023-09-11
8232,Bluepeak Enterprises Ltd. 4,Enterprise,Education,12,2019-05-12
8233,Palisade Consulting Corp. 6,SMB,Education,27,2020-03-17
8234,Union Analytics LLC 3,SMB,Technology,8,2022-03-29
8235,Northwind Networks Ltd. 4,SMB,Finance,21,2020-03-15
8236,Prime Foods Ltd. 6,SMB,Healthcare,18,2019-10-25
8237,Ironclad Systems Co. 2,SMB,Professional Services,26,2021-04-10
8238,Northwind Partners Ltd. 2,Mid-Market,Education,30,2021-12-26
8239,Prime Dynamics Inc. 4,SMB,Retail,11,2024-12-12
8240,Horizon Foods Corp. 3,Mid-Market,Technology,3,2023-03-01
8241,Sterling Logistics Ltd. 2,Mid-Market,Education,5,2025-07-03
8242,Meridian Health Co. 2,Mid-Market,Manufacturing,23,2022-03-14
8243,Bluepeak Financial LLC 6,SMB,Healthcare,11,2022-04-22
8244,Pioneer Enterprises Co. 3,SMB,Manufacturing,5,2021-03-07
8245,Summit Analytics LLC 4,Mid-Market,Manufacturing,25,2019-07-28
8246,Palisade Holdings LLC 4,Mid-Market,Finance,20,2020-03-15
8247,Insight Solutions Co. 2,Mid-Market,Professional Services,4,2019-06-23
8248,Northwind Enterprises Inc. 4,SMB,Professional Services,22,2023-12-04
8249,Everest Partners LLC 4,SMB,Technology,20,2021-06-11
8250,Union Analytics Co. 6,Mid-Market,Professional Services,30,2019-03-22
8251,Northwind Logistics Co. 3,Mid-Market,Finance,30,2024-04-06
8252,Brightpath Solutions Inc. 4,SMB,Education,30,2020-10-13
8253,Pioneer Enterprises Co. 4,Mid-Market,Education,27,2025-04-02
8254,Bluepeak Networks Corp. 1,SMB,Retail,24,2024-10-04
8255,Beacon Systems Co. 3,Enterprise,Education,21,2021-02-15
8256,Everest Logistics Corp. 5,Mid-Market,Retail,17,2020-08-25
8257,Horizon Health Corp. 3,Mid-Market,Education,24,2025-12-13
8258,Granite Retail LLC 2,SMB,Finance,29,2024-09-26
8259,Union Health Corp. 2,Mid-Market,Education,4,2025-06-26
8260,Horizon Retail Corp. 1,Mid-Market,Professional Services,5,2019-02-13
8261,Catalyst Health Corp. 4,SMB,Professional Services,15,2023-03-10
8262,Falcon Industries LLC 8,SMB,Healthcare,9,2020-11-12
8263,Crestline Networks Corp. 5,Mid-Market,Manufacturing,16,2021-08-15
8264,Pioneer Logistics Inc. 2,Enterprise,Manufacturing,10,2019-08-21
8265,Crestline Foods Co. 2,SMB,Retail,24,2024-03-27
8266,Beacon Dynamics Corp. 3,Mid-Market,Retail,27,2022-09-05
8267,Summit Analytics LLC 5,SMB,Education,9,2024-07-17
8268,Crestline Materials Co. 3,Mid-Market,Manufacturing,24,2019-10-25
8269,Northwind Logistics Corp. 3,Enterprise,Retail,4,2025-12-24
8270,Global Holdings Ltd. 2,Mid-Market,Professional Services,24,2021-06-09
8271,Brightpath Industries Co. 1,SMB,Technology,21,2025-08-28
8272,Delta Networks Co. 2,Mid-Market,Retail,22,2023-09-26
8273,Nova Technologies LLC 3,Mid-Market,Finance,15,2019-10-06
8274,Falcon Consulting Corp. 5,Mid-Market,Professional Services,4,2024-06-21
8275,Harbor Holdings Co. 2,SMB,Manufacturing,26,2022-12-04
8276,Falcon Retail Corp. 2,Enterprise,Retail,4,2020-04-27
8277,Anchor Retail LLC 4,SMB,Education,15,2020-04-23
8278,Orbit Foods Corp. 1,SMB,Healthcare,6,2025-09-02
8279,Horizon Ventures Inc. 2,Mid-Market,Manufacturing,26,2025-12-27
8280,Granite Solutions Co. 3,SMB,Education,18,2023-01-12
8281,Redwood Financial Corp. 7,SMB,Education,16,2020-04-23
8282,Orbit Industries LLC 3,Mid-Market,Healthcare,10,2021-05-19
8283,Cascade Manufacturing Corp. 1,Enterprise,Education,24,2020-06-25
8284,Horizon Foods Inc. 2,Mid-Market,Healthcare,7,2023-04-02
8285,Cascade Industries Ltd. 5,Mid-Market,Healthcare,22,2021-10-20
8286,Catalyst Enterprises Corp. 8,SMB,Education,30,2021-08-24
8287,Ironclad Enterprises Inc. 2,SMB,Retail,8,2024-08-10
8288,Cascade Technologies Corp. 2,SMB,Manufacturing,21,2025-09-28
8289,Pioneer Solutions Inc. 1,Mid-Market,Manufacturing,10,2020-05-18
8290,Meridian Health LLC 2,Mid-Market,Professional Services,28,2021-11-25
8291,Horizon Health Co. 3,Enterprise,Healthcare,27,2022-10-03
8292,Cascade Industries Ltd. 6,SMB,Finance,10,2020-09-20
8293,Nova Group Corp. 1,Enterprise,Manufacturing,7,2021-10-24
8294,Harbor Dynamics Corp.,SMB,Education,3,2019-05-23
8295,Vertex Technologies Corp. 1,SMB,Manufacturing,21,2019-04-16
8296,Pioneer Industries Inc. 3,Mid-Market,Education,28,2024-07-02
8297,Sterling Logistics LLC 2,SMB,Education,5,2021-05-16
8298,Bluepeak Networks Co. 3,SMB,Professional Services,25,2023-12-14
8299,Insight Foods Co. 5,SMB,Manufacturing,23,2019-07-31
8300,Meridian Group Inc. 4,Mid-Market,Manufacturing,15,2023-09-11
8301,Sterling Logistics Co. 3,Mid-Market,Technology,7,2023-07-29
8302,Everest Partners Inc. 5,SMB,Technology,20,2024-09-30
8303,Insight Systems Corp. 5,Enterprise,Manufacturing,18,2020-06-06
8304,Delta Analytics Co. 3,SMB,Education,25,2022-11-09
8305,Brightpath Analytics LLC 2,Mid-Market,Education,17,2025-04-22
8306,Delta Ventures Co. 4,SMB,Finance,2,2020-07-16
8307,Crestline Systems Co. 3,SMB,Manufacturing,7,2019-11-16
8308,Falcon Ventures Corp. 4,Enterprise,Education,12,2021-05-31
8309,Falcon Consulting Co. 2,Mid-Market,Finance,15,2025-10-03
8310,Cascade Networks Inc.,SMB,Healthcare,11,2020-02-07
8311,Apex Consulting Corp. 5,Mid-Market,Professional Services,27,2019-11-02
8312,Palisade Solutions LLC 3,SMB,Manufacturing,9,2025-12-25
8313,Pioneer Holdings Ltd. 3,SMB,Healthcare,21,2021-10-01
8314,Global Solutions LLC 2,Mid-Market,Healthcare,11,2020-01-17
8315,Harbor Networks Corp. 5,SMB,Finance,30,2022-11-28
8316,Brightpath Retail Ltd. 2,SMB,Healthcare,28,2019-02-05
8317,Sterling Systems LLC 6,SMB,Manufacturing,24,2021-12-23
8318,Falcon Networks Co. 2,Enterprise,Education,23,2019-04-03
8319,Granite Group Ltd.,Enterprise,Education,20,2022-12-16
8320,Harbor Health LLC 2,Enterprise,Professional Services,18,2023-05-16
8321,Pioneer Consulting Ltd. 2,SMB,Education,17,2019-01-10
8322,Northwind Holdings LLC 1,SMB,Finance,1,2022-08-03
8323,Catalyst Group Corp. 2,SMB,Technology,29,2025-08-12
8324,Global Manufacturing Ltd. 3,Mid-Market,Healthcare,30,2021-10-14
8325,Prime Systems Co. 2,SMB,Education,16,2025-09-05
8326,Redwood Industries LLC 4,SMB,Finance,27,2025-09-28
8327,Bluepeak Ventures Corp. 4,SMB,Education,13,2020-09-06
8328,Vertex Foods Corp. 1,Enterprise,Manufacturing,4,2023-01-15
8329,Falcon Analytics Co. 4,SMB,Professional Services,26,2024-10-23
8330,Orbit Technologies Co. 3,Mid-Market,Manufacturing,16,2023-12-18
8331,Meridian Retail LLC 4,Mid-Market,Professional Services,29,2024-04-26
8332,Sterling Holdings Inc. 2,SMB,Healthcare,7,2020-10-28
8333,Palisade Retail Co. 5,Mid-Market,Education,15,2025-06-04
8334,Silverline Group Inc. 3,Mid-Market,Manufacturing,21,2020-08-25
8335,Falcon Enterprises LLC 3,SMB,Healthcare,5,2023-07-07
8336,Crestline Financial Inc. 1,SMB,Healthcare,30,2025-03-11
8337,Falcon Networks Inc. 2,Enterprise,Finance,19,2021-07-07
8338,Falcon Ventures Inc. 1,SMB,Healthcare,6,2022-11-12
8339,Global Manufacturing Ltd. 4,Mid-Market,Professional Services,23,2023-10-31
8340,Beacon Industries Corp. 3,Enterprise,Healthcare,27,2025-07-01
8341,Nova Materials Inc. 4,Mid-Market,Retail,12,2022-02-19
8342,Silverline Dynamics Ltd. 2,SMB,Manufacturing,19,2019-12-29
8343,Granite Enterprises Inc. 3,Mid-Market,Manufacturing,23,2019-06-16
8344,Vertex Partners Corp. 2,Mid-Market,Retail,5,2019-02-24
8345,Ironclad Financial Ltd. 2,SMB,Professional Services,16,2022-05-03
8346,Catalyst Manufacturing Corp. 3,SMB,Professional Services,17,2022-10-26
8347,Silverline Consulting LLC 5,SMB,Professional Services,10,2019-08-09
8348,Apex Logistics Co. 3,SMB,Manufacturing,9,2020-04-07
8349,Summit Partners Co. 3,Mid-Market,Education,19,2020-11-11
8350,Redwood Manufacturing Co. 5,Mid-Market,Healthcare,23,2025-03-28
8351,Global Materials Inc. 1,Mid-Market,Professional Services,12,2019-09-11
8352,Global Industries LLC 3,SMB,Healthcare,5,2022-06-05
8353,Harbor Technologies LLC 5,Enterprise,Technology,24,2024-07-09
8354,Redwood Technologies Inc. 2,Mid-Market,Education,6,2025-02-02
8355,Silverline Health LLC,Mid-Market,Education,1,2023-11-07
8356,Pioneer Manufacturing LLC 2,Mid-Market,Technology,10,2020-11-09
8357,Catalyst Partners Corp. 1,SMB,Professional Services,25,2019-11-07
8358,Redwood Technologies Ltd. 1,SMB,Technology,23,2020-02-08
8359,Horizon Ventures Corp. 2,Mid-Market,Technology,10,2024-05-22
8360,Beacon Logistics Ltd. 3,SMB,Professional Services,16,2021-01-27
8361,Prime Consulting LLC 4,SMB,Healthcare,29,2021-05-13
8362,Redwood Analytics Corp.,Mid-Market,Healthcare,22,2020-03-24
8363,Ironclad Industries LLC 4,Mid-Market,Education,23,2022-01-15
8364,Crestline Ventures Inc. 2,SMB,Retail,3,2021-05-05
8365,Falcon Analytics Inc. 6,Enterprise,Manufacturing,8,2021-07-01
8366,Anchor Group Inc. 4,SMB,Professional Services,4,2019-03-28
8367,Crestline Partners Ltd. 6,SMB,Technology,30,2022-03-28
8368,Nova Manufacturing Inc. 2,SMB,Professional Services,11,2019-10-13
8369,Northwind Dynamics Corp. 1,SMB,Healthcare,15,2022-10-01
8370,Orbit Health Inc. 2,SMB,Retail,17,2023-09-07
8371,Ironclad Industries LLC 5,SMB,Finance,16,2022-10-27
8372,Meridian Technologies LLC 5,Mid-Market,Finance,2,2020-01-10
8373,Summit Foods LLC,SMB,Finance,28,2023-04-25
8374,Palisade Ventures Corp. 1,SMB,Manufacturing,12,2021-11-21
8375,Cascade Retail Co. 2,SMB,Professional Services,28,2021-07-07
8376,Bluepeak Systems Ltd.,SMB,Technology,23,2020-01-16
8377,Ironclad Solutions LLC 3,Mid-Market,Retail,21,2025-12-16
8378,Everest Foods Co. 3,SMB,Professional Services,22,2021-09-30
8379,Global Foods Co. 2,SMB,Education,30,2022-03-12
8380,Harbor Foods Ltd. 2,SMB,Professional Services,10,2019-08-30
8381,Sterling Retail LLC 2,SMB,Technology,10,2023-09-23
8382,Ironclad Holdings Inc. 2,SMB,Finance,21,2020-12-23
8383,Summit Industries Co.,SMB,Finance,7,2024-03-06
8384,Anchor Group Co. 6,Mid-Market,Manufacturing,25,2019-06-21
8385,Anchor Financial Corp. 4,Enterprise,Finance,1,2021-01-28
8386,Ironclad Logistics Corp. 2,SMB,Healthcare,27,2024-03-20
8387,Delta Systems Corp. 3,SMB,Education,11,2021-10-09
8388,Everest Analytics Co. 3,SMB,Healthcare,1,2019-03-29
8389,Everest Foods LLC 2,Mid-Market,Professional Services,19,2024-07-11
8390,Northwind Solutions Ltd. 4,Enterprise,Technology,9,2025-10-04
8391,Palisade Manufacturing Co. 1,Mid-Market,Finance,10,2021-08-20
8392,Summit Analytics LLC 6,SMB,Retail,15,2023-05-08
8393,Ironclad Financial LLC 4,SMB,Professional Services,18,2021-08-10
8394,Nova Consulting Inc. 1,SMB,Education,5,2022-11-19
8395,Northwind Partners Ltd. 3,Mid-Market,Technology,2,2024-03-02
8396,Palisade Health LLC 2,SMB,Education,14,2023-06-06
8397,Meridian Dynamics Inc. 2,SMB,Finance,11,2021-03-15
8398,Everest Consulting Corp. 3,Mid-Market,Professional Services,18,2020-05-13
8399,Apex Foods Corp. 1,SMB,Education,23,2022-10-23
8400,Insight Logistics Inc. 5,SMB,Healthcare,19,2023-08-13
8401,Anchor Analytics Ltd. 2,Enterprise,Finance,4,2023-01-08
8402,Meridian Foods Corp. 4,Enterprise,Education,30,2021-06-26
8403,Global Consulting Corp. 7,SMB,Professional Services,22,2024-03-18
8404,Summit Networks LLC 5,SMB,Retail,2,2020-01-11
8405,Meridian Consulting Ltd. 2,SMB,Healthcare,23,2025-03-07
8406,Brightpath Networks Ltd. 1,SMB,Finance,27,2022-04-07
8407,Redwood Ventures Ltd. 4,Mid-Market,Education,18,2024-07-15
8408,Crestline Industries LLC 2,SMB,Retail,25,2021-05-21
8409,Sterling Systems Corp. 6,SMB,Healthcare,27,2021-07-07
8410,Union Enterprises LLC 1,Mid-Market,Healthcare,29,2025-10-07
8411,Bluepeak Solutions LLC 2,SMB,Healthcare,29,2022-12-21
8412,Northwind Analytics Co. 2,Mid-Market,Manufacturing,6,2019-09-18
8413,Orbit Technologies LLC 4,Mid-Market,Manufacturing,2,2025-09-13
8414,Beacon Enterprises LLC 3,Mid-Market,Manufacturing,20,2021-08-16
8415,Brightpath Technologies Ltd. 3,SMB,Professional Services,21,2023-12-21
8416,Pioneer Health Ltd.,Enterprise,Retail,18,2019-11-25
8417,Granite Foods LLC 4,Mid-Market,Retail,8,2024-12-26
8418,Horizon Systems Inc. 1,SMB,Finance,29,2025-09-17
8419,Palisade Dynamics Ltd. 2,Enterprise,Retail,13,2021-09-05
8420,Global Health Co. 2,SMB,Professional Services,23,2020-01-05
8421,Prime Enterprises Inc. 2,SMB,Technology,19,2022-11-26
8422,Ironclad Foods LLC 1,Enterprise,Finance,27,2020-02-18
8423,Everest Industries Co. 1,Mid-Market,Technology,22,2022-02-04
8424,Ironclad Networks Ltd. 3,SMB,Healthcare,20,2023-05-11
8425,Summit Retail Ltd. 2,Mid-Market,Technology,26,2019-12-23
8426,Harbor Technologies LLC 6,Enterprise,Retail,2,2025-08-20
8427,Crestline Systems Corp. 2,SMB,Education,22,2023-12-09
8428,Bluepeak Analytics Inc. 3,SMB,Professional Services,18,2021-07-12
8429,Pioneer Industries Co. 2,SMB,Healthcare,24,2021-11-28
8430,Palisade Partners Corp. 2,SMB,Retail,7,2024-12-07
8431,Orbit Foods Ltd. 1,SMB,Finance,18,2022-05-01
8432,Horizon Retail Co. 1,SMB,Finance,9,2025-11-27
8433,Sterling Solutions Inc. 8,SMB,Retail,4,2019-06-08
8434,Vertex Enterprises Co.,SMB,Retail,18,2020-11-24
8435,Redwood Materials LLC 4,SMB,Retail,1,2022-08-18
8436,Sterling Dynamics LLC 1,SMB,Technology,3,2019-12-14
8437,Delta Dynamics Corp. 6,Mid-Market,Finance,16,2021-06-29
8438,Palisade Logistics LLC 4,SMB,Healthcare,27,2022-08-22
8439,Brightpath Materials LLC 3,SMB,Technology,22,2020-10-29
8440,Summit Systems Ltd. 2,Mid-Market,Technology,1,2020-02-25
8441,Horizon Industries LLC,Mid-Market,Manufacturing,4,2020-11-16
8442,Brightpath Solutions Ltd. 1,SMB,Technology,13,2019-07-31
8443,Ironclad Partners LLC 3,Mid-Market,Education,13,2020-05-15
8444,Ironclad Group LLC 3,Enterprise,Technology,2,2019-06-05
8445,Beacon Enterprises Inc. 4,Mid-Market,Healthcare,8,2025-08-31
8446,Granite Partners Co. 3,Mid-Market,Professional Services,4,2020-02-16
8447,Redwood Consulting Inc. 2,SMB,Retail,18,2019-01-04
8448,Nova Partners Corp. 3,Mid-Market,Manufacturing,20,2025-09-13
8449,Orbit Foods LLC 3,Mid-Market,Technology,12,2024-04-22
8450,Prime Partners Co.,SMB,Technology,18,2020-11-13
8451,Redwood Holdings Inc. 3,Enterprise,Professional Services,7,2025-02-24
8452,Brightpath Retail Corp. 8,Mid-Market,Education,26,2025-02-05
8453,Ironclad Ventures Corp. 5,SMB,Professional Services,1,2024-03-08
8454,Brightpath Systems Co. 7,SMB,Education,16,2023-02-22
8455,Northwind Technologies Inc. 4,SMB,Technology,10,2023-02-03
8456,Vertex Systems Co. 1,SMB,Education,14,2025-10-12
8457,Everest Materials Inc. 2,SMB,Manufacturing,16,2022-04-03
8458,Meridian Consulting LLC 3,Enterprise,Retail,20,2024-08-28
8459,Horizon Health Co. 4,SMB,Finance,28,2019-10-15
8460,Insight Partners LLC 1,SMB,Education,17,2023-11-27
8461,Global Systems Corp. 3,Mid-Market,Education,7,2025-12-04
8462,Bluepeak Enterprises LLC 8,SMB,Professional Services,16,2019-01-26
8463,Beacon Industries Co. 3,Mid-Market,Manufacturing,16,2020-10-21
8464,Meridian Solutions Inc. 2,SMB,Healthcare,26,2024-06-29
8465,Everest Materials Co. 2,SMB,Retail,17,2024-02-19
8466,Bluepeak Dynamics LLC 4,SMB,Manufacturing,27,2024-02-20
8467,Sterling Retail Corp. 3,Mid-Market,Healthcare,20,2025-11-16
8468,Meridian Logistics LLC 2,SMB,Education,18,2019-09-03
8469,Silverline Consulting Ltd. 4,SMB,Technology,10,2023-09-22
8470,Silverline Foods Ltd. 2,Enterprise,Finance,8,2023-06-27
8471,Insight Enterprises Inc. 4,Enterprise,Retail,3,2020-06-09
8472,Beacon Partners LLC 3,SMB,Professional Services,17,2020-06-28
8473,Cascade Materials Ltd. 2,Mid-Market,Retail,28,2023-07-20
8474,Meridian Foods Corp. 5,SMB,Professional Services,1,2023-07-31
8475,Meridian Group Corp. 2,SMB,Education,29,2023-03-14
8476,Beacon Foods LLC 1,Mid-Market,Healthcare,26,2022-03-26
8477,Brightpath Financial Ltd.,SMB,Education,14,2023-10-23
8478,Ironclad Technologies Co. 2,Mid-Market,Finance,10,2021-04-02
8479,Meridian Foods Inc. 1,SMB,Retail,18,2020-08-25
8480,Cascade Industries Ltd. 7,SMB,Healthcare,26,2023-03-02
8481,Ironclad Retail Co. 2,Mid-Market,Manufacturing,1,2023-04-27
8482,Delta Retail LLC 5,SMB,Retail,14,2024-09-07
8483,Harbor Retail Corp. 2,SMB,Professional Services,2,2021-11-29
8484,Summit Partners Corp. 1,SMB,Professional Services,20,2024-05-07
8485,Prime Health Ltd. 2,Mid-Market,Education,3,2025-06-03
8486,Palisade Manufacturing Ltd. 5,SMB,Manufacturing,10,2021-12-23
8487,Nova Industries Co. 4,SMB,Professional Services,23,2022-10-18
8488,Union Foods Corp. 4,Mid-Market,Technology,23,2025-05-15
8489,Meridian Health Co. 3,SMB,Professional Services,7,2021-02-06
8490,Vertex Partners Corp. 3,Enterprise,Healthcare,16,2024-01-22
8491,Redwood Holdings LLC 1,SMB,Finance,6,2023-01-15
8492,Redwood Manufacturing Ltd. 3,Mid-Market,Professional Services,18,2021-11-24
8493,Anchor Dynamics Corp. 2,SMB,Education,1,2025-01-17
8494,Delta Consulting Ltd. 1,Mid-Market,Education,25,2020-02-05
8495,Harbor Dynamics Ltd. 2,Enterprise,Retail,1,2019-04-01
8496,Orbit Holdings Inc. 2,SMB,Retail,19,2020-06-13
8497,Palisade Holdings Corp. 1,SMB,Healthcare,13,2025-02-17
8498,Catalyst Ventures Inc. 4,SMB,Professional Services,7,2021-05-28
8499,Insight Networks Corp. 6,SMB,Retail,17,2023-10-15
8500,Sterling Systems Ltd. 2,Mid-Market,Retail,5,2020-08-13
8501,Prime Logistics Ltd. 3,SMB,Finance,18,2022-06-08
8502,Bluepeak Materials Inc. 3,Enterprise,Professional Services,20,2022-08-29
8503,Horizon Solutions Co. 2,Mid-Market,Manufacturing,14,2020-09-19
8504,Vertex Holdings Ltd. 3,SMB,Healthcare,11,2021-09-17
8505,Northwind Dynamics LLC 4,SMB,Healthcare,14,2020-10-31
8506,Silverline Health Corp. 4,Mid-Market,Retail,29,2019-09-15
8507,Catalyst Partners Inc. 1,Enterprise,Education,23,2022-01-08
8508,Crestline Foods LLC 1,SMB,Healthcare,1,2022-12-11
8509,Vertex Ventures Ltd. 2,Enterprise,Retail,9,2019-08-19
8510,Pioneer Financial Co. 3,Mid-Market,Professional Services,1,2021-07-03
8511,Vertex Manufacturing Corp. 2,Mid-Market,Manufacturing,8,2022-03-28
8512,Meridian Partners LLC,Enterprise,Professional Services,24,2025-07-11
8513,Meridian Analytics Co. 5,Mid-Market,Healthcare,26,2023-04-09
8514,Cascade Industries Corp. 1,SMB,Finance,14,2025-08-05
8515,Northwind Materials Ltd. 1,Mid-Market,Manufacturing,21,2022-09-02
8516,Orbit Holdings Ltd. 4,SMB,Finance,12,2024-08-15
8517,Sterling Ventures LLC 1,SMB,Technology,15,2019-09-04
8518,Summit Manufacturing Inc. 5,SMB,Manufacturing,25,2022-12-13
8519,Falcon Holdings Ltd. 3,SMB,Finance,9,2021-06-21
8520,Northwind Enterprises Co. 3,SMB,Healthcare,10,2024-02-05
8521,Nova Logistics Co. 3,SMB,Finance,5,2025-02-21
8522,Vertex Materials Co.,SMB,Finance,7,2023-12-26
8523,Ironclad Enterprises LLC 4,SMB,Professional Services,2,2019-08-14
8524,Redwood Industries Co. 5,SMB,Manufacturing,25,2023-05-07
8525,Apex Industries Inc. 3,SMB,Finance,26,2024-03-16
8526,Silverline Ventures LLC 5,Enterprise,Finance,13,2019-03-18
8527,Horizon Retail Ltd. 3,SMB,Retail,18,2020-03-09
8528,Granite Networks LLC 1,SMB,Healthcare,8,2023-10-05
8529,Northwind Industries Inc. 4,Mid-Market,Professional Services,2,2021-03-15
8530,Insight Technologies Inc. 3,SMB,Finance,16,2019-06-08
8531,Brightpath Financial Co. 1,Mid-Market,Finance,5,2025-03-23
8532,Harbor Analytics Corp. 5,Mid-Market,Technology,26,2025-08-30
8533,Ironclad Systems Inc. 4,SMB,Professional Services,9,2021-08-12
8534,Pioneer Group Ltd. 3,Mid-Market,Manufacturing,23,2025-12-12
8535,Sterling Analytics LLC 2,Mid-Market,Technology,8,2024-12-29
8536,Silverline Consulting LLC 6,Mid-Market,Healthcare,4,2022-11-21
8537,Delta Group Co. 3,SMB,Finance,17,2024-03-24
8538,Cascade Ventures Corp. 3,Mid-Market,Education,6,2025-07-21
8539,Vertex Health Inc. 4,SMB,Technology,12,2024-02-03
8540,Pioneer Health Co. 1,SMB,Technology,9,2021-05-12
8541,Beacon Foods Inc. 3,SMB,Manufacturing,27,2020-05-08
8542,Horizon Dynamics Ltd. 2,SMB,Manufacturing,16,2022-01-08
8543,Palisade Systems Inc. 3,SMB,Professional Services,22,2020-04-22
8544,Nova Dynamics LLC 5,Mid-Market,Education,18,2019-02-25
8545,Apex Systems Co. 2,SMB,Retail,28,2022-03-11
8546,Anchor Manufacturing Inc. 1,SMB,Finance,14,2021-04-21
8547,Bluepeak Consulting Co. 3,Enterprise,Retail,26,2019-09-01
8548,Brightpath Partners LLC 2,Mid-Market,Retail,27,2025-02-05
8549,Global Solutions LLC 3,SMB,Healthcare,28,2019-11-11
8550,Vertex Logistics Co. 3,Mid-Market,Finance,21,2023-05-31
8551,Apex Systems Ltd. 3,SMB,Professional Services,30,2022-12-26
8552,Crestline Group LLC 1,Mid-Market,Manufacturing,23,2025-11-07
8553,Crestline Financial Ltd.,SMB,Manufacturing,10,2020-10-10
8554,Cascade Health Corp. 2,Enterprise,Education,5,2020-08-24
8555,Prime Consulting Inc. 1,SMB,Healthcare,7,2023-05-23
8556,Orbit Dynamics LLC 4,Mid-Market,Healthcare,18,2022-11-27
8557,Granite Systems LLC 4,Enterprise,Professional Services,5,2024-09-05
8558,Apex Ventures Corp. 2,Mid-Market,Education,8,2020-03-18
8559,Falcon Enterprises Co. 3,Mid-Market,Finance,19,2021-02-07
8560,Meridian Analytics Corp.,SMB,Professional Services,10,2019-01-13
8561,Brightpath Technologies Inc. 1,SMB,Finance,21,2024-01-19
8562,Palisade Foods Ltd. 4,Enterprise,Retail,30,2021-04-11
8563,Beacon Foods Corp. 3,SMB,Technology,3,2020-08-26
8564,Harbor Networks LLC 4,Mid-Market,Retail,20,2023-03-27
8565,Insight Systems LLC 2,Enterprise,Healthcare,25,2020-10-05
8566,Apex Enterprises Ltd. 3,SMB,Healthcare,5,2019-05-26
8567,Meridian Dynamics Corp. 3,SMB,Education,24,2020-08-26
8568,Ironclad Materials Corp. 1,SMB,Healthcare,16,2024-12-11
8569,Redwood Holdings Inc. 4,Mid-Market,Manufacturing,19,2023-03-02
8570,Insight Systems Inc. 2,Mid-Market,Professional Services,2,2022-04-19
8571,Sterling Financial LLC 5,SMB,Professional Services,14,2022-06-10
8572,Meridian Holdings Ltd. 2,Enterprise,Manufacturing,12,2025-12-23
8573,Granite Industries Inc. 1,Mid-Market,Technology,5,2019-03-22
8574,Anchor Retail Inc. 1,SMB,Finance,23,2020-02-17
8575,Catalyst Analytics Co. 5,SMB,Retail,16,2025-01-21
8576,Union Group LLC 1,Mid-Market,Finance,27,2022-09-29
8577,Summit Enterprises Inc. 3,Mid-Market,Education,5,2025-12-18
8578,Insight Ventures Co. 3,SMB,Professional Services,22,2023-10-15
8579,Anchor Foods Corp. 1,Mid-Market,Retail,19,2024-01-24
8580,Nova Dynamics Inc. 3,Mid-Market,Retail,20,2023-01-21
8581,Prime Holdings Corp. 1,Mid-Market,Manufacturing,10,2019-02-14
8582,Bluepeak Systems Inc. 4,SMB,Healthcare,21,2025-05-09
8583,Prime Retail LLC 5,SMB,Retail,8,2022-08-29
8584,Union Foods Co.,Enterprise,Professional Services,23,2019-01-24
8585,Ironclad Financial Ltd. 3,Enterprise,Retail,14,2020-06-20
8586,Horizon Analytics Corp. 2,SMB,Education,15,2021-06-14
8587,Palisade Holdings LLC 5,SMB,Professional Services,18,2021-01-01
8588,Crestline Holdings Corp. 3,SMB,Finance,3,2019-03-12
8589,Nova Holdings Ltd. 3,Mid-Market,Finance,12,2020-12-17
8590,Harbor Enterprises Ltd. 2,SMB,Professional Services,7,2025-04-09
8591,Northwind Financial Corp. 1,SMB,Manufacturing,29,2023-02-14
8592,Horizon Ventures Inc. 3,SMB,Education,13,2021-04-15
8593,Anchor Networks Co.,Mid-Market,Retail,1,2019-08-14
8594,Beacon Analytics LLC 3,SMB,Technology,1,2024-04-04
8595,Nova Foods Co. 4,Mid-Market,Finance,28,2024-01-11
8596,Summit Networks Co. 5,Enterprise,Finance,5,2019-01-07
8597,Everest Foods LLC 3,Mid-Market,Healthcare,1,2025-12-14
8598,Redwood Systems Corp. 1,SMB,Education,7,2020-11-10
8599,Orbit Partners Ltd. 4,Mid-Market,Professional Services,7,2020-11-01
8600,Meridian Technologies LLC 6,SMB,Professional Services,3,2021-02-08
8601,Brightpath Technologies Ltd. 4,SMB,Healthcare,30,2025-09-24
8602,Palisade Holdings Corp. 2,SMB,Manufacturing,2,2024-11-19
8603,Apex Dynamics Co. 1,Enterprise,Healthcare,22,2023-06-17
8604,Prime Analytics Co. 2,SMB,Technology,26,2022-06-17
8605,Harbor Manufacturing Co. 2,Enterprise,Retail,20,2021-04-15
8606,Vertex Networks LLC 4,Mid-Market,Professional Services,4,2021-05-06
8607,Granite Enterprises Ltd. 2,Mid-Market,Technology,22,2025-01-13
8608,Meridian Technologies Ltd. 4,Mid-Market,Retail,10,2023-10-08
8609,Vertex Analytics Corp. 3,SMB,Technology,13,2021-11-05
8610,Brightpath Materials Inc. 5,Enterprise,Education,8,2025-12-14
8611,Sterling Logistics LLC 3,Mid-Market,Technology,24,2020-03-29
8612,Bluepeak Foods Corp. 2,SMB,Manufacturing,18,2019-07-15
8613,Catalyst Foods Co. 3,Enterprise,Technology,5,2021-07-29
8614,Summit Foods Co. 1,Mid-Market,Finance,13,2025-11-14
8615,Pioneer Solutions Co. 3,Mid-Market,Manufacturing,24,2019-03-03
8616,Union Industries Co. 3,Mid-Market,Manufacturing,29,2019-07-27
8617,Brightpath Networks Inc. 3,SMB,Education,29,2021-05-22
8618,Palisade Industries Co. 2,Mid-Market,Professional Services,5,2025-11-28
8619,Everest Systems Corp. 3,Mid-Market,Finance,26,2021-05-27
8620,Granite Solutions Inc. 5,SMB,Professional Services,17,2023-09-30
8621,Redwood Solutions Inc. 2,Mid-Market,Finance,23,2025-01-17
8622,Redwood Partners LLC 4,SMB,Technology,12,2023-09-10
8623,Granite Partners LLC 5,SMB,Retail,20,2019-08-18
8624,Harbor Foods Inc. 3,Enterprise,Education,8,2020-01-15
8625,Summit Health LLC 4,Mid-Market,Finance,16,2020-10-23
8626,Redwood Technologies Corp. 1,Mid-Market,Retail,7,2024-07-27
8627,Granite Dynamics LLC 1,Mid-Market,Manufacturing,12,2024-08-11
8628,Summit Logistics Ltd. 9,Mid-Market,Healthcare,13,2020-03-11
8629,Insight Group Ltd. 7,SMB,Finance,26,2021-08-26
8630,Beacon Partners LLC 4,Mid-Market,Finance,19,2019-12-24
8631,Nova Ventures Inc. 1,Mid-Market,Finance,20,2022-04-24
8632,Sterling Networks LLC 2,Mid-Market,Professional Services,9,2021-07-20
8633,Meridian Analytics Ltd. 3,SMB,Finance,14,2025-12-10
8634,Bluepeak Industries LLC 1,SMB,Retail,15,2021-09-20
8635,Union Enterprises Corp. 3,Enterprise,Technology,24,2019-05-08
8636,Beacon Partners Co. 2,SMB,Finance,6,2022-08-23
8637,Falcon Group Ltd. 6,Mid-Market,Professional Services,2,2025-05-07
8638,Meridian Enterprises Ltd. 1,SMB,Professional Services,16,2021-08-02
8639,Nova Partners Inc. 5,SMB,Professional Services,25,2024-09-23
8640,Everest Materials Ltd. 3,SMB,Technology,23,2021-12-01
8641,Bluepeak Technologies LLC,Enterprise,Professional Services,25,2022-12-23
8642,Beacon Retail Corp. 8,Mid-Market,Healthcare,12,2022-07-07
8643,Catalyst Dynamics Ltd. 1,SMB,Technology,7,2025-02-12
8644,Summit Logistics Co. 1,Mid-Market,Technology,20,2022-12-22
8645,Meridian Technologies Ltd. 5,Enterprise,Education,2,2021-08-26
8646,Apex Health LLC 7,SMB,Retail,27,2024-05-14
8647,Union Consulting Corp. 2,SMB,Retail,22,2019-05-09
8648,Catalyst Materials LLC 5,SMB,Professional Services,16,2020-11-27
8649,Ironclad Retail Corp.,SMB,Technology,6,2021-01-02
8650,Northwind Financial Ltd. 2,SMB,Technology,8,2022-12-25
8651,Insight Group Co. 1,Enterprise,Professional Services,30,2024-11-02
8652,Apex Partners LLC 5,SMB,Retail,1,2022-11-16
8653,Nova Holdings LLC 4,SMB,Education,1,2022-03-17
8654,Bluepeak Logistics Co. 4,SMB,Manufacturing,11,2019-06-16
8655,Harbor Retail Inc. 3,Mid-Market,Healthcare,7,2025-10-15
8656,Falcon Analytics LLC 4,Enterprise,Manufacturing,21,2021-01-25
8657,Ironclad Manufacturing Co. 2,SMB,Professional Services,2,2019-11-28
8658,Harbor Enterprises Co. 5,Mid-Market,Technology,24,2024-10-29
8659,Granite Analytics Co. 6,Enterprise,Technology,24,2025-03-25
8660,Brightpath Enterprises Co. 5,SMB,Finance,7,2021-02-02
8661,Pioneer Retail LLC 4,SMB,Manufacturing,18,2022-11-03
8662,Falcon Manufacturing Inc. 5,Mid-Market,Retail,21,2024-06-25
8663,Sterling Ventures Co. 5,Enterprise,Healthcare,26,2019-02-25
8664,Nova Ventures Corp. 3,Enterprise,Professional Services,22,2025-11-27
8665,Everest Analytics LLC 6,SMB,Healthcare,29,2021-04-08
8666,Cascade Enterprises Corp. 3,Mid-Market,Healthcare,4,2022-05-11
8667,Catalyst Dynamics Co. 5,Enterprise,Professional Services,19,2019-05-10
8668,Prime Networks Corp. 3,Mid-Market,Finance,24,2019-04-30
8669,Global Health Ltd. 2,Mid-Market,Retail,7,2019-10-13
8670,Orbit Solutions Corp. 3,Enterprise,Manufacturing,7,2021-03-31
8671,Orbit Analytics Corp. 2,Mid-Market,Healthcare,3,2025-06-13
8672,Everest Financial Co. 4,SMB,Manufacturing,30,2022-08-10
8673,Pioneer Industries Co. 3,Mid-Market,Education,26,2021-04-12
8674,Granite Consulting Corp. 1,Mid-Market,Technology,4,2022-02-27
8675,Nova Manufacturing Co. 3,Mid-Market,Professional Services,8,2020-11-08
8676,Harbor Partners Ltd. 5,Mid-Market,Healthcare,14,2023-05-14
8677,Anchor Industries Inc. 1,Enterprise,Professional Services,27,2022-07-20
8678,Bluepeak Ventures Co. 5,Enterprise,Professional Services,25,2021-08-25
8679,Harbor Logistics Ltd. 2,Enterprise,Professional Services,27,2023-10-20
8680,Bluepeak Materials Co. 2,Mid-Market,Retail,25,2021-09-28
8681,Sterling Industries Ltd. 2,SMB,Professional Services,19,2024-08-23
8682,Global Health Co. 3,Enterprise,Professional Services,9,2023-03-10
8683,Pioneer Consulting Corp. 3,SMB,Retail,19,2020-05-31
8684,Bluepeak Networks Inc. 9,SMB,Professional Services,15,2020-02-22
8685,Prime Enterprises LLC 4,Enterprise,Finance,29,2020-10-16
8686,Horizon Financial Inc. 3,Enterprise,Education,14,2025-06-05
8687,Cascade Manufacturing LLC 1,Mid-Market,Professional Services,23,2024-10-05
8688,Union Manufacturing Corp. 3,Enterprise,Retail,6,2025-10-20
8689,Pioneer Consulting Co.,SMB,Technology,21,2024-03-17
8690,Beacon Partners Ltd.,Enterprise,Healthcare,14,2025-05-26
8691,Everest Group Corp.,SMB,Healthcare,14,2021-06-27
8692,Everest Materials Corp. 1,Mid-Market,Manufacturing,23,2023-05-04
8693,Vertex Partners Corp. 4,SMB,Manufacturing,15,2021-09-27
8694,Falcon Systems Corp. 4,SMB,Education,2,2025-01-19
8695,Pioneer Enterprises Corp. 2,SMB,Healthcare,12,2025-12-23
8696,Pioneer Systems Co. 2,SMB,Healthcare,29,2024-03-20
8697,Anchor Manufacturing Inc. 2,SMB,Retail,29,2024-06-20
8698,Beacon Consulting LLC 4,Mid-Market,Technology,19,2025-03-01
8699,Pioneer Health Inc. 2,Enterprise,Professional Services,20,2019-09-01
8700,Meridian Consulting Co. 7,Mid-Market,Technology,8,2022-05-16
8701,Meridian Dynamics Inc. 3,Mid-Market,Manufacturing,24,2024-02-16
8702,Anchor Consulting Ltd. 3,SMB,Professional Services,18,2023-03-27
8703,Redwood Manufacturing Inc. 2,Mid-Market,Manufacturing,2,2022-10-13
8704,Union Analytics Corp. 1,Mid-Market,Education,29,2021-09-13
8705,Apex Health Co. 2,SMB,Finance,26,2020-07-17
8706,Insight Industries Co. 2,Mid-Market,Education,3,2025-06-15
8707,Ironclad Analytics Inc. 5,SMB,Retail,13,2024-02-20
8708,Palisade Foods Ltd. 5,Mid-Market,Manufacturing,23,2023-04-18
8709,Silverline Partners LLC 3,SMB,Technology,23,2019-08-07
8710,Prime Networks Ltd. 6,SMB,Professional Services,6,2019-10-13
8711,Palisade Networks Corp. 8,Enterprise,Technology,2,2022-01-10
8712,Crestline Dynamics Ltd. 1,SMB,Finance,30,2019-11-18
8713,Horizon Retail Co. 2,Mid-Market,Retail,27,2020-01-16
8714,Ironclad Partners LLC 4,SMB,Education,23,2019-07-27
8715,Bluepeak Networks Inc. 10,SMB,Manufacturing,20,2021-01-21
8716,Falcon Manufacturing LLC 2,Mid-Market,Finance,21,2024-02-15
8717,Sterling Group LLC 5,SMB,Finance,14,2023-03-12
8718,Cascade Ventures Inc. 3,SMB,Professional Services,21,2022-07-21
8719,Summit Logistics Ltd. 10,SMB,Finance,10,2025-11-27
8720,Bluepeak Technologies Co. 4,SMB,Education,3,2022-05-16
8721,Pioneer Technologies Corp. 2,SMB,Technology,10,2025-01-31
8722,Horizon Systems Corp. 7,Mid-Market,Retail,9,2020-04-29
8723,Crestline Manufacturing Corp.,SMB,Retail,10,2020-11-07
8724,Sterling Foods Co. 3,SMB,Retail,15,2021-04-19
8725,Pioneer Financial Inc. 3,Enterprise,Finance,4,2025-05-08
8726,Nova Ventures Corp. 4,Mid-Market,Retail,13,2022-02-20
8727,Summit Financial Co. 3,Mid-Market,Manufacturing,14,2024-11-28
8728,Granite Financial Inc. 1,Mid-Market,Retail,6,2020-08-19
8729,Insight Consulting Corp. 7,Mid-Market,Professional Services,14,2023-02-23
8730,Crestline Dynamics Inc. 3,Mid-Market,Retail,21,2020-02-18
8731,Orbit Retail Co. 1,SMB,Education,13,2023-01-10
8732,Northwind Consulting Ltd. 1,Enterprise,Professional Services,1,2020-07-22
8733,Ironclad Foods Co. 2,Mid-Market,Healthcare,22,2023-02-06
8734,Ironclad Holdings LLC 2,SMB,Retail,18,2021-12-31
8735,Prime Financial Ltd. 2,Mid-Market,Retail,13,2022-11-29
8736,Sterling Networks Ltd. 3,Mid-Market,Retail,1,2020-02-17
8737,Global Retail Inc. 5,SMB,Technology,3,2022-07-18
8738,Sterling Dynamics Ltd. 4,SMB,Education,3,2021-03-19
8739,Beacon Retail Ltd. 5,SMB,Healthcare,26,2020-01-03
8740,Summit Ventures Ltd. 3,Enterprise,Finance,10,2022-07-03
8741,Anchor Holdings Corp. 2,Enterprise,Retail,13,2019-12-20
8742,Beacon Solutions Co. 1,SMB,Healthcare,21,2021-12-28
8743,Insight Technologies Inc. 4,SMB,Technology,20,2021-04-05
8744,Delta Dynamics LLC 2,SMB,Retail,2,2022-10-19
8745,Global Systems LLC 2,SMB,Healthcare,28,2022-05-21
8746,Apex Logistics Co. 4,Mid-Market,Education,8,2019-12-10
8747,Nova Ventures Inc. 2,Mid-Market,Professional Services,24,2020-12-14
8748,Brightpath Analytics Inc. 3,SMB,Finance,25,2022-11-24
8749,Anchor Health Co. 5,SMB,Education,17,2024-11-01
8750,Sterling Foods LLC 1,Mid-Market,Healthcare,5,2019-06-01
8751,Northwind Financial Ltd. 3,SMB,Professional Services,17,2019-08-21
8752,Horizon Consulting LLC 5,Mid-Market,Healthcare,8,2024-07-29
8753,Summit Retail Ltd. 3,SMB,Professional Services,26,2021-05-18
8754,Cascade Materials Co. 4,Mid-Market,Education,23,2020-10-18
8755,Northwind Foods Ltd. 2,SMB,Finance,25,2020-08-09
8756,Northwind Networks LLC 1,Mid-Market,Education,25,2025-10-17
8757,Apex Logistics Ltd. 3,SMB,Retail,6,2022-07-29
8758,Crestline Health Co. 3,SMB,Retail,1,2020-02-16
8759,Everest Enterprises Co. 2,Mid-Market,Finance,19,2021-11-03
8760,Prime Consulting LLC 5,SMB,Healthcare,19,2020-10-28
8761,Falcon Consulting LLC 3,SMB,Retail,26,2020-03-07
8762,Apex Technologies Corp. 1,SMB,Technology,20,2025-11-06
8763,Sterling Systems LLC 7,Mid-Market,Finance,25,2022-02-11
8764,Pioneer Ventures Ltd. 2,SMB,Technology,11,2023-11-02
8765,Cascade Materials Corp. 4,SMB,Technology,4,2025-04-15
8766,Harbor Manufacturing Corp. 2,SMB,Technology,2,2020-06-09
8767,Catalyst Ventures Co. 3,Mid-Market,Technology,14,2019-11-24
8768,Redwood Industries LLC 5,SMB,Professional Services,1,2020-10-27
8769,Union Technologies Co. 3,Enterprise,Education,16,2023-12-27
8770,Sterling Analytics Corp.,Mid-Market,Professional Services,13,2021-09-03
8771,Catalyst Consulting Co. 5,Mid-Market,Technology,8,2022-06-04
8772,Brightpath Technologies Corp.,Mid-Market,Professional Services,18,2019-02-21
8773,Redwood Manufacturing Ltd. 4,Enterprise,Retail,21,2019-01-11
8774,Apex Systems Inc. 3,Mid-Market,Education,2,2021-11-06
8775,Harbor Materials LLC 4,SMB,Professional Services,15,2020-01-20
8776,Ironclad Systems Corp. 3,SMB,Healthcare,29,2024-07-15
8777,Crestline Foods LLC 2,Enterprise,Education,9,2025-08-28
8778,Nova Holdings Inc. 1,SMB,Retail,24,2025-06-24
8779,Union Group Corp. 2,SMB,Finance,11,2022-04-04
8780,Catalyst Health LLC 1,SMB,Manufacturing,9,2021-01-03
8781,Delta Foods Ltd. 1,SMB,Healthcare,26,2022-05-21
8782,Falcon Partners Corp. 1,SMB,Healthcare,11,2019-09-23
8783,Falcon Technologies Corp. 1,SMB,Professional Services,26,2025-08-09
8784,Union Solutions Co. 3,SMB,Education,20,2023-09-12
8785,Harbor Dynamics Inc. 1,SMB,Manufacturing,25,2021-01-02
8786,Apex Manufacturing Ltd. 3,Mid-Market,Retail,25,2024-04-24
8787,Cascade Enterprises Corp. 4,SMB,Finance,28,2020-09-18
8788,Silverline Retail Ltd. 3,SMB,Healthcare,17,2024-04-04
8789,Palisade Foods Co. 4,SMB,Professional Services,29,2021-10-24
8790,Crestline Group LLC 2,SMB,Professional Services,2,2025-01-17
8791,Crestline Health LLC 3,Mid-Market,Healthcare,15,2025-12-04
8792,Granite Enterprises Ltd. 3,Mid-Market,Education,12,2021-03-29
8793,Sterling Systems Ltd. 3,SMB,Manufacturing,3,2022-11-09
8794,Sterling Retail Inc. 2,SMB,Retail,27,2020-08-31
8795,Vertex Analytics LLC,SMB,Technology,25,2024-08-07
8796,Redwood Dynamics Co. 2,SMB,Manufacturing,23,2022-06-11
8797,Meridian Retail Corp. 3,SMB,Technology,20,2025-11-19
8798,Union Health Co. 4,SMB,Education,19,2025-03-16
8799,Granite Financial Ltd. 2,Mid-Market,Finance,12,2020-11-28
8800,Crestline Health LLC 4,SMB,Healthcare,21,2019-11-02
8801,Delta Group LLC 5,Enterprise,Retail,30,2023-05-04
8802,Sterling Manufacturing Co. 1,SMB,Professional Services,8,2021-03-23
8803,Silverline Technologies Ltd. 3,Enterprise,Finance,11,2020-10-10
8804,Harbor Ventures Corp. 2,SMB,Education,4,2022-10-25
8805,Nova Enterprises Ltd. 2,Mid-Market,Retail,28,2022-10-07
8806,Palisade Retail Corp. 5,Enterprise,Manufacturing,16,2022-10-06
8807,Cascade Health LLC 2,SMB,Education,18,2021-01-22
8808,Palisade Partners Co. 3,SMB,Technology,8,2020-02-02
8809,Nova Partners Co. 6,Mid-Market,Professional Services,2,2020-04-14
8810,Beacon Systems Co. 4,SMB,Finance,25,2024-01-15
8811,Apex Logistics Ltd. 4,Mid-Market,Technology,26,2022-04-11
8812,Bluepeak Dynamics Co. 4,Enterprise,Professional Services,11,2022-04-14
8813,Granite Financial Corp. 2,Enterprise,Education,23,2025-11-01
8814,Union Foods LLC 3,SMB,Education,18,2025-06-04
8815,Silverline Enterprises Inc. 3,SMB,Healthcare,20,2019-06-16
8816,Northwind Manufacturing LLC 4,SMB,Education,6,2024-07-31
8817,Apex Consulting Corp. 6,SMB,Retail,19,2020-09-25
8818,Pioneer Health Inc. 3,SMB,Professional Services,5,2024-01-21
8819,Anchor Financial LLC 1,SMB,Finance,7,2020-03-19
8820,Crestline Networks Co. 3,SMB,Professional Services,11,2020-01-07
8821,Apex Dynamics LLC 1,Mid-Market,Retail,7,2025-07-28
8822,Orbit Analytics LLC 1,Enterprise,Healthcare,28,2022-11-28
8823,Cascade Group Ltd. 6,Enterprise,Healthcare,1,2021-06-12
8824,Harbor Solutions Co. 1,SMB,Professional Services,28,2025-03-27
8825,Horizon Group Co. 2,SMB,Retail,5,2021-01-10
8826,Crestline Partners Co. 4,Mid-Market,Technology,27,2019-06-13
8827,Nova Consulting Inc. 2,SMB,Technology,11,2021-10-06
8828,Vertex Analytics Inc. 3,SMB,Education,28,2023-12-13
8829,Ironclad Technologies Ltd. 4,Mid-Market,Healthcare,17,2023-08-20
8830,Horizon Systems Co. 3,Mid-Market,Healthcare,15,2022-04-25
8831,Anchor Technologies Ltd. 2,Mid-Market,Retail,4,2022-07-27
8832,Delta Health Co. 1,Mid-Market,Professional Services,14,2022-09-15
8833,Silverline Group Ltd. 2,SMB,Finance,17,2021-08-15
8834,Prime Logistics LLC 3,SMB,Retail,30,2019-08-01
8835,Delta Logistics Co. 1,Enterprise,Retail,8,2020-02-08
8836,Harbor Group Ltd. 4,Mid-Market,Retail,3,2024-01-26
8837,Granite Foods LLC 5,Enterprise,Retail,8,2024-09-01
8838,Granite Industries Corp. 1,Mid-Market,Healthcare,8,2021-10-07
8839,Delta Logistics Corp. 3,Mid-Market,Retail,29,2021-04-21
8840,Beacon Networks Inc. 1,SMB,Technology,5,2023-04-03
8841,Harbor Materials LLC 5,SMB,Education,30,2019-02-25
8842,Bluepeak Technologies LLC 1,SMB,Education,4,2022-12-26
8843,Granite Financial LLC 4,Enterprise,Education,25,2022-04-13
8844,Global Materials Corp. 2,SMB,Technology,13,2022-02-03
8845,Delta Analytics Corp. 2,Enterprise,Professional Services,2,2019-01-04
8846,Bluepeak Enterprises Co. 3,Mid-Market,Manufacturing,19,2025-08-06
8847,Crestline Consulting Inc. 3,SMB,Technology,22,2020-03-19
8848,Palisade Holdings Co. 5,SMB,Manufacturing,26,2019-10-16
8849,Vertex Systems LLC 1,Mid-Market,Retail,6,2021-09-13
8850,Insight Analytics LLC 5,Mid-Market,Finance,19,2024-06-13
8851,Anchor Networks Inc. 4,SMB,Education,18,2024-05-09
8852,Global Dynamics Inc. 3,SMB,Manufacturing,14,2022-08-01
8853,Everest Group Inc. 2,SMB,Healthcare,27,2022-11-04
8854,Pioneer Consulting LLC 2,Enterprise,Retail,13,2022-03-09
8855,Delta Logistics LLC 1,Mid-Market,Healthcare,12,2019-03-06
8856,Delta Ventures LLC 5,Mid-Market,Technology,16,2020-12-11
8857,Sterling Financial Inc. 1,Enterprise,Healthcare,28,2021-09-21
8858,Union Foods LLC 4,SMB,Professional Services,27,2022-11-18
8859,Delta Partners Inc. 6,SMB,Retail,22,2023-08-12
8860,Everest Holdings Ltd. 2,Enterprise,Finance,3,2025-11-29
8861,Anchor Technologies Ltd. 3,SMB,Finance,10,2022-07-20
8862,Vertex Manufacturing Inc. 4,SMB,Professional Services,1,2023-09-14
8863,Sterling Foods Ltd. 2,SMB,Retail,3,2025-09-21
8864,Horizon Group Co. 3,Mid-Market,Education,25,2020-12-13
8865,Summit Financial Co. 4,Mid-Market,Retail,25,2022-03-05
8866,Nova Networks Inc. 2,Enterprise,Professional Services,4,2024-01-17
8867,Orbit Materials Co. 2,Mid-Market,Retail,14,2022-12-15
8868,Harbor Group Corp. 3,Mid-Market,Finance,9,2025-04-01
8869,Summit Solutions Co. 2,Mid-Market,Healthcare,3,2022-12-17
8870,Apex Logistics LLC 3,Mid-Market,Technology,12,2025-06-15
8871,Apex Manufacturing Ltd. 4,Mid-Market,Education,4,2020-01-15
8872,Vertex Enterprises Co. 1,SMB,Professional Services,23,2024-08-15
8873,Ironclad Networks LLC 6,SMB,Retail,30,2020-06-29
8874,Delta Consulting Ltd. 2,Mid-Market,Manufacturing,13,2019-05-06
8875,Summit Consulting Inc. 3,SMB,Technology,8,2019-10-13
8876,Delta Technologies Ltd. 1,Mid-Market,Retail,15,2023-01-24
8877,Granite Ventures Co. 3,Mid-Market,Healthcare,29,2021-01-13
8878,Apex Partners LLC 6,SMB,Retail,5,2020-01-03
8879,Orbit Foods Co.,Mid-Market,Finance,21,2023-05-27
8880,Delta Enterprises Ltd. 4,Mid-Market,Professional Services,3,2022-06-01
8881,Palisade Holdings Corp. 3,Mid-Market,Professional Services,10,2021-08-30
8882,Vertex Technologies LLC 1,SMB,Healthcare,14,2022-10-01
8883,Nova Financial Corp. 1,SMB,Finance,12,2025-01-10
8884,Orbit Analytics Co. 4,Mid-Market,Professional Services,6,2024-01-27
8885,Everest Holdings Inc. 4,Mid-Market,Technology,24,2022-06-19
8886,Harbor Logistics Co. 2,Mid-Market,Manufacturing,21,2024-10-03
8887,Silverline Solutions Inc. 2,SMB,Technology,14,2025-01-13
8888,Redwood Foods Co. 5,Mid-Market,Manufacturing,13,2021-08-19
8889,Ironclad Foods Corp. 6,SMB,Technology,3,2020-01-18
8890,Silverline Foods Co. 1,SMB,Technology,20,2019-10-22
8891,Sterling Enterprises Inc. 3,Mid-Market,Finance,7,2023-06-21
8892,Crestline Technologies Inc. 7,SMB,Technology,10,2025-07-21
8893,Ironclad Enterprises Corp. 1,Enterprise,Education,26,2019-04-09
8894,Union Logistics Ltd.,Mid-Market,Retail,20,2022-06-24
8895,Ironclad Partners Ltd. 4,Mid-Market,Manufacturing,21,2020-05-11
8896,Insight Dynamics Ltd. 5,Mid-Market,Manufacturing,8,2022-09-20
8897,Beacon Systems Co. 5,SMB,Education,16,2024-12-29
8898,Beacon Logistics Ltd. 4,SMB,Education,1,2024-07-04
8899,Delta Technologies Co. 1,Mid-Market,Technology,8,2025-10-18
8900,Redwood Foods Inc. 5,Mid-Market,Retail,25,2022-05-23
8901,Northwind Materials LLC 2,SMB,Manufacturing,15,2023-08-23
8902,Ironclad Consulting Inc. 3,Mid-Market,Education,20,2025-04-15
8903,Granite Holdings Corp. 2,Enterprise,Education,24,2023-11-19
8904,Falcon Ventures LLC 3,SMB,Retail,29,2025-09-30
8905,Bluepeak Financial Ltd. 5,SMB,Retail,3,2020-09-19
8906,Silverline Consulting Corp. 1,SMB,Healthcare,18,2019-12-11
8907,Crestline Materials Corp. 3,Mid-Market,Education,30,2020-01-17
8908,Global Health Ltd. 3,Enterprise,Retail,6,2024-12-18
8909,Northwind Foods Co. 1,Mid-Market,Healthcare,26,2019-05-16
8910,Pioneer Technologies Inc. 2,SMB,Healthcare,18,2024-09-01
8911,Bluepeak Retail LLC 3,Enterprise,Manufacturing,10,2022-04-01
8912,Summit Materials Corp. 1,Enterprise,Finance,24,2023-11-02
8913,Northwind Analytics Inc. 1,Enterprise,Retail,27,2024-03-20
8914,Anchor Holdings Co. 3,SMB,Finance,5,2021-12-20
8915,Everest Enterprises LLC 3,SMB,Healthcare,21,2020-01-09
8916,Falcon Health Inc. 1,SMB,Finance,29,2023-04-27
8917,Ironclad Health Corp. 6,Enterprise,Education,20,2025-09-10
8918,Ironclad Solutions Inc. 2,SMB,Education,17,2019-03-07
8919,Insight Networks LLC 2,Mid-Market,Finance,5,2020-08-03
8920,Ironclad Consulting Ltd. 2,Mid-Market,Education,14,2025-02-12
8921,Apex Industries LLC,Mid-Market,Technology,28,2019-06-28
8922,Harbor Holdings Co. 3,SMB,Professional Services,24,2019-01-26
8923,Union Manufacturing LLC 2,Mid-Market,Education,14,2025-02-21
8924,Sterling Ventures Inc. 3,SMB,Technology,10,2024-05-17
8925,Apex Solutions Corp. 3,Mid-Market,Retail,25,2020-10-10
8926,Silverline Networks Inc. 2,Mid-Market,Manufacturing,30,2025-10-06
8927,Orbit Ventures Ltd. 3,SMB,Professional Services,9,2023-12-26
8928,Delta Financial Corp. 2,SMB,Healthcare,25,2019-11-01
8929,Cascade Financial Inc. 1,Enterprise,Professional Services,10,2022-03-23
8930,Bluepeak Partners LLC,SMB,Professional Services,25,2025-01-20
8931,Palisade Ventures Co. 3,Mid-Market,Healthcare,29,2023-09-03
8932,Global Manufacturing Co. 3,Mid-Market,Manufacturing,20,2023-02-06
8933,Beacon Holdings Ltd. 2,SMB,Retail,15,2021-12-01
8934,Global Logistics Co. 1,SMB,Healthcare,10,2020-09-26
8935,Prime Solutions Inc. 2,Mid-Market,Professional Services,2,2023-04-18
8936,Silverline Solutions Ltd. 3,Mid-Market,Healthcare,2,2020-01-29
8937,Vertex Dynamics Inc. 2,SMB,Healthcare,26,2024-09-01
8938,Summit Group Corp. 2,Mid-Market,Manufacturing,20,2020-06-19
8939,Meridian Solutions Inc. 3,SMB,Manufacturing,7,2019-11-05
8940,Anchor Industries LLC 8,SMB,Technology,17,2019-07-04
8941,Prime Manufacturing Inc. 5,SMB,Professional Services,27,2024-09-13
8942,Crestline Systems LLC 2,Mid-Market,Healthcare,20,2022-04-10
8943,Palisade Materials Ltd. 2,SMB,Technology,28,2021-10-15
8944,Harbor Industries Ltd. 6,Enterprise,Manufacturing,4,2022-08-25
8945,Redwood Ventures Co. 2,Mid-Market,Professional Services,3,2023-02-10
8946,Ironclad Solutions Co. 3,Enterprise,Technology,20,2025-03-01
8947,Delta Consulting Inc. 2,Enterprise,Manufacturing,18,2021-05-28
8948,Summit Solutions Co. 3,SMB,Professional Services,21,2020-04-23
8949,Insight Networks LLC 3,SMB,Professional Services,30,2025-01-30
8950,Silverline Ventures Co. 4,SMB,Healthcare,4,2022-05-13
8951,Cascade Technologies Co. 1,SMB,Retail,28,2023-01-21
8952,Union Solutions Co. 4,SMB,Education,2,2020-02-09
8953,Granite Consulting Corp. 2,SMB,Retail,16,2025-01-12
8954,Harbor Consulting Ltd. 4,SMB,Retail,25,2025-07-26
8955,Catalyst Networks Corp. 3,SMB,Education,21,2022-02-18
8956,Silverline Solutions Inc. 3,SMB,Manufacturing,7,2019-02-21
8957,Nova Partners Corp. 4,Mid-Market,Technology,19,2019-03-11
8958,Vertex Holdings LLC 3,SMB,Retail,28,2021-02-11
8959,Everest Ventures Inc. 2,Enterprise,Retail,7,2022-06-11
8960,Pioneer Partners Inc. 2,Mid-Market,Education,29,2022-01-11
8961,Silverline Dynamics LLC 3,SMB,Professional Services,20,2022-12-25
8962,Meridian Group Ltd. 8,Mid-Market,Finance,3,2020-10-19
8963,Anchor Technologies Co. 2,Enterprise,Professional Services,10,2020-06-20
8964,Bluepeak Foods Co. 3,Mid-Market,Technology,26,2025-10-25
8965,Anchor Enterprises Ltd.,Mid-Market,Professional Services,11,2020-12-18
8966,Redwood Manufacturing Co. 6,SMB,Technology,29,2025-08-16
8967,Falcon Group LLC 4,SMB,Retail,13,2022-12-31
8968,Vertex Industries Co. 2,Mid-Market,Retail,11,2019-06-28
8969,Beacon Analytics Co. 1,SMB,Retail,26,2023-03-01
8970,Anchor Analytics Inc. 2,SMB,Professional Services,24,2025-11-24
8971,Delta Systems LLC 2,SMB,Manufacturing,8,2024-11-16
8972,Silverline Retail LLC 2,Mid-Market,Technology,24,2021-02-14
8973,Northwind Retail Inc. 4,Mid-Market,Retail,8,2019-09-02
8974,Redwood Foods Inc. 6,Enterprise,Finance,27,2022-03-22
8975,Insight Enterprises Co. 2,Enterprise,Retail,1,2019-09-10
8976,Vertex Ventures Inc. 3,SMB,Finance,20,2021-01-30
8977,Sterling Systems Ltd. 4,Enterprise,Technology,5,2025-06-04
8978,Horizon Manufacturing Co. 1,SMB,Retail,21,2023-07-29
8979,Catalyst Solutions Ltd. 3,SMB,Technology,30,2024-06-25
8980,Meridian Health Corp. 5,Enterprise,Finance,21,2022-10-13
8981,Everest Health Inc. 4,Mid-Market,Retail,14,2020-03-05
8982,Nova Technologies Corp. 3,SMB,Professional Services,25,2020-01-20
8983,Pioneer Logistics LLC 2,SMB,Finance,6,2024-05-11
8984,Harbor Manufacturing Co. 3,Mid-Market,Finance,17,2022-01-02
8985,Bluepeak Materials Co. 3,SMB,Finance,29,2022-07-01
8986,Apex Enterprises LLC 2,SMB,Retail,11,2020-04-02
8987,Everest Retail Inc. 3,SMB,Healthcare,1,2021-07-13
8988,Meridian Partners Co. 3,Mid-Market,Manufacturing,14,2019-12-04
8989,Granite Partners Co. 4,SMB,Education,15,2025-03-21
8990,Orbit Analytics Co. 5,SMB,Technology,25,2024-01-06
8991,Beacon Logistics Ltd. 5,Mid-Market,Professional Services,25,2024-12-17
8992,Brightpath Industries Corp.,SMB,Manufacturing,11,2025-02-12
8993,Silverline Ventures LLC 6,SMB,Retail,24,2023-02-16
8994,Silverline Group Inc. 4,Mid-Market,Retail,5,2021-02-16
8995,Prime Foods Co. 6,SMB,Professional Services,6,2022-06-12
8996,Beacon Foods Co. 3,SMB,Retail,19,2019-02-18
8997,Redwood Networks Co. 2,SMB,Professional Services,22,2024-09-20
8998,Global Retail Corp. 5,SMB,Finance,25,2024-08-13
8999,Cascade Financial Co. 3,Enterprise,Healthcare,19,2022-07-23
9000,Meridian Analytics Inc. 3,Enterprise,Retail,4,2021-08-23
9001,Falcon Consulting Corp. 6,Mid-Market,Healthcare,21,2020-03-17
9002,Meridian Health Inc. 3,SMB,Technology,13,2019-07-13
9003,Brightpath Retail Corp. 9,Mid-Market,Healthcare,8,2021-04-10
9004,Apex Enterprises Inc. 2,SMB,Healthcare,11,2025-07-24
9005,Cascade Industries LLC 1,Mid-Market,Technology,25,2019-06-25
9006,Crestline Consulting Corp. 3,Mid-Market,Education,6,2025-08-22
9007,Silverline Enterprises Inc. 4,SMB,Retail,17,2022-09-13
9008,Falcon Dynamics Inc. 1,SMB,Healthcare,3,2022-01-31
9009,Harbor Technologies Co. 1,Mid-Market,Healthcare,22,2019-11-11
9010,Crestline Analytics LLC,Enterprise,Professional Services,5,2019-07-02
9011,Union Health Co. 5,Enterprise,Professional Services,29,2022-10-23
9012,Harbor Manufacturing LLC 1,Enterprise,Technology,27,2023-03-11
9013,Horizon Holdings Inc. 2,Mid-Market,Retail,26,2022-01-14
9014,Orbit Systems Inc. 4,SMB,Finance,11,2021-01-04
9015,Redwood Analytics Ltd. 1,Mid-Market,Finance,24,2019-02-03
9016,Global Technologies Inc. 6,Enterprise,Retail,5,2020-11-12
9017,Orbit Industries Co. 2,Mid-Market,Professional Services,9,2024-01-02
9018,Pioneer Technologies LLC 4,Mid-Market,Retail,4,2023-03-29
9019,Northwind Holdings Ltd. 2,SMB,Professional Services,2,2020-02-09
9020,Pioneer Partners Corp. 3,Mid-Market,Education,12,2024-07-21
9021,Beacon Partners Inc. 3,Enterprise,Education,18,2020-01-15
9022,Everest Technologies Ltd. 2,SMB,Education,26,2024-07-26
9023,Crestline Materials Inc. 2,SMB,Education,2,2022-08-03
9024,Summit Foods Ltd. 2,SMB,Healthcare,13,2024-01-07
9025,Silverline Group Corp. 3,SMB,Professional Services,22,2019-08-01
9026,Pioneer Dynamics LLC 4,SMB,Professional Services,7,2024-03-08
9027,Orbit Foods Co. 1,SMB,Retail,23,2024-01-19
9028,Ironclad Financial LLC 5,SMB,Retail,18,2020-03-23
9029,Silverline Materials LLC 2,Enterprise,Professional Services,17,2019-12-18
9030,Redwood Manufacturing Ltd. 5,SMB,Healthcare,4,2024-03-28
9031,Brightpath Financial LLC 3,SMB,Technology,6,2021-11-29
9032,Nova Analytics Corp. 1,SMB,Professional Services,27,2023-07-14
9033,Palisade Ventures Ltd. 7,Mid-Market,Manufacturing,27,2019-01-24
9034,Palisade Systems Co. 2,SMB,Education,14,2020-04-14
9035,Nova Consulting Co. 3,Mid-Market,Manufacturing,18,2024-03-21
9036,Orbit Group Inc. 4,SMB,Manufacturing,17,2020-05-23
9037,Crestline Consulting Co. 2,Mid-Market,Technology,16,2019-07-25
9038,Cascade Manufacturing Corp. 2,SMB,Finance,22,2020-03-23
9039,Catalyst Solutions Co. 1,SMB,Technology,18,2024-10-28
9040,Brightpath Enterprises LLC 1,Mid-Market,Manufacturing,4,2021-06-04
9041,Granite Logistics Corp. 1,Mid-Market,Technology,3,2022-09-16
9042,Brightpath Systems Co. 8,Mid-Market,Education,26,2023-01-16
9043,Summit Retail Co. 2,SMB,Finance,23,2021-08-10
9044,Anchor Health Ltd. 2,SMB,Education,6,2019-08-28
9045,Apex Systems Ltd. 4,SMB,Technology,2,2020-10-18
9046,Bluepeak Solutions Inc. 6,Enterprise,Technology,7,2020-02-08
9047,Harbor Solutions Ltd. 1,SMB,Finance,18,2025-05-13
9048,Insight Networks Corp. 7,SMB,Education,18,2024-03-06
9049,Nova Consulting Inc. 3,Enterprise,Education,6,2024-09-07
9050,Insight Holdings Co. 1,Mid-Market,Manufacturing,6,2019-01-06
9051,Insight Foods Corp. 3,Mid-Market,Retail,7,2024-03-29
9052,Falcon Partners Ltd. 3,Mid-Market,Retail,14,2022-05-17
9053,Delta Partners Inc. 7,Enterprise,Retail,7,2024-06-02
9054,Apex Manufacturing LLC 2,Mid-Market,Education,14,2025-09-19
9055,Pioneer Retail Co. 7,Enterprise,Technology,1,2021-07-03
9056,Union Holdings Co. 2,Enterprise,Manufacturing,29,2023-03-26
9057,Pioneer Partners Inc. 3,Mid-Market,Education,27,2025-04-03
9058,Prime Partners Co. 1,SMB,Manufacturing,11,2020-10-11
9059,Insight Enterprises LLC,SMB,Healthcare,25,2021-06-16
9060,Granite Networks LLC 2,Mid-Market,Retail,17,2025-03-19
9061,Prime Financial Co.,SMB,Finance,1,2019-09-15
9062,Ironclad Solutions Corp. 4,SMB,Manufacturing,9,2022-06-16
9063,Ironclad Networks Ltd. 4,Enterprise,Manufacturing,2,2023-01-25
9064,Prime Group Inc. 1,Mid-Market,Retail,22,2023-01-19
9065,Prime Manufacturing Ltd. 8,Mid-Market,Professional Services,24,2019-11-03
9066,Orbit Materials LLC 3,SMB,Retail,19,2019-04-11
9067,Union Health Ltd. 2,Mid-Market,Professional Services,1,2021-11-30
9068,Delta Networks Ltd. 3,Mid-Market,Technology,8,2022-03-06
9069,Everest Group Inc. 3,SMB,Education,15,2025-08-06
9070,Global Financial Co.,SMB,Finance,5,2024-04-15
9071,Sterling Industries LLC 2,Mid-Market,Education,4,2023-03-11
9072,Union Solutions LLC 6,SMB,Technology,10,2020-06-21
9073,Summit Financial Ltd. 3,Mid-Market,Manufacturing,18,2025-04-23
9074,Everest Retail Co. 4,SMB,Technology,3,2020-05-09
9075,Brightpath Manufacturing Co. 6,SMB,Retail,30,2025-08-18
9076,Anchor Partners Corp. 3,SMB,Healthcare,14,2025-08-14
9077,Sterling Financial LLC 6,Mid-Market,Healthcare,6,2025-11-04
9078,Bluepeak Financial Co. 5,Mid-Market,Technology,1,2020-12-24
9079,Horizon Retail LLC 4,SMB,Healthcare,29,2019-12-18
9080,Cascade Materials Ltd. 3,Mid-Market,Professional Services,18,2023-05-27
9081,Beacon Manufacturing LLC 7,SMB,Professional Services,26,2021-12-16
9082,Sterling Dynamics LLC 2,Mid-Market,Technology,24,2021-09-20
9083,Union Enterprises Corp. 4,Mid-Market,Professional Services,30,2022-11-22
9084,Pioneer Logistics Co. 1,Mid-Market,Retail,27,2023-10-29
9085,Global Enterprises LLC 5,Mid-Market,Finance,23,2021-04-28
9086,Palisade Retail Ltd. 1,SMB,Professional Services,26,2021-05-06
9087,Harbor Technologies Inc. 4,Mid-Market,Healthcare,26,2023-04-10
9088,Bluepeak Industries Ltd. 6,SMB,Healthcare,8,2019-07-02
9089,Orbit Enterprises LLC 1,SMB,Healthcare,18,2023-11-25
9090,Harbor Holdings Inc. 1,SMB,Healthcare,30,2024-08-04
9091,Horizon Foods Corp. 4,SMB,Manufacturing,27,2025-02-26
9092,Redwood Foods LLC,SMB,Technology,4,2024-04-10
9093,Apex Financial Ltd. 3,SMB,Healthcare,4,2022-07-19
9094,Prime Dynamics Inc. 5,Mid-Market,Finance,7,2025-02-11
9095,Cascade Financial LLC,SMB,Retail,23,2022-06-08
9096,Palisade Solutions LLC 4,SMB,Professional Services,12,2024-07-04
9097,Northwind Financial LLC,Mid-Market,Technology,19,2019-06-12
9098,Orbit Holdings Inc. 3,SMB,Retail,5,2023-12-18
9099,Crestline Systems LLC 3,Mid-Market,Technology,2,2019-08-03
9100,Nova Foods Inc. 4,SMB,Professional Services,24,2019-03-12
9101,Catalyst Logistics Ltd. 4,Enterprise,Healthcare,9,2022-07-07
9102,Palisade Networks Corp. 9,SMB,Education,2,2019-11-02
9103,Sterling Holdings LLC,Mid-Market,Education,7,2021-04-11
9104,Brightpath Networks Ltd. 2,SMB,Finance,10,2024-06-01
9105,Pioneer Consulting Co. 1,Enterprise,Finance,13,2022-11-07
9106,Redwood Solutions Corp. 4,SMB,Finance,27,2024-02-18
9107,Anchor Health LLC 3,Mid-Market,Manufacturing,6,2024-06-25
9108,Silverline Analytics Corp. 1,SMB,Manufacturing,19,2022-05-12
9109,Anchor Retail Ltd. 2,Mid-Market,Retail,9,2025-11-24
9110,Northwind Systems Inc. 5,Enterprise,Manufacturing,15,2020-05-31
9111,Redwood Retail LLC 2,Mid-Market,Education,9,2019-08-06
9112,Cascade Retail Corp. 3,SMB,Manufacturing,11,2021-03-25
9113,Insight Dynamics Ltd. 6,Mid-Market,Finance,18,2024-05-02
9114,Vertex Manufacturing Corp. 3,SMB,Finance,18,2019-09-03
9115,Crestline Logistics Ltd. 2,Enterprise,Education,5,2022-04-07
9116,Palisade Foods Co. 5,SMB,Technology,5,2022-12-31
9117,Summit Group Inc. 1,Mid-Market,Finance,8,2024-08-27
9118,Redwood Health Corp. 3,Mid-Market,Finance,27,2024-12-02
9119,Global Manufacturing LLC 3,Mid-Market,Retail,10,2020-09-02
9120,Redwood Systems Inc. 5,Enterprise,Technology,18,2020-12-01
9121,Northwind Partners Inc. 2,Mid-Market,Manufacturing,14,2023-10-15
9122,Vertex Solutions Ltd. 4,Mid-Market,Retail,11,2025-01-06
9123,Silverline Foods Corp. 2,SMB,Professional Services,2,2020-03-06
9124,Northwind Networks LLC 2,SMB,Manufacturing,14,2024-01-22
9125,Apex Enterprises Co. 4,Mid-Market,Professional Services,30,2020-08-30
9126,Redwood Dynamics LLC 3,SMB,Retail,29,2020-04-06
9127,Ironclad Analytics Corp. 4,Mid-Market,Education,10,2021-05-12
9128,Sterling Financial Co. 6,Enterprise,Healthcare,16,2024-07-24
9129,Granite Retail Ltd. 2,Mid-Market,Professional Services,9,2024-03-12
9130,Anchor Financial Ltd. 4,Mid-Market,Healthcare,28,2022-05-08
9131,Catalyst Group LLC 3,Mid-Market,Technology,17,2023-12-31
9132,Sterling Ventures Co. 6,SMB,Technology,28,2021-11-03
9133,Palisade Consulting Corp. 7,SMB,Retail,26,2020-06-22
9134,Catalyst Partners LLC 1,SMB,Retail,10,2024-11-24
9135,Sterling Foods Ltd. 3,Mid-Market,Healthcare,14,2019-05-18
9136,Redwood Health Corp. 4,Mid-Market,Professional Services,18,2025-04-22
9137,Anchor Financial Inc. 3,SMB,Healthcare,8,2024-07-09
9138,Harbor Financial Inc.,Enterprise,Retail,25,2024-01-24
9139,Silverline Technologies Inc. 2,Mid-Market,Manufacturing,17,2022-12-25
9140,Horizon Solutions Inc. 6,Mid-Market,Retail,7,2024-09-01
9141,Meridian Ventures LLC 3,Mid-Market,Education,15,2019-03-14
9142,Global Analytics LLC 4,SMB,Professional Services,25,2023-02-19
9143,Northwind Networks LLC 3,Enterprise,Education,13,2020-10-29
9144,Falcon Technologies Co.,Mid-Market,Professional Services,22,2023-06-22
9145,Apex Group Co. 4,SMB,Professional Services,30,2023-09-21
9146,Falcon Solutions Co.,SMB,Finance,11,2020-07-02
9147,Ironclad Technologies Inc.,Mid-Market,Manufacturing,30,2020-01-31
9148,Northwind Technologies Corp. 3,Mid-Market,Healthcare,13,2023-02-10
9149,Silverline Manufacturing Inc. 3,SMB,Professional Services,17,2025-08-01
9150,Falcon Logistics Ltd. 1,Enterprise,Professional Services,24,2023-08-23
9151,Pioneer Partners Inc. 4,Mid-Market,Professional Services,3,2022-05-22
9152,Ironclad Logistics LLC 3,Enterprise,Education,22,2025-07-19
9153,Crestline Ventures LLC 2,Mid-Market,Education,18,2024-09-24
9154,Ironclad Industries Corp. 6,SMB,Education,20,2024-02-17
9155,Catalyst Group LLC 4,SMB,Healthcare,29,2022-01-22
9156,Granite Holdings Corp. 3,SMB,Healthcare,15,2022-06-10
9157,Prime Systems Inc. 1,SMB,Manufacturing,28,2020-11-07
9158,Sterling Solutions Corp. 2,SMB,Finance,18,2024-09-18
9159,Meridian Materials Inc. 1,SMB,Education,7,2020-12-28
9160,Redwood Retail Inc. 4,SMB,Education,20,2023-12-04
9161,Nova Technologies Inc. 3,Mid-Market,Professional Services,6,2025-02-14
9162,Everest Materials LLC 2,Mid-Market,Education,27,2022-11-12
9163,Vertex Group Ltd. 1,SMB,Technology,5,2020-02-05
9164,Summit Solutions LLC 3,Mid-Market,Finance,15,2019-03-05
9165,Beacon Holdings Corp. 3,Mid-Market,Finance,25,2023-09-17
9166,Meridian Health Ltd. 3,Enterprise,Retail,1,2020-07-28
9167,Apex Partners Ltd. 3,SMB,Finance,15,2019-04-10
9168,Palisade Analytics Corp. 2,Mid-Market,Professional Services,16,2021-05-27
9169,Crestline Enterprises Inc. 1,Mid-Market,Finance,11,2023-01-27
9170,Insight Networks Ltd. 4,Mid-Market,Manufacturing,21,2022-11-10
9171,Insight Foods LLC 1,Mid-Market,Education,10,2020-03-03
9172,Ironclad Financial Corp. 2,SMB,Finance,12,2021-11-15
9173,Silverline Ventures Co. 5,Mid-Market,Technology,9,2022-05-05
9174,Orbit Foods Inc. 4,Mid-Market,Finance,19,2025-02-13
9175,Union Solutions Inc.,Enterprise,Finance,27,2019-07-20
9176,Granite Health LLC 2,SMB,Retail,6,2022-09-11
9177,Sterling Technologies Corp. 1,SMB,Retail,13,2020-03-19
9178,Apex Technologies Corp. 2,Mid-Market,Manufacturing,7,2020-04-12
9179,Vertex Foods LLC 3,Mid-Market,Finance,8,2023-04-10
9180,Union Enterprises Co. 7,SMB,Manufacturing,30,2023-09-08
9181,Cascade Holdings Inc. 4,SMB,Healthcare,22,2023-03-30
9182,Silverline Systems Corp. 5,Mid-Market,Healthcare,29,2024-07-24
9183,Meridian Holdings Corp. 3,Enterprise,Retail,20,2020-05-22
9184,Brightpath Foods Ltd. 1,Enterprise,Professional Services,20,2023-06-14
9185,Horizon Systems Corp. 8,Enterprise,Manufacturing,22,2023-05-05
9186,Apex Health Inc. 2,SMB,Technology,20,2023-07-11
9187,Prime Materials LLC 2,SMB,Professional Services,25,2022-01-01
9188,Palisade Holdings Inc. 3,SMB,Finance,10,2025-08-19
9189,Union Analytics Corp. 2,SMB,Education,4,2022-03-31
9190,Delta Logistics Co. 2,Mid-Market,Professional Services,15,2024-07-10
9191,Pioneer Partners LLC 1,SMB,Professional Services,1,2022-05-15
9192,Nova Logistics LLC 6,Mid-Market,Technology,2,2024-07-05
9193,Pioneer Systems Corp. 3,Mid-Market,Healthcare,2,2021-10-08
9194,Ironclad Retail Inc. 4,SMB,Retail,3,2019-01-03
9195,Brightpath Materials Co. 3,Enterprise,Education,22,2022-07-01
9196,Nova Technologies Ltd. 2,SMB,Education,18,2022-11-01
9197,Orbit Industries Ltd. 3,SMB,Manufacturing,29,2019-10-23
9198,Summit Networks LLC 6,SMB,Healthcare,9,2023-08-28
9199,Union Enterprises LLC 2,SMB,Retail,10,2024-12-22
9200,Brightpath Materials Corp. 6,Mid-Market,Retail,15,2025-01-28
9201,Global Foods LLC 5,Enterprise,Manufacturing,24,2021-08-21
9202,Apex Industries Inc. 4,SMB,Retail,28,2021-11-13
9203,Anchor Holdings Ltd. 2,SMB,Healthcare,22,2025-01-03
9204,Falcon Manufacturing Co. 5,SMB,Education,16,2025-12-26
9205,Everest Dynamics LLC 2,Enterprise,Technology,30,2019-05-15
9206,Brightpath Financial Ltd. 1,Mid-Market,Education,6,2019-06-07
9207,Redwood Ventures Co. 3,Mid-Market,Education,15,2019-05-19
9208,Delta Partners Ltd. 5,SMB,Retail,8,2022-03-28
9209,Everest Ventures Co. 2,SMB,Education,5,2024-06-28
9210,Granite Networks Co. 2,SMB,Professional Services,12,2019-08-28
9211,Cascade Enterprises LLC 3,Mid-Market,Healthcare,23,2023-10-27
9212,Silverline Analytics Inc. 1,Mid-Market,Manufacturing,10,2020-03-13
9213,Apex Networks Co. 4,Enterprise,Retail,25,2019-03-26
9214,Vertex Ventures Ltd. 3,Mid-Market,Professional Services,19,2023-03-03
9215,Cascade Networks Inc. 1,Mid-Market,Education,22,2023-02-26
9216,Delta Manufacturing Co. 2,SMB,Retail,8,2020-12-25
9217,Orbit Enterprises Inc. 2,Mid-Market,Manufacturing,26,2021-04-03
9218,Brightpath Manufacturing LLC 3,Mid-Market,Healthcare,7,2021-06-23
9219,Everest Partners Co. 4,SMB,Finance,12,2025-07-03
9220,Silverline Solutions LLC 1,SMB,Manufacturing,24,2025-01-23
9221,Bluepeak Group Ltd. 2,Mid-Market,Professional Services,21,2022-09-10
9222,Anchor Dynamics Inc. 1,Mid-Market,Professional Services,9,2025-09-28
9223,Northwind Partners Corp. 2,SMB,Retail,8,2023-01-26
9224,Cascade Networks Ltd. 2,SMB,Technology,13,2019-09-17
9225,Falcon Enterprises Co. 4,SMB,Education,14,2022-05-30
9226,Orbit Group Corp. 3,Mid-Market,Manufacturing,2,2025-04-05
9227,Prime Dynamics Inc. 6,SMB,Retail,8,2023-08-21
9228,Everest Group Corp. 1,SMB,Manufacturing,5,2025-09-01
9229,Sterling Manufacturing Ltd. 2,Mid-Market,Education,5,2022-09-18
9230,Catalyst Enterprises Corp. 9,Mid-Market,Healthcare,11,2025-05-19
9231,Northwind Consulting Co.,SMB,Healthcare,2,2024-05-13
9232,Catalyst Networks LLC 6,Enterprise,Healthcare,21,2024-10-03
9233,Harbor Financial Co. 2,SMB,Professional Services,21,2025-12-09
9234,Nova Enterprises Ltd. 3,SMB,Technology,7,2021-02-11
9235,Vertex Consulting Corp. 2,Mid-Market,Finance,27,2023-05-25
9236,Ironclad Networks Inc. 1,SMB,Finance,18,2020-10-17
9237,Anchor Analytics LLC 5,Mid-Market,Education,10,2024-12-22
9238,Global Manufacturing Ltd. 5,SMB,Finance,6,2023-02-06
9239,Ironclad Industries Co. 2,SMB,Professional Services,13,2020-03-25
9240,Pioneer Analytics Corp. 6,SMB,Professional Services,29,2021-12-12
9241,Insight Materials LLC 5,Enterprise,Retail,1,2020-04-09
9242,Anchor Networks Ltd. 4,SMB,Finance,1,2022-03-16
9243,Insight Logistics Co. 6,SMB,Retail,13,2019-07-18
9244,Horizon Systems Inc. 2,SMB,Retail,28,2025-10-03
9245,Catalyst Retail LLC 5,SMB,Technology,9,2023-03-05
9246,Cascade Materials Ltd. 4,Enterprise,Education,23,2025-12-07
9247,Pioneer Financial Inc. 4,SMB,Manufacturing,18,2020-03-20
9248,Silverline Manufacturing Co. 5,Enterprise,Education,6,2021-09-09
9249,Silverline Holdings LLC 5,Mid-Market,Retail,28,2025-07-08
9250,Redwood Group Corp. 2,SMB,Professional Services,5,2023-11-04
9251,Everest Health Corp. 3,SMB,Technology,16,2019-06-29
9252,Crestline Systems LLC 4,SMB,Technology,20,2025-03-07
9253,Sterling Ventures Inc. 4,Mid-Market,Technology,21,2020-04-27
9254,Vertex Industries Inc. 3,Mid-Market,Professional Services,26,2020-10-31
9255,Falcon Analytics LLC 5,Mid-Market,Professional Services,22,2024-02-14
9256,Orbit Manufacturing LLC 1,Enterprise,Professional Services,20,2023-12-22
9257,Catalyst Enterprises Co. 5,SMB,Finance,5,2023-08-16
9258,Crestline Analytics Ltd. 1,SMB,Healthcare,10,2019-01-14
9259,Northwind Dynamics Inc. 3,Mid-Market,Finance,11,2020-09-29
9260,Insight Manufacturing Ltd. 2,Enterprise,Education,12,2021-05-31
9261,Vertex Foods Ltd. 2,Mid-Market,Healthcare,4,2021-10-20
9262,Ironclad Enterprises Inc. 3,SMB,Manufacturing,3,2019-07-08
9263,Northwind Systems Corp. 4,SMB,Retail,14,2023-09-23
9264,Cascade Financial Ltd. 1,Enterprise,Finance,22,2025-03-28
9265,Palisade Logistics Ltd. 3,Mid-Market,Manufacturing,27,2025-12-04
9266,Catalyst Networks Corp. 4,Mid-Market,Retail,29,2024-08-01
9267,Silverline Industries Corp. 2,Enterprise,Education,15,2020-06-01
9268,Sterling Industries Ltd. 3,SMB,Healthcare,27,2022-07-30
9269,Summit Group Co. 1,SMB,Manufacturing,14,2025-05-29
9270,Prime Health Inc. 2,Enterprise,Healthcare,15,2019-06-20
9271,Beacon Analytics Corp. 3,SMB,Technology,7,2020-08-06
9272,Sterling Networks Co. 2,Mid-Market,Retail,19,2020-11-07
9273,Summit Materials Corp. 2,Mid-Market,Manufacturing,10,2023-04-08
9274,Falcon Dynamics Inc. 2,SMB,Healthcare,15,2025-08-29
9275,Meridian Retail Inc. 4,Enterprise,Technology,29,2022-05-18
9276,Northwind Partners Ltd. 4,Mid-Market,Professional Services,17,2022-12-12
9277,Orbit Analytics Corp. 3,SMB,Education,10,2023-06-24
9278,Cascade Networks Ltd. 3,SMB,Professional Services,21,2024-12-16
9279,Redwood Ventures Inc. 3,Mid-Market,Technology,22,2021-01-01
9280,Nova Technologies Ltd. 3,SMB,Technology,19,2023-05-20
9281,Nova Health Corp. 1,Mid-Market,Healthcare,2,2025-06-23
9282,Insight Group Corp. 2,SMB,Technology,7,2025-07-27
9283,Beacon Logistics Corp. 4,Mid-Market,Manufacturing,4,2021-09-05
9284,Bluepeak Ventures LLC 1,SMB,Retail,29,2019-10-13
9285,Everest Ventures Ltd. 6,Mid-Market,Healthcare,10,2025-06-20
9286,Catalyst Manufacturing LLC 2,SMB,Finance,15,2025-06-11
9287,Palisade Retail Corp. 6,SMB,Manufacturing,28,2019-09-06
9288,Anchor Financial Co. 5,Mid-Market,Finance,30,2019-07-27
9289,Harbor Materials Ltd. 4,SMB,Manufacturing,7,2020-04-18
9290,Everest Technologies Inc. 6,Enterprise,Retail,26,2023-07-12
9291,Prime Materials Inc. 1,SMB,Professional Services,22,2021-02-12
9292,Anchor Logistics Corp. 1,Mid-Market,Finance,19,2020-09-05
9293,Nova Logistics Ltd. 2,Enterprise,Technology,6,2024-08-05
9294,Redwood Health Corp. 5,SMB,Professional Services,21,2020-09-15
9295,Apex Logistics Co. 5,Mid-Market,Retail,19,2025-09-20
9296,Vertex Retail Co. 2,SMB,Manufacturing,14,2022-01-25
9297,Anchor Consulting Corp. 4,SMB,Education,18,2021-12-16
9298,Cascade Industries LLC 2,Enterprise,Professional Services,7,2025-08-08
9299,Nova Analytics Inc.,Enterprise,Technology,19,2019-11-04
9300,Insight Enterprises Inc. 5,SMB,Professional Services,5,2019-10-21
9301,Harbor Logistics Ltd. 3,SMB,Retail,9,2022-01-13
9302,Horizon Partners LLC 3,Enterprise,Retail,15,2023-02-09
9303,Brightpath Technologies Inc. 2,Mid-Market,Professional Services,5,2022-07-22
9304,Crestline Analytics Inc. 3,SMB,Finance,28,2025-09-06
9305,Delta Holdings Corp. 1,SMB,Education,27,2025-12-13
9306,Palisade Industries Corp. 4,SMB,Manufacturing,15,2019-04-15
9307,Orbit Enterprises Inc. 3,Mid-Market,Professional Services,18,2020-02-27
9308,Granite Analytics Corp. 1,SMB,Manufacturing,9,2022-11-16
9309,Beacon Holdings Corp. 4,SMB,Education,7,2025-08-25
9310,Nova Dynamics Inc. 4,Mid-Market,Manufacturing,29,2020-12-16
9311,Orbit Networks Co. 2,Enterprise,Finance,13,2021-07-27
9312,Delta Health LLC,Enterprise,Finance,29,2020-08-13
9313,Ironclad Solutions Inc. 3,SMB,Professional Services,3,2025-10-08
9314,Apex Health Inc. 3,Mid-Market,Education,4,2020-01-29
9315,Catalyst Solutions Corp. 4,SMB,Healthcare,15,2022-12-14
9316,Silverline Manufacturing Ltd. 2,SMB,Professional Services,24,2019-02-28
9317,Prime Foods LLC 4,Mid-Market,Retail,13,2023-03-18
9318,Delta Health Ltd. 5,SMB,Technology,26,2021-09-30
9319,Falcon Logistics LLC 2,SMB,Education,4,2022-12-16
9320,Brightpath Enterprises Inc.,Enterprise,Healthcare,26,2019-07-25
9321,Anchor Materials Ltd. 4,SMB,Professional Services,14,2019-08-21
9322,Prime Health Ltd. 3,SMB,Manufacturing,9,2019-08-24
9323,Beacon Systems Ltd. 2,Mid-Market,Professional Services,20,2024-11-04
9324,Granite Group Corp. 2,SMB,Manufacturing,24,2024-01-25
9325,Prime Group Co. 2,SMB,Technology,28,2019-11-25
9326,Harbor Foods Co. 2,Mid-Market,Education,3,2021-03-18
9327,Apex Systems LLC 2,SMB,Education,22,2022-01-20
9328,Orbit Solutions Ltd. 1,SMB,Finance,10,2019-09-10
9329,Apex Systems Inc. 4,SMB,Healthcare,16,2024-11-16
9330,Orbit Financial Inc. 1,Enterprise,Professional Services,14,2021-07-16
9331,Sterling Systems Corp. 7,Mid-Market,Education,24,2023-09-10
9332,Falcon Group Ltd. 7,Mid-Market,Finance,12,2023-06-29
9333,Nova Logistics Corp. 2,SMB,Retail,9,2025-05-25
9334,Falcon Partners Inc. 2,SMB,Healthcare,15,2024-03-11
9335,Insight Industries Ltd. 4,SMB,Healthcare,21,2019-03-30
9336,Summit Networks Ltd. 2,Mid-Market,Retail,26,2020-02-01
9337,Harbor Materials Ltd. 5,SMB,Education,1,2022-02-11
9338,Granite Group Ltd. 1,SMB,Professional Services,18,2019-08-26
9339,Global Logistics Co. 2,SMB,Manufacturing,3,2021-09-28
9340,Summit Enterprises LLC 2,SMB,Healthcare,19,2025-11-03
9341,Anchor Holdings Inc. 2,SMB,Manufacturing,19,2020-06-09
9342,Meridian Systems Corp. 4,Enterprise,Retail,26,2023-12-07
9343,Prime Foods Co. 7,SMB,Professional Services,6,2020-10-26
9344,Meridian Financial Inc. 1,SMB,Technology,24,2019-03-29
9345,Bluepeak Logistics Co. 5,SMB,Retail,21,2019-09-09
9346,Insight Foods Ltd. 2,Mid-Market,Manufacturing,20,2019-09-23
9347,Prime Dynamics Inc. 7,SMB,Retail,20,2021-02-03
9348,Apex Health Corp. 2,Mid-Market,Technology,17,2025-09-21
9349,Delta Manufacturing LLC 5,Mid-Market,Technology,2,2023-05-06
9350,Everest Foods Ltd. 4,Mid-Market,Retail,25,2019-11-11
9351,Falcon Ventures Ltd. 2,Mid-Market,Healthcare,12,2019-06-29
9352,Insight Health LLC 1,Mid-Market,Retail,4,2025-10-17
9353,Summit Manufacturing Corp. 1,Mid-Market,Technology,19,2020-03-14
9354,Catalyst Foods Inc. 1,SMB,Education,29,2020-11-22
9355,Crestline Health Inc. 2,Mid-Market,Finance,22,2024-11-21
9356,Meridian Materials Ltd. 2,SMB,Manufacturing,8,2022-11-19
9357,Orbit Dynamics LLC 5,SMB,Finance,25,2020-08-02
9358,Insight Industries Co. 3,SMB,Finance,26,2023-08-26
9359,Redwood Networks Corp. 3,Mid-Market,Manufacturing,10,2021-08-07
9360,Horizon Ventures LLC 3,Enterprise,Retail,16,2023-01-26
9361,Apex Retail Co. 2,SMB,Retail,26,2019-09-05
9362,Brightpath Materials Inc. 6,SMB,Professional Services,5,2025-02-27
9363,Delta Consulting Co. 3,SMB,Healthcare,11,2023-03-03
9364,Anchor Logistics Inc. 2,Mid-Market,Professional Services,14,2019-01-12
9365,Harbor Financial Co. 3,SMB,Retail,1,2022-11-29
9366,Summit Holdings Corp. 6,SMB,Finance,6,2021-07-14
9367,Meridian Materials Corp. 3,SMB,Professional Services,19,2025-05-03
9368,Union Manufacturing Ltd. 2,SMB,Retail,8,2019-12-21
9369,Everest Logistics Ltd. 1,SMB,Healthcare,8,2021-05-02
9370,Northwind Dynamics LLC 5,SMB,Healthcare,9,2024-05-08
9371,Palisade Consulting Inc. 6,SMB,Retail,4,2020-07-29
9372,Horizon Financial Co. 4,SMB,Education,20,2021-03-11
9373,Brightpath Networks Corp. 3,SMB,Technology,8,2024-05-25
9374,Catalyst Solutions LLC 6,Mid-Market,Retail,20,2023-12-26
9375,Delta Solutions Co. 3,SMB,Manufacturing,25,2021-07-08
9376,Orbit Technologies Inc. 7,SMB,Professional Services,15,2022-04-09
9377,Silverline Networks Co. 1,Mid-Market,Education,28,2022-11-12
9378,Falcon Systems Inc. 2,Enterprise,Professional Services,6,2025-03-19
9379,Ironclad Group Ltd. 4,SMB,Technology,29,2023-08-18
9380,Bluepeak Ventures Inc. 4,SMB,Education,10,2023-02-23
9381,Crestline Ventures Inc. 3,Mid-Market,Finance,10,2024-09-03
9382,Anchor Ventures LLC 7,Mid-Market,Manufacturing,30,2021-02-16
9383,Anchor Ventures Inc. 1,Mid-Market,Professional Services,14,2022-02-08
9384,Ironclad Industries Inc. 2,SMB,Professional Services,23,2023-10-22
9385,Nova Health Ltd. 4,SMB,Healthcare,25,2021-10-29
9386,Nova Group Ltd. 2,SMB,Healthcare,14,2022-05-09
9387,Prime Industries LLC 7,Mid-Market,Education,10,2020-02-14
9388,Global Foods Ltd. 2,SMB,Professional Services,15,2023-04-09
9389,Silverline Enterprises LLC 2,SMB,Retail,12,2023-06-25
9390,Meridian Partners LLC 1,SMB,Technology,13,2024-12-28
9391,Cascade Dynamics Co. 1,Enterprise,Healthcare,8,2019-08-07
9392,Harbor Manufacturing Corp. 3,Enterprise,Education,28,2025-04-18
9393,Prime Logistics Inc. 4,SMB,Education,18,2019-08-08
9394,Delta Systems Ltd. 3,Mid-Market,Professional Services,24,2024-03-19
9395,Vertex Solutions LLC 3,SMB,Manufacturing,20,2023-02-14
9396,Union Health Inc. 2,SMB,Finance,11,2021-11-03
9397,Everest Enterprises LLC 4,Enterprise,Technology,10,2025-06-18
9398,Everest Financial LLC 5,Mid-Market,Education,30,2022-03-12
9399,Brightpath Ventures Inc. 5,SMB,Professional Services,1,2019-03-05
9400,Horizon Analytics Ltd. 2,SMB,Technology,9,2022-08-23
9401,Cascade Partners LLC,Mid-Market,Manufacturing,23,2024-03-17
9402,Meridian Foods Inc. 2,Mid-Market,Finance,17,2021-07-04
9403,Everest Ventures Inc. 3,SMB,Education,19,2019-07-08
9404,Cascade Materials Ltd. 5,Mid-Market,Education,1,2021-06-12
9405,Delta Group Corp. 4,SMB,Healthcare,7,2023-03-21
9406,Harbor Manufacturing Co. 4,SMB,Professional Services,18,2022-10-24
9407,Pioneer Dynamics Corp. 5,Mid-Market,Technology,10,2024-12-04
9408,Harbor Health Ltd. 2,SMB,Education,15,2020-11-21
9409,Brightpath Health Corp. 4,SMB,Education,29,2022-12-26
9410,Union Dynamics Corp. 2,Mid-Market,Healthcare,20,2025-10-29
9411,Northwind Systems Co. 1,SMB,Retail,19,2021-03-12
9412,Bluepeak Holdings Ltd. 1,SMB,Healthcare,6,2022-01-19
9413,Ironclad Group Corp. 3,SMB,Healthcare,18,2025-12-16
9414,Vertex Systems Co. 2,Mid-Market,Technology,29,2020-01-05
9415,Anchor Health Ltd. 3,SMB,Education,20,2023-01-06
9416,Palisade Enterprises Co. 5,Mid-Market,Education,24,2021-08-04
9417,Global Solutions Ltd.,SMB,Manufacturing,29,2019-04-28
9418,Horizon Consulting Ltd. 1,SMB,Education,28,2024-04-28
9419,Redwood Dynamics Corp. 3,Mid-Market,Finance,11,2020-05-23
9420,Beacon Technologies Co.,Mid-Market,Manufacturing,9,2025-03-30
9421,Crestline Enterprises LLC 2,SMB,Education,9,2021-12-04
9422,Falcon Manufacturing Corp. 1,Mid-Market,Manufacturing,24,2020-01-05
9423,Ironclad Ventures Co. 1,SMB,Retail,12,2020-09-20
9424,Ironclad Holdings LLC 3,SMB,Healthcare,25,2024-10-29
9425,Pioneer Consulting Corp. 4,SMB,Manufacturing,25,2021-08-13
9426,Union Materials Inc. 3,Enterprise,Education,20,2020-10-17
9427,Delta Consulting Corp. 5,Mid-Market,Education,4,2020-09-28
9428,Horizon Financial LLC 4,Mid-Market,Finance,22,2023-01-30
9429,Ironclad Health Corp. 7,SMB,Manufacturing,7,2025-07-18
9430,Global Enterprises LLC 6,SMB,Retail,17,2019-05-07
9431,Horizon Dynamics Co. 2,SMB,Professional Services,7,2020-02-03
9432,Apex Enterprises Co. 5,Enterprise,Education,2,2022-01-01
9433,Catalyst Enterprises Corp. 10,Mid-Market,Education,20,2020-06-16
9434,Insight Technologies Ltd. 3,Mid-Market,Education,14,2024-06-13
9435,Summit Financial Corp. 4,SMB,Finance,20,2025-05-31
9436,Anchor Manufacturing LLC 1,Mid-Market,Finance,15,2023-03-15
9437,Brightpath Solutions Corp. 1,Mid-Market,Manufacturing,12,2024-12-22
9438,Anchor Health Corp. 3,SMB,Finance,1,2024-08-08
9439,Redwood Health Ltd. 3,SMB,Professional Services,9,2020-02-10
9440,Insight Manufacturing Ltd. 3,Mid-Market,Professional Services,27,2019-07-19
9441,Summit Health LLC 5,SMB,Professional Services,23,2023-05-27
9442,Nova Financial Ltd. 3,Enterprise,Retail,14,2025-11-16
9443,Prime Financial Co. 1,Enterprise,Healthcare,1,2024-10-27
9444,Catalyst Financial Corp.,Enterprise,Healthcare,30,2023-04-25
9445,Apex Industries Co. 2,Mid-Market,Healthcare,23,2019-10-11
9446,Pioneer Systems Corp. 4,SMB,Retail,1,2024-06-15
9447,Anchor Manufacturing Inc. 3,SMB,Finance,7,2023-10-12
9448,Meridian Analytics Inc. 4,SMB,Retail,6,2025-07-14
9449,Anchor Foods LLC 1,Mid-Market,Professional Services,28,2023-12-19
9450,Bluepeak Consulting Corp.,SMB,Finance,29,2019-09-22
9451,Apex Partners Co. 4,SMB,Professional Services,13,2023-04-07
9452,Brightpath Health LLC 2,Mid-Market,Manufacturing,6,2021-10-29
9453,Pioneer Manufacturing LLC 3,SMB,Education,20,2021-12-13
9454,Silverline Ventures Ltd. 5,SMB,Technology,9,2023-06-06
9455,Falcon Group LLC 5,SMB,Healthcare,4,2025-04-18
9456,Vertex Materials Corp. 1,Mid-Market,Professional Services,8,2024-04-25
9457,Horizon Solutions LLC 2,SMB,Professional Services,8,2019-02-27
9458,Harbor Retail LLC,SMB,Manufacturing,2,2020-01-11
9459,Northwind Retail Inc. 5,SMB,Technology,22,2021-07-17
9460,Cascade Ventures Corp. 4,SMB,Technology,11,2023-10-17
9461,Palisade Financial Corp. 3,Mid-Market,Finance,17,2023-06-10
9462,Pioneer Health Inc. 4,SMB,Professional Services,17,2022-07-11
9463,Summit Industries Ltd. 4,SMB,Finance,24,2022-01-04
9464,Everest Holdings LLC 2,SMB,Professional Services,23,2024-07-11
9465,Harbor Solutions Ltd. 2,Enterprise,Manufacturing,17,2019-09-02
9466,Insight Partners Inc. 4,Mid-Market,Technology,26,2023-03-01
9467,Global Manufacturing Inc. 2,Enterprise,Manufacturing,18,2024-08-28
9468,Redwood Solutions Inc. 3,Enterprise,Finance,1,2020-11-27
9469,Everest Industries Corp. 2,SMB,Healthcare,26,2020-05-31
9470,Everest Consulting Inc. 3,Mid-Market,Retail,24,2023-09-18
9471,Bluepeak Consulting LLC 3,SMB,Healthcare,13,2020-03-24
9472,Silverline Dynamics Corp. 1,SMB,Professional Services,12,2022-06-01
9473,Nova Analytics Ltd. 3,SMB,Education,27,2025-06-16
9474,Nova Manufacturing Ltd. 2,Mid-Market,Education,13,2019-06-05
9475,Cascade Networks Corp.,SMB,Technology,12,2025-05-12
9476,Horizon Industries Inc. 2,SMB,Professional Services,22,2020-05-01
9477,Insight Materials Co. 2,SMB,Manufacturing,10,2022-05-17
9478,Apex Consulting Ltd. 2,Mid-Market,Education,13,2019-12-04
9479,Redwood Solutions Co. 2,SMB,Healthcare,24,2023-12-20
9480,Ironclad Technologies Co. 3,Enterprise,Education,7,2025-12-25
9481,Summit Partners Ltd. 2,SMB,Finance,1,2021-02-11
9482,Orbit Technologies Co. 4,Mid-Market,Retail,11,2025-06-21
9483,Harbor Foods Corp. 2,Mid-Market,Healthcare,6,2024-02-09
9484,Pioneer Health Corp. 2,SMB,Professional Services,11,2025-10-03
9485,Nova Industries Corp. 2,Mid-Market,Retail,3,2023-09-14
9486,Nova Holdings Corp. 2,SMB,Manufacturing,18,2023-10-10
9487,Summit Group Corp. 3,SMB,Manufacturing,16,2025-08-09
9488,Falcon Financial LLC 1,Mid-Market,Technology,9,2024-02-03
9489,Summit Consulting Ltd. 3,Mid-Market,Finance,19,2024-12-06
9490,Crestline Financial LLC 4,Enterprise,Education,5,2020-12-28
9491,Delta Holdings Co. 1,SMB,Education,1,2020-03-07
9492,Insight Industries Ltd. 5,SMB,Professional Services,15,2023-06-24
9493,Nova Enterprises Co. 1,Enterprise,Technology,5,2020-10-07
9494,Bluepeak Foods Ltd. 4,SMB,Healthcare,26,2022-01-03
9495,Vertex Foods Corp. 2,Enterprise,Education,10,2024-12-26
9496,Vertex Enterprises LLC,SMB,Finance,13,2023-06-02
9497,Harbor Group Ltd. 5,SMB,Healthcare,9,2025-08-09
9498,Bluepeak Systems Corp. 4,Enterprise,Healthcare,14,2021-06-25
9499,Union Networks LLC 4,SMB,Professional Services,3,2020-12-18
9500,Nova Logistics Inc. 3,Mid-Market,Professional Services,29,2020-06-30
9501,Crestline Systems Inc. 1,SMB,Technology,6,2025-10-31
9502,Bluepeak Health LLC 3,SMB,Education,12,2022-01-03
9503,Brightpath Analytics Ltd.,SMB,Manufacturing,26,2025-06-09
9504,Granite Partners Co. 5,Mid-Market,Education,13,2021-05-31
9505,Prime Dynamics Co. 3,SMB,Retail,22,2021-01-05
9506,Sterling Dynamics Corp.,Mid-Market,Retail,3,2024-05-24
9507,Silverline Retail Co. 4,SMB,Retail,9,2023-04-29
9508,Catalyst Analytics Inc. 3,Mid-Market,Education,23,2022-09-03
9509,Bluepeak Industries Co. 2,SMB,Education,8,2022-01-30
9510,Meridian Partners Co. 4,Enterprise,Manufacturing,13,2022-04-07
9511,Union Materials Corp. 3,SMB,Technology,3,2024-11-02
9512,Orbit Dynamics Inc. 4,SMB,Technology,16,2020-01-27
9513,Beacon Foods Ltd. 1,Mid-Market,Finance,11,2019-05-11
9514,Global Logistics Inc.,SMB,Manufacturing,26,2019-01-16
9515,Bluepeak Materials Ltd. 3,SMB,Professional Services,12,2022-06-19
9516,Vertex Logistics LLC 4,Mid-Market,Technology,25,2024-09-21
9517,Nova Analytics Corp. 2,SMB,Professional Services,28,2023-09-11
9518,Summit Networks Co. 6,SMB,Technology,26,2025-12-06
9519,Bluepeak Holdings Inc. 2,SMB,Manufacturing,23,2023-04-09
9520,Horizon Retail Inc. 2,Enterprise,Finance,18,2022-07-25
9521,Beacon Networks Corp.,SMB,Manufacturing,15,2023-01-26
9522,Redwood Systems Ltd. 4,Enterprise,Technology,3,2025-03-04
9523,Catalyst Dynamics LLC 4,SMB,Education,5,2019-02-07
9524,Falcon Networks Inc. 3,Enterprise,Technology,12,2022-04-07
9525,Catalyst Holdings Ltd. 2,Enterprise,Education,20,2021-11-16
9526,Meridian Retail Ltd. 1,Enterprise,Manufacturing,1,2025-09-02
9527,Insight Enterprises Co. 3,Mid-Market,Professional Services,29,2020-04-23
9528,Cascade Dynamics Co. 2,SMB,Professional Services,30,2019-03-07
9529,Delta Ventures Ltd. 6,SMB,Education,3,2023-06-03
9530,Vertex Consulting Inc. 2,SMB,Manufacturing,3,2023-05-17
9531,Insight Enterprises LLC 1,SMB,Finance,26,2021-03-27
9532,Northwind Financial Ltd. 4,Enterprise,Retail,6,2022-10-11
9533,Union Financial Corp. 3,Enterprise,Retail,6,2023-03-06
9534,Bluepeak Enterprises Inc. 1,SMB,Education,6,2021-06-21
9535,Horizon Analytics Corp. 3,SMB,Manufacturing,22,2021-12-10
9536,Northwind Industries Ltd. 1,SMB,Manufacturing,4,2019-12-29
9537,Union Networks Ltd. 3,Mid-Market,Technology,6,2024-05-24
9538,Pioneer Networks Co. 6,SMB,Healthcare,12,2021-09-21
9539,Vertex Networks Inc. 2,Enterprise,Education,19,2023-07-08
9540,Granite Foods Co. 4,SMB,Professional Services,30,2021-12-26
9541,Apex Manufacturing Corp. 3,Enterprise,Retail,8,2020-02-19
9542,Anchor Enterprises LLC 2,SMB,Finance,8,2023-11-26
9543,Northwind Networks Co. 3,Mid-Market,Technology,17,2021-12-02
9544,Northwind Consulting Inc.,SMB,Technology,13,2020-04-18
9545,Bluepeak Holdings Inc. 3,Enterprise,Retail,19,2025-07-14
9546,Cascade Holdings Ltd. 2,SMB,Retail,8,2025-04-02
9547,Anchor Logistics Ltd. 4,Enterprise,Healthcare,19,2024-02-02
9548,Delta Partners Inc. 8,SMB,Healthcare,28,2023-01-12
9549,Bluepeak Ventures Co. 6,Enterprise,Technology,21,2023-05-17
9550,Vertex Health Co. 6,Enterprise,Retail,23,2021-07-09
9551,Global Dynamics Ltd. 3,SMB,Retail,3,2020-11-03
9552,Anchor Manufacturing LLC 2,Enterprise,Finance,28,2023-02-22
9553,Granite Group Co. 3,Mid-Market,Education,22,2024-03-06
9554,Summit Materials Inc. 8,SMB,Education,19,2022-06-19
9555,Brightpath Holdings Ltd. 4,SMB,Manufacturing,5,2025-04-08
9556,Horizon Logistics Co. 3,SMB,Healthcare,17,2021-09-19
9557,Horizon Dynamics Corp. 2,Mid-Market,Technology,21,2021-08-20
9558,Delta Materials LLC 2,SMB,Education,19,2021-12-23
9559,Prime Holdings Corp. 2,SMB,Retail,4,2023-12-05
9560,Northwind Holdings Inc. 1,Enterprise,Finance,2,2019-03-12
9561,Pioneer Materials Inc.,SMB,Technology,15,2024-03-13
9562,Granite Manufacturing LLC 6,Enterprise,Education,22,2022-11-18
9563,Granite Consulting Inc. 1,SMB,Professional Services,12,2021-03-03
9564,Granite Materials Ltd. 1,SMB,Manufacturing,21,2023-08-06
9565,Horizon Group Ltd. 2,Mid-Market,Healthcare,30,2025-04-22
9566,Vertex Holdings Co. 3,Mid-Market,Retail,27,2022-07-15
9567,Harbor Financial LLC 1,Mid-Market,Professional Services,19,2024-03-04
9568,Union Solutions Co. 5,Mid-Market,Retail,22,2020-05-22
9569,Prime Consulting LLC 6,SMB,Technology,3,2022-04-23
9570,Summit Dynamics Corp. 4,SMB,Healthcare,3,2021-01-14
9571,Catalyst Solutions Co. 2,SMB,Technology,22,2025-12-12
9572,Delta Financial LLC,Mid-Market,Finance,25,2020-07-13
9573,Global Foods Inc. 3,SMB,Manufacturing,6,2025-08-18
9574,Silverline Holdings Co. 2,Mid-Market,Manufacturing,18,2021-11-10
9575,Silverline Materials LLC 3,Mid-Market,Education,9,2022-06-27
9576,Orbit Materials LLC 4,SMB,Technology,4,2022-09-01
9577,Cascade Logistics Ltd. 3,SMB,Professional Services,12,2020-09-10
9578,Northwind Financial Corp. 2,SMB,Healthcare,14,2020-09-02
9579,Bluepeak Holdings Inc. 4,SMB,Manufacturing,24,2021-08-19
9580,Granite Industries Co. 3,Mid-Market,Healthcare,26,2024-03-19
9581,Insight Foods Corp. 4,SMB,Finance,29,2023-11-27
9582,Pioneer Dynamics LLC 5,SMB,Education,4,2025-12-24
9583,Anchor Solutions Inc. 4,SMB,Technology,28,2019-08-14
9584,Brightpath Financial Ltd. 2,Mid-Market,Manufacturing,16,2024-04-24
9585,Prime Networks Ltd. 7,Enterprise,Retail,6,2020-05-13
9586,Vertex Retail Ltd. 5,Mid-Market,Manufacturing,20,2022-07-30
9587,Beacon Foods Ltd. 2,Enterprise,Finance,2,2020-05-16
9588,Bluepeak Partners Co. 1,Enterprise,Finance,14,2025-07-20
9589,Pioneer Foods Ltd. 5,SMB,Professional Services,25,2022-07-20
9590,Insight Enterprises LLC 2,SMB,Healthcare,30,2022-04-15
9591,Granite Consulting LLC 1,Mid-Market,Manufacturing,9,2021-02-24
9592,Meridian Group LLC 3,SMB,Finance,6,2022-02-21
9593,Meridian Systems Ltd. 2,SMB,Education,18,2019-10-10
9594,Meridian Technologies Inc. 2,SMB,Education,5,2023-10-15
9595,Vertex Partners LLC 7,SMB,Education,30,2022-12-29
9596,Pioneer Logistics Corp. 2,SMB,Technology,10,2019-09-12
9597,Crestline Retail Corp. 3,Mid-Market,Technology,6,2019-09-19
9598,Cascade Technologies Inc. 5,Mid-Market,Finance,8,2021-01-18
9599,Nova Analytics Inc. 1,SMB,Manufacturing,12,2022-04-24
9600,Summit Analytics Co. 5,SMB,Technology,23,2020-07-23
9601,Granite Foods Inc. 5,SMB,Professional Services,27,2019-12-02
9602,Falcon Foods Inc. 3,SMB,Professional Services,23,2019-09-04
9603,Northwind Industries Inc. 5,Mid-Market,Finance,20,2021-02-18
9604,Union Holdings LLC 6,Mid-Market,Education,9,2023-05-29
9605,Nova Health LLC,SMB,Manufacturing,29,2023-09-30
9606,Granite Consulting Co. 3,Enterprise,Retail,30,2020-12-24
9607,Delta Holdings Inc. 6,SMB,Professional Services,19,2022-01-31
9608,Vertex Financial Inc. 3,SMB,Technology,24,2023-05-26
9609,Horizon Partners Inc. 3,SMB,Healthcare,10,2021-07-09
9610,Northwind Group Ltd. 2,Mid-Market,Finance,14,2025-11-06
9611,Apex Foods Co. 5,SMB,Professional Services,25,2023-11-06
9612,Bluepeak Financial Inc. 4,Enterprise,Retail,13,2023-01-18
9613,Palisade Networks Corp. 10,SMB,Finance,23,2022-06-26
9614,Anchor Consulting LLC 6,Enterprise,Technology,26,2022-06-11
9615,Global Consulting Ltd. 6,SMB,Retail,29,2021-01-15
9616,Bluepeak Holdings Ltd. 2,Mid-Market,Healthcare,9,2019-07-17
9617,Delta Manufacturing LLC 6,Mid-Market,Finance,15,2024-11-11
9618,Falcon Industries Ltd.,SMB,Professional Services,12,2025-05-03
9619,Ironclad Retail Inc. 5,Mid-Market,Manufacturing,16,2025-10-26
9620,Beacon Foods Corp. 4,Mid-Market,Technology,23,2021-10-29
9621,Prime Technologies Co. 4,SMB,Technology,10,2025-08-16
9622,Falcon Consulting Co. 3,SMB,Finance,7,2023-12-01
9623,Silverline Industries Inc. 3,Mid-Market,Technology,9,2021-12-14
9624,Palisade Industries Inc. 2,SMB,Manufacturing,23,2025-06-05
9625,Prime Consulting Co. 2,SMB,Finance,30,2025-10-11
9626,Vertex Materials LLC 2,SMB,Professional Services,4,2022-09-26
9627,Redwood Foods Ltd. 1,Mid-Market,Finance,30,2024-06-15
9628,Redwood Partners Corp. 2,Enterprise,Healthcare,1,2024-06-07
9629,Brightpath Health Corp. 5,SMB,Retail,16,2023-04-06
9630,Delta Logistics LLC 2,Mid-Market,Retail,5,2021-12-16
9631,Catalyst Dynamics Ltd. 2,Mid-Market,Technology,29,2019-12-10
9632,Northwind Partners LLC 4,SMB,Technology,23,2025-12-25
9633,Orbit Analytics Ltd. 4,Mid-Market,Healthcare,11,2019-07-03
9634,Apex Dynamics LLC 2,SMB,Education,21,2019-12-11
9635,Catalyst Dynamics Co. 6,Enterprise,Healthcare,26,2021-08-15
9636,Nova Dynamics Ltd. 3,SMB,Professional Services,7,2021-10-15
9637,Apex Partners Corp. 4,SMB,Manufacturing,20,2020-11-13
9638,Redwood Dynamics Inc. 4,SMB,Professional Services,9,2019-07-19
9639,Granite Systems LLC 5,SMB,Healthcare,22,2025-04-17
9640,Cascade Retail Ltd. 2,SMB,Finance,18,2022-08-04
9641,Vertex Group Corp. 1,Mid-Market,Technology,22,2025-10-14
9642,Vertex Networks Inc. 3,SMB,Education,20,2025-02-22
9643,Everest Technologies Inc. 7,SMB,Retail,20,2022-06-16
9644,Sterling Logistics Ltd. 3,SMB,Technology,3,2021-09-19
9645,Silverline Group LLC 3,Mid-Market,Education,26,2020-10-13
9646,Granite Technologies Corp. 4,Enterprise,Professional Services,6,2025-12-13
9647,Pioneer Group Ltd. 4,SMB,Retail,12,2023-03-27
9648,Union Health Co. 6,SMB,Education,16,2024-11-18
9649,Bluepeak Retail LLC 4,Mid-Market,Healthcare,26,2025-11-21
9650,Prime Materials Ltd. 6,Mid-Market,Manufacturing,19,2020-07-26
9651,Granite Holdings Co. 6,SMB,Education,6,2025-06-21
9652,Harbor Consulting Co. 3,Enterprise,Retail,9,2024-07-23
9653,Everest Foods Co. 4,SMB,Retail,6,2022-03-08
9654,Nova Consulting Inc. 4,Mid-Market,Education,18,2025-08-22
9655,Anchor Retail Inc. 2,Enterprise,Retail,22,2023-02-16
9656,Bluepeak Holdings Co. 4,Enterprise,Technology,22,2021-10-03
9657,Cascade Enterprises LLC 4,SMB,Healthcare,23,2020-02-13
9658,Vertex Partners LLC 8,SMB,Education,22,2024-02-04
9659,Brightpath Analytics Corp. 5,Enterprise,Healthcare,28,2024-06-01
9660,Everest Solutions Ltd. 3,Mid-Market,Retail,28,2020-06-12
9661,Horizon Partners Inc. 4,Mid-Market,Manufacturing,9,2021-08-08
9662,Ironclad Analytics Ltd. 1,Mid-Market,Retail,10,2019-05-21
9663,Sterling Systems Inc. 1,SMB,Healthcare,2,2022-11-25
9664,Union Group LLC 2,Enterprise,Finance,9,2023-03-14
9665,Prime Analytics Co. 3,SMB,Retail,16,2024-12-08
9666,Global Holdings Inc. 2,Mid-Market,Healthcare,20,2019-03-08
9667,Delta Consulting Inc. 3,Mid-Market,Finance,27,2019-11-02
9668,Brightpath Networks Corp. 4,Mid-Market,Professional Services,18,2019-03-22
9669,Anchor Enterprises LLC 3,Mid-Market,Healthcare,30,2025-08-11
9670,Redwood Dynamics LLC 4,Mid-Market,Retail,17,2022-08-03
9671,Cascade Retail Corp. 4,Enterprise,Healthcare,26,2020-09-20
9672,Prime Analytics Inc. 1,Enterprise,Retail,25,2019-02-18
9673,Sterling Analytics Inc. 2,SMB,Technology,15,2019-09-04
9674,Delta Materials Co.,Mid-Market,Retail,27,2024-01-15
9675,Northwind Networks Co. 4,Mid-Market,Manufacturing,26,2022-05-12
9676,Global Solutions Corp.,Enterprise,Retail,10,2024-02-21
9677,Nova Industries Co. 5,SMB,Technology,7,2020-11-08
9678,Brightpath Enterprises Co. 6,SMB,Manufacturing,4,2022-01-28
9679,Prime Retail LLC 6,SMB,Manufacturing,28,2023-05-14
9680,Delta Enterprises Inc. 4,SMB,Healthcare,14,2020-06-26
9681,Crestline Financial LLC 5,SMB,Finance,18,2021-01-04
9682,Silverline Logistics Co. 1,Mid-Market,Retail,9,2019-12-28
9683,Horizon Consulting Co. 3,SMB,Manufacturing,12,2023-12-25
9684,Orbit Industries Ltd. 4,SMB,Retail,13,2023-01-28
9685,Palisade Materials Ltd. 3,Enterprise,Professional Services,18,2022-02-10
9686,Catalyst Retail LLC 6,Mid-Market,Finance,6,2022-12-21
9687,Beacon Logistics Corp. 5,Mid-Market,Professional Services,24,2020-03-09
9688,Redwood Health LLC 2,Enterprise,Professional Services,12,2024-09-08
9689,Orbit Holdings LLC 2,SMB,Retail,8,2024-04-14
9690,Northwind Enterprises Ltd. 5,Enterprise,Healthcare,1,2020-04-10
9691,Insight Health Corp. 2,SMB,Finance,4,2025-03-13
9692,Beacon Consulting Corp.,SMB,Technology,9,2021-10-04
9693,Falcon Ventures LLC 4,Mid-Market,Retail,22,2022-03-31
9694,Beacon Networks Ltd. 2,Mid-Market,Healthcare,26,2022-09-19
9695,Apex Logistics Corp.,SMB,Professional Services,29,2024-07-19
9696,Prime Dynamics Inc. 8,SMB,Retail,9,2020-02-24
9697,Orbit Ventures Ltd. 4,Mid-Market,Manufacturing,20,2020-11-08
9698,Northwind Industries LLC,Mid-Market,Healthcare,9,2025-07-21
9699,Granite Logistics Corp. 2,SMB,Technology,5,2025-07-25
9700,Silverline Health Co. 1,SMB,Retail,17,2024-08-29
9701,Horizon Industries Ltd. 1,Mid-Market,Education,20,2020-03-06
9702,Brightpath Enterprises Inc. 1,Mid-Market,Healthcare,23,2023-03-01
9703,Cascade Ventures Ltd. 3,SMB,Technology,4,2022-02-13
9704,Pioneer Industries LLC 4,Mid-Market,Finance,23,2019-07-13
9705,Harbor Systems Ltd. 2,Enterprise,Education,10,2024-12-30
9706,Harbor Technologies LLC 7,SMB,Retail,9,2019-08-20
9707,Catalyst Holdings Corp. 9,Enterprise,Technology,1,2020-11-24
9708,Northwind Retail Ltd. 3,Mid-Market,Technology,7,2020-01-21
9709,Delta Technologies Inc. 5,SMB,Technology,15,2023-01-09
9710,Crestline Consulting Inc. 4,SMB,Education,6,2024-04-26
9711,Falcon Partners Ltd. 4,SMB,Education,10,2020-11-08
9712,Falcon Logistics Inc. 4,Mid-Market,Finance,16,2024-06-21
9713,Vertex Health Co. 7,SMB,Retail,3,2020-03-23
9714,Northwind Retail Corp. 5,SMB,Technology,27,2021-06-30
9715,Palisade Industries Inc. 3,SMB,Manufacturing,10,2020-09-12
9716,Prime Industries Ltd. 3,SMB,Healthcare,23,2022-03-07
9717,Delta Dynamics Co. 4,SMB,Education,20,2025-11-12
9718,Palisade Foods Inc. 1,SMB,Manufacturing,23,2024-02-27
9719,Horizon Materials Co. 2,SMB,Education,9,2020-06-09
9720,Catalyst Consulting Corp. 1,Enterprise,Manufacturing,6,2025-10-06
9721,Summit Retail Ltd. 4,SMB,Manufacturing,5,2023-10-08
9722,Cascade Technologies LLC 1,SMB,Professional Services,7,2022-03-06
9723,Vertex Analytics Inc. 4,Mid-Market,Professional Services,17,2025-05-30
9724,Global Financial Co. 1,Enterprise,Manufacturing,19,2024-05-03
9725,Beacon Financial Ltd. 3,SMB,Finance,23,2024-02-07
9726,Nova Analytics LLC 1,Mid-Market,Retail,29,2020-05-28
9727,Palisade Ventures LLC 4,SMB,Healthcare,25,2019-11-24
9728,Apex Holdings Ltd. 2,SMB,Finance,11,2025-01-21
9729,Falcon Analytics LLC 6,Enterprise,Education,15,2023-10-05
9730,Insight Holdings Ltd. 1,Mid-Market,Professional Services,29,2024-09-19
9731,Northwind Networks Inc. 3,SMB,Finance,22,2024-05-11
9732,Silverline Solutions Co. 1,Enterprise,Finance,13,2025-04-27
9733,Union Partners Ltd. 4,SMB,Professional Services,25,2021-08-17
9734,Brightpath Industries LLC 3,Mid-Market,Healthcare,5,2021-06-14
9735,Global Enterprises Corp. 5,Mid-Market,Technology,21,2020-08-28
9736,Insight Industries Inc. 4,SMB,Technology,29,2019-09-27
9737,Harbor Materials Corp. 4,Mid-Market,Technology,16,2022-05-19
9738,Silverline Ventures LLC 7,SMB,Professional Services,19,2022-06-27
9739,Ironclad Ventures LLC 2,SMB,Technology,2,2019-10-20
9740,Vertex Analytics Co. 2,Enterprise,Finance,19,2023-03-23
9741,Beacon Materials Corp. 3,Mid-Market,Retail,9,2021-07-17
9742,Redwood Ventures Inc. 4,SMB,Retail,30,2022-03-12
9743,Crestline Consulting Corp. 4,SMB,Education,10,2022-07-27
9744,Northwind Technologies Inc. 5,SMB,Professional Services,10,2021-03-04
9745,Apex Analytics Corp. 5,SMB,Finance,12,2023-10-18
9746,Catalyst Enterprises Ltd. 3,Enterprise,Healthcare,21,2022-07-27
9747,Summit Technologies Inc. 3,Enterprise,Technology,29,2022-02-02
9748,Ironclad Enterprises Inc. 4,SMB,Professional Services,11,2021-11-12
9749,Delta Partners LLC 2,SMB,Finance,7,2019-03-02
9750,Summit Technologies Corp. 5,SMB,Professional Services,23,2024-05-25
9751,Nova Manufacturing Inc. 3,Mid-Market,Finance,17,2025-10-06
9752,Beacon Retail LLC 3,SMB,Education,14,2019-12-01
9753,Delta Systems Ltd. 4,SMB,Retail,30,2021-01-09
9754,Apex Solutions Corp. 4,Mid-Market,Retail,15,2024-12-04
9755,Prime Health Corp. 2,SMB,Retail,19,2023-12-17
9756,Union Ventures Inc. 4,SMB,Finance,30,2021-03-09
9757,Ironclad Holdings Ltd. 2,Mid-Market,Technology,7,2023-07-19
9758,Redwood Dynamics Corp. 4,Mid-Market,Technology,28,2025-06-02
9759,Prime Industries Corp. 1,Mid-Market,Finance,29,2020-07-15
9760,Ironclad Foods Ltd. 2,SMB,Professional Services,15,2023-10-04
9761,Summit Ventures Inc. 3,Mid-Market,Retail,11,2024-09-06
9762,Falcon Holdings Ltd. 4,Enterprise,Retail,5,2019-09-01
9763,Ironclad Technologies LLC 3,Enterprise,Healthcare,2,2025-07-16
9764,Cascade Ventures Inc. 4,Enterprise,Manufacturing,30,2025-09-18
9765,Cascade Manufacturing LLC 2,Mid-Market,Finance,13,2024-02-17
9766,Cascade Analytics LLC 2,SMB,Technology,21,2022-08-10
9767,Orbit Holdings Corp. 4,Enterprise,Retail,8,2023-03-24
9768,Vertex Financial LLC 1,Mid-Market,Finance,10,2023-07-16
9769,Union Technologies Ltd. 1,Enterprise,Finance,25,2020-01-29
9770,Vertex Technologies LLC 2,Mid-Market,Retail,20,2021-01-23
9771,Northwind Analytics Inc. 2,Enterprise,Technology,7,2019-09-15
9772,Falcon Manufacturing LLC 3,SMB,Professional Services,1,2021-08-04
9773,Ironclad Dynamics Corp. 2,SMB,Healthcare,25,2024-03-19
9774,Granite Analytics Inc. 3,SMB,Retail,3,2025-03-13
9775,Sterling Manufacturing Inc. 4,Mid-Market,Education,2,2021-08-06
9776,Catalyst Networks Inc. 2,SMB,Healthcare,10,2023-04-24
9777,Apex Holdings LLC 3,SMB,Healthcare,28,2023-03-01
9778,Redwood Analytics Co. 4,Enterprise,Finance,20,2022-04-22
9779,Bluepeak Manufacturing Corp. 3,Mid-Market,Education,2,2023-11-10
9780,Global Retail Inc. 6,SMB,Retail,28,2020-01-21
9781,Apex Networks Inc. 4,Mid-Market,Manufacturing,29,2019-07-11
9782,Vertex Group Inc. 3,Mid-Market,Education,21,2021-06-08
9783,Global Industries Inc. 3,SMB,Manufacturing,3,2025-10-13
9784,Orbit Group Corp. 4,Enterprise,Professional Services,1,2025-09-02
9785,Summit Analytics Ltd. 2,SMB,Education,27,2023-06-07
9786,Delta Group Corp. 5,Mid-Market,Healthcare,25,2023-01-19
9787,Brightpath Manufacturing Corp. 1,Enterprise,Finance,25,2023-06-07
9788,Harbor Holdings Corp. 1,Enterprise,Technology,15,2022-01-02
9789,Apex Health LLC 8,Mid-Market,Healthcare,18,2021-01-07
9790,Apex Health Co. 3,SMB,Technology,6,2019-01-15
9791,Falcon Foods Ltd. 6,SMB,Technology,2,2019-02-19
9792,Cascade Analytics Co. 2,SMB,Technology,7,2025-10-20
9793,Beacon Manufacturing Inc.,SMB,Retail,19,2024-03-18
9794,Vertex Systems Corp. 3,Mid-Market,Finance,13,2023-10-31
9795,Global Systems Co. 3,Mid-Market,Manufacturing,19,2024-11-28
9796,Silverline Networks Ltd. 2,Enterprise,Education,14,2023-04-01
9797,Brightpath Materials Ltd. 1,SMB,Education,17,2023-09-03
9798,Pioneer Solutions Corp. 6,Mid-Market,Manufacturing,29,2024-07-12
9799,Global Logistics LLC 5,Mid-Market,Manufacturing,19,2019-11-16
9800,Horizon Financial Ltd. 1,SMB,Retail,29,2020-04-24
9801,Pioneer Foods Corp. 4,SMB,Finance,30,2022-11-22
9802,Insight Manufacturing Corp. 4,Mid-Market,Manufacturing,19,2019-09-05
9803,Insight Manufacturing LLC 4,SMB,Finance,30,2023-08-13
9804,Global Industries Inc. 4,SMB,Healthcare,8,2024-10-28
9805,Orbit Systems Ltd. 3,SMB,Healthcare,16,2024-11-10
9806,Cascade Partners Co. 3,Enterprise,Retail,3,2021-04-06
9807,Global Foods Inc. 4,Mid-Market,Education,3,2020-06-02
9808,Sterling Systems Corp. 8,Mid-Market,Finance,4,2025-09-16
9809,Everest Materials Ltd. 4,SMB,Technology,5,2025-05-21
9810,Union Group Inc. 2,SMB,Retail,13,2021-03-12
9811,Granite Industries LLC 1,SMB,Professional Services,22,2025-04-04
9812,Sterling Industries Co. 2,Mid-Market,Manufacturing,30,2025-03-01
9813,Ironclad Ventures Ltd. 2,Mid-Market,Technology,30,2021-05-14
9814,Harbor Systems Co. 1,SMB,Technology,6,2021-07-17
9815,Anchor Logistics Co. 2,Mid-Market,Manufacturing,14,2025-07-09
9816,Beacon Health Ltd. 1,SMB,Professional Services,13,2024-03-11
9817,Catalyst Manufacturing LLC 3,SMB,Technology,3,2023-04-28
9818,Global Partners Co. 2,Mid-Market,Education,2,2025-09-01
9819,Beacon Retail Corp. 9,Mid-Market,Education,11,2025-01-19
9820,Beacon Industries Corp. 4,Enterprise,Technology,26,2019-07-11
9821,Silverline Holdings Corp. 2,Mid-Market,Healthcare,12,2022-06-28
9822,Ironclad Technologies Corp. 3,SMB,Technology,12,2025-04-08
9823,Delta Systems Corp. 4,Mid-Market,Manufacturing,30,2019-10-12
9824,Nova Financial Ltd. 4,Mid-Market,Healthcare,12,2019-07-04
9825,Redwood Holdings Inc. 5,Enterprise,Professional Services,21,2025-01-04
9826,Catalyst Industries Corp. 4,Enterprise,Technology,30,2024-06-09
9827,Prime Health Corp. 3,SMB,Retail,4,2020-03-03
9828,Prime Financial Corp. 2,SMB,Education,16,2020-04-07
9829,Global Holdings Ltd. 3,SMB,Healthcare,11,2024-10-29
9830,Northwind Networks LLC 4,SMB,Healthcare,4,2020-06-18
9831,Bluepeak Ventures Co. 7,Mid-Market,Education,2,2020-01-04
9832,Harbor Networks Inc. 3,SMB,Technology,20,2025-05-08
9833,Apex Materials Ltd. 3,Enterprise,Manufacturing,20,2024-08-19
9834,Sterling Holdings Inc. 3,SMB,Healthcare,17,2021-10-29
9835,Summit Foods Ltd. 3,Enterprise,Technology,21,2023-05-20
9836,Catalyst Manufacturing Inc. 4,Mid-Market,Manufacturing,22,2022-01-05
9837,Silverline Systems LLC 4,Enterprise,Manufacturing,2,2020-12-02
9838,Meridian Consulting LLC 4,SMB,Finance,2,2025-11-27
9839,Harbor Systems Inc. 1,Mid-Market,Education,11,2022-10-26
9840,Beacon Foods LLC 2,SMB,Technology,18,2023-06-18
9841,Pioneer Financial Ltd. 4,Enterprise,Manufacturing,28,2021-11-09
9842,Prime Technologies Inc. 2,SMB,Healthcare,30,2022-07-03
9843,Crestline Logistics Ltd. 3,SMB,Education,25,2021-01-05
9844,Union Partners Corp. 3,Mid-Market,Manufacturing,9,2022-01-02
9845,Delta Industries Co. 4,Mid-Market,Retail,18,2023-05-24
9846,Sterling Ventures Ltd. 2,Mid-Market,Technology,4,2024-09-06
9847,Meridian Systems Corp. 5,SMB,Manufacturing,15,2024-08-12
9848,Beacon Systems Co. 6,SMB,Technology,3,2019-01-30
9849,Beacon Foods Inc. 4,Mid-Market,Finance,30,2022-09-29
9850,Apex Group Corp. 3,Mid-Market,Professional Services,14,2021-08-12
9851,Ironclad Health LLC 4,Mid-Market,Education,22,2023-04-01
9852,Anchor Manufacturing Corp. 1,Enterprise,Technology,4,2025-03-03
9853,Union Logistics Corp. 4,SMB,Finance,29,2024-06-03
9854,Prime Networks Corp. 4,Mid-Market,Professional Services,16,2021-04-25
9855,Nova Dynamics LLC 6,Mid-Market,Healthcare,3,2024-03-04
9856,Crestline Holdings Ltd. 1,SMB,Education,12,2019-09-17
9857,Bluepeak Analytics Inc. 4,SMB,Finance,7,2019-11-24
9858,Granite Consulting Inc. 2,SMB,Manufacturing,3,2020-07-30
9859,Union Systems Inc. 6,Enterprise,Professional Services,1,2021-10-18
9860,Everest Partners Corp. 2,SMB,Retail,22,2022-07-29
9861,Global Retail Corp. 6,SMB,Healthcare,27,2021-10-13
9862,Catalyst Enterprises Co. 6,SMB,Technology,20,2023-05-24
9863,Vertex Group LLC 2,Enterprise,Healthcare,21,2019-11-14
9864,Ironclad Holdings Corp.,SMB,Finance,2,2022-08-25
9865,Cascade Technologies Co. 2,SMB,Technology,6,2020-11-27
9866,Everest Retail Ltd. 1,SMB,Professional Services,2,2021-07-21
9867,Palisade Partners Co. 4,SMB,Technology,30,2022-07-24
9868,Orbit Group Corp. 5,SMB,Manufacturing,23,2019-12-06
9869,Redwood Industries Inc. 3,SMB,Professional Services,29,2021-09-19
9870,Anchor Retail Corp. 2,SMB,Finance,28,2024-04-28
9871,Anchor Dynamics Ltd. 3,Mid-Market,Manufacturing,7,2020-12-10
9872,Brightpath Analytics Inc. 4,Mid-Market,Technology,16,2024-05-08
9873,Anchor Analytics Corp. 3,SMB,Education,20,2020-08-13
9874,Catalyst Dynamics Corp. 3,SMB,Professional Services,23,2024-04-11
9875,Global Enterprises Co. 2,SMB,Education,21,2020-05-11
9876,Cascade Solutions Co. 6,SMB,Healthcare,14,2025-08-28
9877,Granite Ventures Ltd. 5,SMB,Finance,1,2020-01-29
9878,Northwind Ventures LLC 2,SMB,Education,29,2025-12-30
9879,Delta Holdings LLC 1,Mid-Market,Education,21,2020-08-08
9880,Ironclad Technologies Corp. 4,SMB,Finance,26,2023-12-21
9881,Crestline Dynamics Inc. 4,Enterprise,Professional Services,7,2021-02-18
9882,Bluepeak Ventures Ltd. 2,SMB,Healthcare,4,2019-07-30
9883,Silverline Logistics Co. 2,SMB,Education,28,2019-03-05
9884,Pioneer Industries Inc. 4,Mid-Market,Manufacturing,25,2020-01-12
9885,Northwind Manufacturing Co. 2,Mid-Market,Retail,26,2021-11-09
9886,Palisade Analytics Inc. 2,Mid-Market,Retail,14,2023-01-23
9887,Granite Technologies Corp. 5,SMB,Manufacturing,28,2022-05-08
9888,Harbor Networks LLC 5,Mid-Market,Education,7,2023-05-31
9889,Cascade Foods Corp. 1,Enterprise,Education,23,2019-09-02
9890,Catalyst Partners Corp. 2,SMB,Education,15,2023-09-25
9891,Cascade Industries Corp. 2,Mid-Market,Technology,5,2024-06-29
9892,Delta Health Inc. 2,SMB,Finance,22,2020-08-12
9893,Granite Industries Ltd. 2,SMB,Education,11,2024-07-17
9894,Orbit Industries Co. 3,Enterprise,Professional Services,5,2020-10-01
9895,Union Holdings Corp. 3,Enterprise,Finance,22,2022-02-09
9896,Falcon Materials Co. 2,SMB,Education,24,2024-08-21
9897,Nova Ventures Inc. 3,SMB,Manufacturing,10,2023-10-23
9898,Prime Holdings Ltd. 5,Enterprise,Healthcare,30,2022-07-11
9899,Union Industries LLC 2,SMB,Professional Services,22,2021-08-02
9900,Vertex Financial Ltd. 3,SMB,Manufacturing,1,2022-12-11
9901,Catalyst Systems Corp. 2,Enterprise,Retail,11,2022-08-21
9902,Prime Health Inc. 3,SMB,Finance,30,2025-10-19
9903,Bluepeak Enterprises LLC 9,Mid-Market,Technology,6,2024-10-12
9904,Delta Technologies Corp. 1,Mid-Market,Manufacturing,29,2019-10-25
9905,Redwood Partners Co. 5,SMB,Education,16,2021-11-20
9906,Catalyst Partners Inc. 2,Mid-Market,Finance,21,2023-02-10
9907,Union Technologies Co. 4,Mid-Market,Professional Services,21,2023-12-08
9908,Redwood Networks Inc. 2,Mid-Market,Education,16,2020-03-29
9909,Redwood Ventures LLC 5,SMB,Retail,16,2024-10-24
9910,Delta Enterprises Inc. 5,SMB,Education,18,2023-05-30
9911,Insight Consulting Co. 5,SMB,Professional Services,20,2019-06-22
9912,Global Financial Corp. 5,Mid-Market,Education,23,2019-06-01
9913,Redwood Solutions Ltd. 4,SMB,Education,14,2023-10-20
9914,Catalyst Analytics Ltd. 2,SMB,Retail,14,2024-04-15
9915,Sterling Holdings Corp. 3,Mid-Market,Professional Services,24,2021-03-04
9916,Silverline Systems LLC 5,Enterprise,Technology,23,2020-02-18
9917,Catalyst Dynamics Inc. 1,SMB,Finance,20,2020-07-15
9918,Silverline Dynamics Corp. 2,Mid-Market,Professional Services,14,2021-09-29
9919,Nova Financial Corp. 2,SMB,Manufacturing,18,2023-06-04
9920,Crestline Partners Corp. 4,SMB,Technology,18,2020-04-24
9921,Summit Materials Co. 5,Enterprise,Education,14,2024-07-15
9922,Anchor Health Inc. 1,SMB,Retail,6,2020-09-28
9923,Insight Partners Ltd. 4,SMB,Professional Services,17,2024-08-31
9924,Cascade Technologies Inc. 6,Mid-Market,Technology,14,2025-06-19
9925,Anchor Financial Corp. 5,SMB,Healthcare,2,2020-02-24
9926,Insight Enterprises Ltd. 1,Mid-Market,Manufacturing,29,2025-06-03
9927,Cascade Enterprises Inc. 5,SMB,Healthcare,21,2023-12-08
9928,Falcon Analytics Corp. 4,Enterprise,Manufacturing,4,2025-03-17
9929,Global Dynamics LLC 4,Mid-Market,Finance,7,2021-06-05
9930,Palisade Logistics Corp. 2,Mid-Market,Healthcare,18,2025-01-16
9931,Nova Health Corp. 2,Mid-Market,Education,26,2022-05-03
9932,Catalyst Systems Corp. 3,Mid-Market,Technology,15,2020-04-29
9933,Global Analytics Ltd. 2,Enterprise,Professional Services,25,2025-12-22
9934,Delta Dynamics LLC 3,SMB,Healthcare,4,2025-08-20
9935,Cascade Logistics Co. 2,Enterprise,Retail,16,2019-11-16
9936,Prime Health Co. 2,Enterprise,Professional Services,25,2022-03-12
9937,Ironclad Consulting Corp. 3,Mid-Market,Technology,26,2025-11-25
9938,Insight Networks Co. 3,SMB,Professional Services,8,2022-11-02
9939,Nova Financial LLC 6,Mid-Market,Finance,21,2022-06-24
9940,Northwind Consulting LLC 1,SMB,Education,2,2020-05-14
9941,Sterling Technologies LLC 2,SMB,Education,5,2021-12-08
9942,Apex Industries Ltd.,Enterprise,Healthcare,28,2022-06-27
9943,Harbor Partners Inc. 1,SMB,Finance,23,2023-12-31
9944,Redwood Analytics LLC 2,Mid-Market,Professional Services,7,2022-02-24
9945,Insight Networks Inc. 6,SMB,Technology,30,2023-06-12
9946,Meridian Technologies Corp. 1,Enterprise,Technology,30,2019-09-17
9947,Delta Financial LLC 1,SMB,Finance,2,2024-05-06
9948,Northwind Technologies Co.,SMB,Retail,1,2019-01-09
9949,Orbit Industries Ltd. 5,Enterprise,Education,8,2023-06-30
9950,Bluepeak Dynamics Co. 5,Enterprise,Manufacturing,24,2024-10-13
9951,Ironclad Solutions Corp. 5,Mid-Market,Manufacturing,18,2024-05-13
9952,Horizon Manufacturing Corp. 2,Enterprise,Professional Services,16,2020-01-12
9953,Redwood Networks Co. 3,SMB,Healthcare,13,2024-11-27
9954,Everest Health Ltd. 9,SMB,Professional Services,15,2019-07-22
9955,Nova Technologies Co.,SMB,Finance,20,2019-06-19
9956,Catalyst Group Co. 2,SMB,Healthcare,2,2024-10-03
9957,Everest Ventures Inc. 4,SMB,Professional Services,18,2020-04-11
9958,Summit Ventures LLC 5,SMB,Retail,7,2022-02-16
9959,Palisade Dynamics Ltd. 3,Mid-Market,Manufacturing,24,2025-07-22
9960,Silverline Health Inc. 4,Mid-Market,Finance,6,2020-06-18
9961,Sterling Foods Inc. 4,Mid-Market,Manufacturing,3,2024-06-18
9962,Crestline Consulting Inc. 5,Mid-Market,Education,14,2023-02-02
9963,Horizon Analytics Inc. 1,Mid-Market,Healthcare,14,2021-11-02
9964,Crestline Logistics Ltd. 4,Enterprise,Healthcare,16,2022-03-19
9965,Nova Enterprises LLC 4,Mid-Market,Finance,26,2021-11-14
9966,Meridian Logistics Co. 4,Mid-Market,Manufacturing,21,2024-10-15
9967,Falcon Foods Inc. 4,Mid-Market,Education,11,2024-09-11
9968,Catalyst Systems Corp. 4,Mid-Market,Healthcare,22,2021-08-12
9969,Vertex Solutions Ltd. 5,Mid-Market,Education,16,2023-11-18
9970,Ironclad Enterprises LLC 5,Mid-Market,Professional Services,7,2022-09-21
9971,Apex Manufacturing Ltd. 5,SMB,Manufacturing,1,2024-03-27
9972,Summit Technologies Co. 2,SMB,Professional Services,1,2019-05-08
9973,Union Consulting Ltd. 4,Mid-Market,Professional Services,7,2021-05-08
9974,Northwind Systems Ltd. 4,Enterprise,Education,25,2021-05-08
9975,Anchor Holdings Corp. 3,Mid-Market,Finance,14,2023-03-06
9976,Nova Enterprises Co. 2,Mid-Market,Finance,14,2020-06-14
9977,Pioneer Systems Ltd. 3,Mid-Market,Professional Services,12,2022-09-21
9978,Anchor Consulting Inc. 5,SMB,Manufacturing,8,2025-11-09
9979,Horizon Logistics Ltd. 2,Mid-Market,Technology,22,2019-04-22
9980,Summit Manufacturing Inc. 6,Mid-Market,Education,1,2022-07-10
9981,Catalyst Logistics Co. 2,SMB,Finance,19,2019-12-20
9982,Anchor Ventures LLC 8,SMB,Professional Services,29,2023-01-28
9983,Granite Ventures Ltd. 6,Enterprise,Education,27,2020-09-07
9984,Brightpath Ventures Ltd. 2,Mid-Market,Technology,12,2025-04-25
9985,Silverline Holdings LLC 6,SMB,Professional Services,26,2021-03-23
9986,Palisade Ventures Co. 4,Enterprise,Professional Services,8,2025-09-15
9987,Catalyst Technologies Corp. 5,SMB,Education,8,2019-01-11
9988,Union Systems Corp. 2,SMB,Healthcare,11,2024-10-27
9989,Northwind Financial Corp. 3,Mid-Market,Retail,1,2020-10-30
9990,Falcon Technologies LLC 1,SMB,Professional Services,8,2020-05-30
9991,Anchor Solutions Inc. 5,Mid-Market,Education,26,2025-03-09
9992,Falcon Partners Co. 3,Mid-Market,Manufacturing,23,2021-02-16
9993,Ironclad Financial Co.,Mid-Market,Retail,10,2023-02-01
9994,Orbit Retail Co. 2,SMB,Finance,10,2024-02-27
9995,Everest Analytics Co. 4,Mid-Market,Healthcare,11,2021-12-07
9996,Union Technologies Ltd. 2,Enterprise,Retail,4,2019-09-17
9997,Catalyst Consulting Co. 6,SMB,Manufacturing,5,2025-06-15
9998,Falcon Foods Co. 3,Mid-Market,Healthcare,30,2023-07-14
9999,Crestline Partners LLC 6,SMB,Retail,21,2025-03-30
10000,Vertex Group Corp. 2,SMB,Finance,21,2024-05-16
